zip_code,square_footage,bedrooms,bathrooms,year_built,lot_size_acres,renovation_status,property_type,garage_spaces,price
98101,880,1,1.5,1978,0.018,None,Condo,2,389500.0
85001,2672,5,6.0,2015,0.08,None,Single Family,1,911300.0
60601,2150,4,5.0,1950,0.065,None,Townhouse,2,741200.0
33101,843,2,2.0,2015,0.016,Minor (Cosmetic),Condo,1,470700.0
94102,3086,5,6.0,1969,0.4,Full Gut Rehab,Single Family,2,2541700.0
94102,3241,5,6.0,2018,0.08,Full Gut Rehab,Multi-Family,2,3849000.0
90210,3284,5,6.0,2011,0.09,None,Single Family,1,2922300.0
30301,2348,4,5.0,1992,0.3,None,Single Family,2,743200.0
33101,1233,1,1.5,2021,0.049,None,Condo,1,568000.0
60601,2469,4,5.0,2013,0.86,Minor (Cosmetic),Single Family,1,1153000.0
90210,1756,3,3.5,1947,0.109,Major (Structural/Systems),Townhouse,2,1448900.0
85001,1916,3,3.5,1959,0.082,Major (Structural/Systems),Townhouse,2,624200.0
75001,3629,6,6.0,1951,0.12,Full Gut Rehab,Multi-Family,2,1238100.0
10001,1562,3,3.5,2006,0.43,Major (Structural/Systems),Single Family,1,1634100.0
10001,3575,6,6.0,2023,0.17,Minor (Cosmetic),Single Family,4,3751800.0
10001,550,1,1.0,1989,0.041,None,Condo,2,460600.0
02108,1986,3,4.0,1951,0.08,None,Single Family,0,1245400.0
78701,2429,3,4.0,1993,0.26,Minor (Cosmetic),Single Family,2,1155400.0
80202,2809,5,6.0,2019,0.14,Minor (Cosmetic),Single Family,1,1502700.0
02108,3682,5,6.0,1993,0.1,None,Single Family,2,2492100.0
33101,1106,2,2.5,2013,0.38,None,Single Family,2,672000.0
94102,1571,3,3.5,1958,0.093,None,Townhouse,2,1078600.0
02108,900,1,1.0,1953,0.043,None,Townhouse,1,497300.0
98101,2523,4,5.5,1991,1.03,Major (Structural/Systems),Single Family,2,1483100.0
80202,2703,4,5.0,2017,0.16,Minor (Cosmetic),Single Family,3,1406000.0
75001,3693,6,6.0,1961,0.87,Minor (Cosmetic),Single Family,2,1061500.0
10001,1854,4,4.5,1943,0.087,None,Townhouse,2,1581300.0
78701,3283,4,6.0,1998,0.37,Major (Structural/Systems),Single Family,0,1727400.0
33101,1304,2,2.5,1973,0.048,Minor (Cosmetic),Condo,1,569300.0
90210,2173,3,4.0,2003,0.6,Minor (Cosmetic),Single Family,2,1927900.0
33101,606,1,1.5,1957,0.016,None,Condo,1,263600.0
10001,2706,4,5.5,2021,0.08,Major (Structural/Systems),Single Family,0,3290400.0
90210,577,1,1.5,1970,0.022,Major (Structural/Systems),Condo,1,465800.0
85001,3471,5,6.0,2023,0.23,Major (Structural/Systems),Single Family,2,1369400.0
85001,1043,1,1.5,1981,0.039,Minor (Cosmetic),Condo,1,278300.0
75001,3396,7,6.0,2013,0.38,None,Single Family,2,1045200.0
02108,931,2,2.0,1942,0.023,None,Condo,2,530800.0
94102,1920,3,3.5,2024,0.083,None,Townhouse,3,1565200.0
60601,2657,4,5.0,1994,0.37,None,Single Family,2,1030900.0
80202,1779,3,4.0,1949,0.081,None,Townhouse,4,751700.0
94102,948,1,1.5,2010,0.038,None,Condo,0,718000.0
78701,2794,3,5.0,1961,0.23,Major (Structural/Systems),Single Family,0,1281100.0
90210,1805,2,3.0,1962,0.26,Minor (Cosmetic),Single Family,1,1403700.0
30301,1592,3,3.5,2015,0.99,Major (Structural/Systems),Single Family,2,695400.0
02108,1534,3,4.0,1952,0.026,None,Condo,1,853000.0
33101,1354,2,2.5,1979,0.04,None,Condo,1,528900.0
02108,2549,4,5.5,1952,0.14,None,Single Family,2,1505300.0
78701,3748,6,6.0,1990,0.14,Major (Structural/Systems),Single Family,2,1895000.0
78701,1679,3,4.0,2003,0.114,None,Townhouse,2,814200.0
10001,2395,4,5.5,2022,0.096,None,Townhouse,1,2518000.0
85001,2631,5,6.0,2024,0.93,None,Single Family,2,991000.0
75001,2380,4,4.5,1952,1.83,Minor (Cosmetic),Multi-Family,2,771900.0
85001,3886,5,6.0,1968,0.08,Minor (Cosmetic),Single Family,1,1063100.0
30301,3243,5,6.0,2010,1.43,None,Single Family,3,1145400.0
33101,1745,3,4.0,1986,0.048,Minor (Cosmetic),Townhouse,2,855400.0
30301,3045,5,6.0,1965,0.08,Minor (Cosmetic),Single Family,1,886900.0
94102,2197,4,5.0,2009,0.51,None,Single Family,1,1718200.0
10001,3121,5,6.0,1962,0.15,Minor (Cosmetic),Single Family,1,2804400.0
90210,900,2,2.0,2014,0.113,None,Townhouse,3,837400.0
98101,1341,3,3.5,1995,0.084,Full Gut Rehab,Townhouse,1,849200.0
98101,3234,5,6.0,2024,0.17,Major (Structural/Systems),Single Family,2,2317100.0
02108,2312,3,4.5,1958,0.08,Minor (Cosmetic),Single Family,1,1583200.0
75001,2655,4,5.0,1989,0.22,None,Single Family,2,778700.0
98101,628,2,2.5,1974,0.021,Minor (Cosmetic),Condo,0,325700.0
02108,3885,6,6.0,1988,0.08,Major (Structural/Systems),Single Family,2,2709800.0
78701,1516,3,3.5,1985,0.037,Major (Structural/Systems),Condo,1,728100.0
94102,2349,4,5.0,2009,1.33,Major (Structural/Systems),Single Family,2,2191300.0
75001,2196,3,4.0,1992,0.17,None,Single Family,2,642900.0
90210,3272,5,6.0,1970,0.12,None,Single Family,3,2459100.0
85001,3986,6,6.0,2023,0.08,Minor (Cosmetic),Single Family,2,1548100.0
75001,2229,2,4.0,1961,0.058,None,Townhouse,3,590700.0
10001,4128,6,6.0,2006,0.12,None,Single Family,1,3834200.0
90210,1808,3,3.5,1947,0.15,Minor (Cosmetic),Single Family,1,1439900.0
75001,1885,3,4.0,1958,0.35,None,Single Family,2,544400.0
60601,1608,2,3.0,1970,0.08,Major (Structural/Systems),Single Family,3,709800.0
60601,2831,4,5.5,1971,0.08,Major (Structural/Systems),Single Family,1,1116200.0
75001,2631,4,5.5,2018,0.93,Minor (Cosmetic),Single Family,1,960600.0
90210,2386,4,5.0,1994,0.56,Major (Structural/Systems),Single Family,2,2243200.0
98101,1383,3,3.0,1970,0.021,Minor (Cosmetic),Condo,1,653000.0
94102,3424,6,6.0,2006,0.36,Minor (Cosmetic),Single Family,2,2853700.0
30301,1355,2,2.5,1990,0.31,None,Single Family,2,427100.0
33101,2722,3,4.0,2013,0.48,Major (Structural/Systems),Multi-Family,2,1742000.0
98101,3115,5,6.0,1966,0.69,Minor (Cosmetic),Single Family,2,1569500.0
90210,2149,4,4.5,1987,0.15,Minor (Cosmetic),Single Family,3,1871100.0
02108,1901,3,4.0,1982,0.38,None,Single Family,3,1178000.0
98101,3263,4,6.0,1990,0.57,None,Single Family,0,1652800.0
60601,648,1,1.5,2008,0.038,Major (Structural/Systems),Condo,1,285400.0
33101,2273,4,4.5,2014,0.89,Full Gut Rehab,Single Family,0,1418400.0
30301,1215,1,2.0,2010,0.03,Major (Structural/Systems),Condo,2,451500.0
80202,2069,2,3.0,2011,0.57,Major (Structural/Systems),Single Family,2,1086600.0
94102,3087,5,6.0,2020,0.84,None,Single Family,3,2804800.0
60601,900,1,1.5,1989,0.032,None,Condo,0,275600.0
60601,3556,5,6.0,2000,0.08,Major (Structural/Systems),Single Family,1,1558000.0
78701,1055,1,1.5,1980,0.043,None,Condo,2,416400.0
75001,3003,5,6.0,1990,0.65,None,Single Family,3,858500.0
78701,1361,2,3.0,2017,0.026,Major (Structural/Systems),Condo,1,721800.0
78701,2029,3,4.0,1963,0.09,Minor (Cosmetic),Single Family,1,863000.0
80202,900,1,1.0,1969,0.118,None,Townhouse,1,329700.0
90210,2770,3,4.5,1991,0.28,Minor (Cosmetic),Single Family,2,2363600.0
94102,1832,3,3.5,1989,0.081,Major (Structural/Systems),Townhouse,2,1548700.0
90210,2916,3,4.5,1996,1.02,Major (Structural/Systems),Single Family,3,2757900.0
33101,1020,1,1.5,2001,0.026,Minor (Cosmetic),Condo,0,474000.0
02108,2177,4,4.5,2018,0.66,Full Gut Rehab,Single Family,1,1987600.0
78701,2703,4,5.5,1992,0.096,Minor (Cosmetic),Townhouse,2,1321400.0
30301,1395,3,3.5,2007,1.2,None,Single Family,1,538100.0
10001,3050,5,6.0,2016,0.2,Minor (Cosmetic),Single Family,2,3284900.0
80202,2069,2,2.5,2008,0.83,None,Single Family,2,944100.0
60601,2248,3,4.0,1970,0.29,None,Single Family,2,819400.0
10001,2262,2,3.5,2015,0.23,None,Single Family,2,2196600.0
90210,1438,2,3.0,1969,0.064,None,Townhouse,3,1082300.0
02108,3656,6,6.0,1949,0.28,Minor (Cosmetic),Multi-Family,2,2446100.0
10001,3542,4,6.0,1983,0.3,None,Single Family,0,2807000.0
30301,2011,4,5.0,1945,0.112,None,Townhouse,1,539900.0
75001,2577,4,5.0,1966,0.43,None,Single Family,4,760100.0
33101,1760,2,2.5,1959,0.61,None,Single Family,2,812700.0
30301,1280,3,3.0,1959,0.041,None,Condo,1,339300.0
75001,1854,2,3.0,1951,0.021,None,Condo,2,435400.0
10001,2895,4,5.0,2024,0.08,Minor (Cosmetic),Multi-Family,2,3316900.0
30301,2218,2,3.5,1988,0.1,None,Single Family,1,632500.0
78701,903,2,2.5,1991,0.016,Minor (Cosmetic),Condo,0,356900.0
75001,2132,3,3.5,1949,0.17,Major (Structural/Systems),Single Family,4,728900.0
30301,800,2,2.0,1944,0.37,None,Single Family,2,274300.0
02108,2803,4,5.5,2003,0.27,None,Single Family,2,2143300.0
94102,2523,4,5.0,1997,0.4,Minor (Cosmetic),Multi-Family,3,2243500.0
10001,1075,2,2.0,1947,0.068,Major (Structural/Systems),Townhouse,2,892700.0
80202,1363,2,3.0,1969,0.018,Full Gut Rehab,Condo,1,583500.0
75001,1688,3,3.5,1956,0.08,None,Single Family,2,479200.0
30301,2245,3,4.0,2006,0.32,None,Single Family,2,702800.0
90210,3599,6,6.0,1960,0.08,None,Single Family,2,2540200.0
78701,1443,2,2.5,1955,0.18,Minor (Cosmetic),Single Family,0,561400.0
80202,1350,2,3.0,1966,0.08,Minor (Cosmetic),Single Family,3,596500.0
10001,1194,1,2.5,1945,0.037,Full Gut Rehab,Condo,2,1151300.0
94102,3362,4,6.0,1981,0.33,Major (Structural/Systems),Single Family,2,2584000.0
98101,1319,3,4.0,1955,0.17,Minor (Cosmetic),Single Family,2,762900.0
85001,2805,4,5.5,1984,0.08,None,Single Family,2,805500.0
98101,2935,5,6.0,1942,0.08,None,Single Family,2,1506000.0
78701,955,1,1.5,1979,0.22,Minor (Cosmetic),Single Family,2,427200.0
60601,2159,3,3.5,1959,0.118,Major (Structural/Systems),Townhouse,2,831500.0
98101,1406,2,3.0,1946,0.021,Minor (Cosmetic),Condo,1,656200.0
85001,1659,2,2.5,1998,0.055,None,Townhouse,1,487300.0
85001,3439,5,6.0,1950,0.09,Minor (Cosmetic),Single Family,1,981800.0
02108,3352,6,6.0,1991,0.43,Minor (Cosmetic),Single Family,2,2431600.0
78701,2577,4,5.5,1942,0.86,Minor (Cosmetic),Single Family,2,1179400.0
02108,1596,3,4.0,1960,0.046,Major (Structural/Systems),Townhouse,2,1073500.0
02108,759,1,1.5,1992,0.04,None,Condo,0,435700.0
90210,2471,3,4.5,1969,0.24,Minor (Cosmetic),Single Family,0,1936400.0
33101,2927,5,6.0,1950,0.61,Full Gut Rehab,Single Family,1,1673200.0
78701,2256,3,3.5,2020,0.19,Major (Structural/Systems),Single Family,1,1285700.0
90210,550,1,1.5,1964,0.01,None,Condo,2,413700.0
02108,2370,3,4.0,1989,0.095,Minor (Cosmetic),Townhouse,2,1516100.0
30301,1166,3,3.0,1948,0.042,Minor (Cosmetic),Condo,0,331500.0
10001,2215,4,4.5,1984,0.81,None,Single Family,2,1835500.0
94102,3142,4,5.5,1968,0.29,None,Single Family,2,2084200.0
80202,3643,6,6.0,2001,0.08,Major (Structural/Systems),Single Family,4,2002400.0
85001,800,1,1.5,1954,0.16,Minor (Cosmetic),Single Family,1,257700.0
10001,2825,5,6.0,1958,0.54,Minor (Cosmetic),Single Family,1,2480800.0
33101,600,1,1.5,1954,0.03,None,Condo,1,272400.0
60601,1274,1,2.5,1978,0.038,None,Condo,2,417800.0
10001,2595,4,4.5,1974,0.08,Full Gut Rehab,Single Family,1,2648800.0
60601,2086,3,4.5,1952,0.046,None,Townhouse,1,699700.0
98101,2125,4,4.5,1955,0.4,None,Single Family,1,1067800.0
33101,1095,2,2.5,2006,0.12,None,Single Family,2,589600.0
33101,2162,3,4.0,1994,0.17,None,Single Family,2,1027800.0
78701,2805,5,6.0,2004,0.36,Minor (Cosmetic),Single Family,3,1476000.0
94102,3261,5,6.0,1974,0.08,Minor (Cosmetic),Single Family,3,2280100.0
75001,1621,3,4.0,1955,0.63,Minor (Cosmetic),Single Family,2,497300.0
98101,3270,6,6.0,1940,0.08,Minor (Cosmetic),Single Family,3,1775500.0
10001,2681,4,5.0,1989,0.46,Minor (Cosmetic),Multi-Family,1,2708600.0
90210,2771,5,6.0,1953,0.12,None,Single Family,2,2189100.0
33101,2117,3,4.5,2001,0.11,Major (Structural/Systems),Single Family,3,1235600.0
33101,2636,4,5.5,1946,0.6,Minor (Cosmetic),Single Family,2,1199800.0
90210,1412,2,2.5,1962,0.032,None,Condo,0,867600.0
78701,1579,2,2.5,2002,0.08,None,Single Family,1,754600.0
10001,1494,4,4.0,1968,0.04,Minor (Cosmetic),Townhouse,2,1297800.0
33101,2638,4,5.5,1961,1.26,None,Single Family,3,1276300.0
10001,4301,7,6.0,2019,0.2,Full Gut Rehab,Single Family,2,5468500.0
60601,797,1,1.0,1945,0.026,Minor (Cosmetic),Condo,0,256600.0
98101,4030,6,6.0,2021,0.08,Full Gut Rehab,Single Family,2,3261500.0
85001,4003,7,6.0,1968,0.79,Major (Structural/Systems),Single Family,3,1299700.0
94102,2427,3,4.0,1941,0.08,Major (Structural/Systems),Single Family,2,1849300.0
98101,995,1,1.5,2003,0.023,None,Condo,0,494300.0
94102,1980,3,4.5,1975,0.19,None,Single Family,3,1431400.0
30301,2448,4,5.0,1959,0.58,Minor (Cosmetic),Single Family,3,752300.0
30301,2074,4,4.5,1994,0.16,Minor (Cosmetic),Multi-Family,2,776000.0
02108,2442,5,5.5,1976,0.27,Full Gut Rehab,Single Family,2,1854400.0
33101,2473,4,5.0,1991,0.074,None,Townhouse,2,1150800.0
75001,886,1,1.5,2008,0.022,Minor (Cosmetic),Condo,2,268100.0
78701,2319,3,4.5,2009,1.02,Major (Structural/Systems),Single Family,3,1265800.0
78701,1224,2,3.0,1961,0.56,Minor (Cosmetic),Single Family,3,617700.0
10001,2780,5,5.5,2024,0.08,Full Gut Rehab,Single Family,1,3829800.0
94102,1192,2,2.5,2022,0.032,None,Condo,2,966200.0
30301,1122,2,3.0,1954,0.042,Minor (Cosmetic),Condo,1,356400.0
30301,1024,2,3.0,1986,0.033,Major (Structural/Systems),Condo,2,342700.0
33101,1668,3,3.5,2010,0.08,None,Townhouse,2,836500.0
98101,1275,2,3.5,2020,0.013,None,Condo,2,763100.0
98101,2478,4,5.0,2008,0.08,None,Single Family,1,1449800.0
60601,2736,3,5.0,1991,0.1,None,Single Family,2,977800.0
30301,1896,3,4.0,1978,0.081,None,Townhouse,1,536500.0
30301,3342,5,6.0,1941,1.53,None,Single Family,1,964500.0
75001,3007,5,6.0,1984,0.57,Minor (Cosmetic),Single Family,2,899000.0
33101,1167,2,2.5,1963,0.014,None,Condo,1,491100.0
94102,3638,6,6.0,2000,0.44,Full Gut Rehab,Single Family,2,3732300.0
10001,1989,3,3.5,2004,0.105,Minor (Cosmetic),Townhouse,1,1785700.0
30301,1556,2,2.5,1992,0.027,None,Condo,0,415100.0
33101,2955,4,5.5,1960,0.14,Minor (Cosmetic),Single Family,1,1408800.0
90210,971,1,2.0,2006,0.087,Major (Structural/Systems),Townhouse,2,1026600.0
94102,3478,5,6.0,1940,0.26,None,Single Family,2,2482600.0
33101,2601,4,5.0,1998,0.11,Major (Structural/Systems),Single Family,2,1517700.0
90210,2461,4,5.0,1986,0.18,Minor (Cosmetic),Single Family,4,1904000.0
10001,2711,4,5.5,1957,0.28,Major (Structural/Systems),Single Family,0,2534000.0
78701,2241,4,5.5,1972,0.3,Minor (Cosmetic),Single Family,1,1049500.0
60601,2670,4,5.5,1954,0.27,Minor (Cosmetic),Single Family,2,963000.0
33101,2056,4,4.5,1963,0.66,None,Single Family,3,957100.0
10001,3455,6,6.0,1975,0.08,None,Single Family,0,2868700.0
60601,1060,2,2.5,1999,0.023,Minor (Cosmetic),Condo,2,449100.0
10001,1627,1,2.0,1973,0.1,None,Townhouse,2,1146800.0
98101,1806,3,3.5,1990,0.37,Minor (Cosmetic),Single Family,2,1027800.0
60601,2701,5,6.0,1979,0.88,Minor (Cosmetic),Single Family,3,1072300.0
33101,2640,4,5.5,1961,0.31,None,Single Family,1,1244300.0
75001,2791,4,5.0,1955,0.36,None,Single Family,2,799100.0
33101,740,1,1.5,1981,0.038,None,Condo,2,328300.0
78701,550,1,1.0,1955,0.017,Minor (Cosmetic),Condo,2,237300.0
94102,2969,4,6.0,1944,0.49,Minor (Cosmetic),Single Family,2,2141300.0
98101,3613,5,6.0,1945,0.12,Minor (Cosmetic),Single Family,3,1750300.0
02108,1730,2,3.0,1981,0.19,None,Single Family,2,991000.0
10001,1656,2,2.5,1969,0.011,Major (Structural/Systems),Condo,1,1499400.0
85001,2712,4,6.0,1971,0.65,Minor (Cosmetic),Single Family,1,853000.0
98101,3194,5,6.0,1992,1.07,Minor (Cosmetic),Multi-Family,2,1958300.0
30301,960,1,1.0,1958,0.012,None,Condo,1,236500.0
33101,1461,3,3.0,1990,0.35,Minor (Cosmetic),Single Family,2,772600.0
75001,1445,3,3.5,1967,0.048,Major (Structural/Systems),Condo,2,454300.0
78701,1450,3,3.0,1986,0.089,None,Townhouse,3,616100.0
78701,827,2,2.0,2011,0.042,Minor (Cosmetic),Condo,1,438500.0
78701,3243,5,6.0,1940,0.08,Minor (Cosmetic),Single Family,2,1375900.0
10001,1087,1,1.5,2007,0.1,None,Single Family,2,955500.0
60601,1114,2,2.5,1996,0.068,Major (Structural/Systems),Townhouse,3,487400.0
02108,1093,2,2.0,1961,0.049,None,Condo,0,593800.0
90210,1202,2,2.0,1997,0.041,Minor (Cosmetic),Condo,1,981300.0
33101,2018,3,4.0,1952,0.111,None,Townhouse,3,912400.0
10001,1664,2,3.0,1978,0.079,Minor (Cosmetic),Townhouse,2,1406500.0
85001,2938,4,6.0,1966,0.097,None,Townhouse,2,794500.0
85001,2329,4,4.5,1978,0.46,None,Single Family,2,744000.0
30301,2326,3,4.5,2011,0.29,None,Single Family,2,799600.0
98101,821,1,1.0,1951,0.045,Minor (Cosmetic),Condo,2,397000.0
90210,1143,2,3.0,1963,0.016,None,Condo,2,782600.0
30301,1315,2,2.5,1957,0.012,None,Condo,1,336500.0
80202,3402,6,6.0,1954,0.13,None,Single Family,0,1339700.0
85001,578,1,1.5,1999,0.014,Major (Structural/Systems),Condo,1,215100.0
85001,1013,2,2.0,1955,0.012,Minor (Cosmetic),Condo,0,267100.0
30301,2835,5,6.0,2013,0.19,None,Single Family,1,954300.0
02108,2940,4,5.5,1986,0.08,Minor (Cosmetic),Single Family,3,1919400.0
98101,2504,4,5.5,1963,0.55,Minor (Cosmetic),Single Family,2,1404400.0
30301,2906,4,6.0,1984,0.3,Major (Structural/Systems),Single Family,0,954600.0
02108,1893,4,4.5,1958,0.16,None,Single Family,3,1182300.0
10001,3668,5,6.0,1980,0.12,None,Single Family,3,2807700.0
78701,3244,5,6.0,1970,0.29,Minor (Cosmetic),Single Family,3,1447300.0
85001,629,1,1.0,2024,0.027,None,Condo,2,227300.0
60601,723,1,1.0,1955,0.012,None,Condo,0,205600.0
78701,1328,3,4.0,1962,0.093,Major (Structural/Systems),Townhouse,2,669500.0
94102,3008,5,6.0,2017,0.24,None,Single Family,1,2532300.0
33101,1536,2,3.0,1962,0.11,None,Single Family,2,691600.0
85001,1651,2,3.0,1980,0.063,Minor (Cosmetic),Townhouse,1,482200.0
94102,2841,5,6.0,1957,0.21,None,Single Family,3,2014500.0
78701,3147,4,5.5,1975,0.62,Minor (Cosmetic),Multi-Family,3,1435300.0
30301,1916,3,4.0,1951,0.074,Major (Structural/Systems),Townhouse,2,599500.0
60601,1700,2,2.5,2014,0.64,Minor (Cosmetic),Single Family,2,808300.0
60601,3675,5,6.0,2008,0.19,Minor (Cosmetic),Multi-Family,3,1753700.0
60601,2040,4,5.0,1990,0.62,Minor (Cosmetic),Single Family,2,917300.0
98101,2256,4,5.0,2024,0.94,Major (Structural/Systems),Single Family,2,1756900.0
02108,1183,2,2.5,1971,0.011,None,Condo,0,660600.0
75001,2577,3,4.5,2010,0.08,Minor (Cosmetic),Single Family,4,864000.0
75001,1810,3,4.0,1975,0.051,Major (Structural/Systems),Townhouse,3,542800.0
30301,1937,3,4.0,1979,0.08,Major (Structural/Systems),Single Family,2,662200.0
30301,2275,3,4.0,2009,0.21,None,Single Family,2,750500.0
78701,1100,2,2.5,1977,0.041,Major (Structural/Systems),Condo,1,464900.0
78701,618,1,1.5,1993,0.048,None,Condo,0,257900.0
75001,2153,3,4.5,1943,0.19,Minor (Cosmetic),Single Family,1,636600.0
33101,2790,4,5.0,1985,0.41,Full Gut Rehab,Single Family,1,1523600.0
60601,1225,1,2.0,2002,0.091,Minor (Cosmetic),Townhouse,2,485100.0
75001,3367,4,6.0,2013,0.17,Major (Structural/Systems),Single Family,1,1199800.0
30301,2371,4,5.0,1989,0.098,Major (Structural/Systems),Townhouse,2,771100.0
98101,664,1,1.5,1969,0.034,Major (Structural/Systems),Condo,1,356400.0
98101,1575,3,4.0,2012,0.04,Full Gut Rehab,Condo,2,1103400.0
94102,1049,2,2.0,1955,0.018,None,Condo,1,679600.0
78701,2813,5,6.0,1991,0.16,None,Single Family,2,1254800.0
90210,926,2,2.5,1943,0.037,Minor (Cosmetic),Condo,2,716500.0
80202,2215,3,4.5,1965,0.05,Full Gut Rehab,Townhouse,3,1052800.0
78701,2804,3,4.0,1968,0.51,Minor (Cosmetic),Single Family,1,1196900.0
02108,2548,3,4.5,1950,0.08,Major (Structural/Systems),Multi-Family,2,1944800.0
33101,1626,3,4.0,1963,0.14,Major (Structural/Systems),Single Family,2,797300.0
90210,1404,2,3.0,1990,0.09,Minor (Cosmetic),Single Family,2,1161100.0
90210,2640,4,5.0,1981,0.08,Minor (Cosmetic),Single Family,3,2168100.0
75001,3657,5,6.0,1978,0.11,Minor (Cosmetic),Multi-Family,0,978000.0
98101,2988,5,6.0,1946,0.85,None,Single Family,0,1507400.0
94102,1746,3,3.5,1957,0.042,Major (Structural/Systems),Townhouse,1,1390100.0
78701,1279,2,2.0,1942,0.041,None,Townhouse,3,551600.0
60601,1988,4,5.0,2002,0.43,Major (Structural/Systems),Single Family,2,983900.0
10001,3364,5,6.0,1959,0.16,None,Single Family,2,2815300.0
33101,930,2,2.0,2012,0.019,None,Condo,1,487400.0
94102,2607,4,5.0,2013,0.25,None,Single Family,1,2121800.0
90210,723,1,1.0,2009,0.021,Major (Structural/Systems),Condo,0,672300.0
78701,2752,4,5.5,1956,0.17,None,Single Family,3,1101000.0
78701,2156,3,4.5,2018,0.44,Major (Structural/Systems),Single Family,1,1320600.0
33101,1466,2,2.5,1998,0.015,None,Condo,2,663700.0
60601,3080,5,6.0,1993,1.12,Minor (Cosmetic),Single Family,4,1344400.0
85001,2128,4,5.0,1952,0.08,None,Single Family,2,665200.0
78701,2405,3,5.0,1981,0.57,None,Single Family,2,1055400.0
98101,2086,4,5.0,1983,0.45,None,Single Family,2,1099800.0
75001,1435,3,3.5,2019,0.12,Minor (Cosmetic),Single Family,0,502200.0
02108,1414,2,2.5,2006,0.049,None,Townhouse,3,983000.0
80202,2648,5,5.5,2011,0.67,None,Single Family,2,1222800.0
90210,2743,4,5.0,1959,0.4,None,Single Family,2,2029000.0
90210,1151,3,3.0,1986,0.022,None,Condo,0,803700.0
85001,2273,4,5.0,1963,0.08,Minor (Cosmetic),Single Family,4,721900.0
75001,3199,5,6.0,1990,0.98,None,Single Family,3,927700.0
60601,1828,2,3.0,1957,0.072,Minor (Cosmetic),Townhouse,2,611800.0
98101,1346,2,2.5,1962,0.017,Major (Structural/Systems),Condo,2,674500.0
10001,550,1,1.0,1940,0.046,Minor (Cosmetic),Condo,2,441200.0
94102,550,1,1.5,2005,0.024,None,Condo,0,408000.0
02108,2712,4,5.0,1944,0.22,Minor (Cosmetic),Single Family,2,1648400.0
78701,601,1,1.0,1957,0.038,Major (Structural/Systems),Condo,1,269500.0
60601,2340,4,5.0,2019,0.6,Minor (Cosmetic),Single Family,2,1111300.0
33101,2273,4,5.5,2013,0.08,Minor (Cosmetic),Single Family,1,1299000.0
02108,3690,5,6.0,1974,0.8,None,Single Family,3,2306300.0
85001,2799,5,5.5,1964,0.94,None,Single Family,2,962900.0
60601,2624,4,5.0,1963,0.11,Full Gut Rehab,Single Family,2,1193300.0
78701,3869,5,6.0,1952,0.24,Major (Structural/Systems),Multi-Family,0,1875100.0
33101,2776,5,6.0,1960,0.68,None,Single Family,2,1241600.0
80202,2156,3,4.5,1978,0.23,None,Single Family,2,859100.0
10001,3303,5,6.0,1973,0.23,None,Single Family,2,2662400.0
98101,1667,2,2.5,1958,0.34,Full Gut Rehab,Single Family,2,1028500.0
60601,1213,1,1.5,1967,0.041,Minor (Cosmetic),Condo,0,375400.0
90210,1339,2,3.0,1950,0.38,Major (Structural/Systems),Single Family,2,1198100.0
94102,2652,4,5.0,1988,0.34,Minor (Cosmetic),Single Family,2,2032400.0
90210,2644,3,4.5,1974,0.16,Major (Structural/Systems),Single Family,4,2303900.0
90210,1686,3,3.5,2023,0.035,None,Condo,1,1503000.0
30301,1326,1,2.0,2015,0.08,Minor (Cosmetic),Single Family,2,478800.0
60601,2049,3,4.0,1996,0.18,None,Single Family,4,790900.0
80202,3117,5,6.0,1967,0.08,Full Gut Rehab,Single Family,2,1575200.0
94102,2751,4,5.5,2005,0.27,None,Single Family,0,2238600.0
78701,2635,3,4.5,2004,0.11,Minor (Cosmetic),Single Family,3,1305600.0
80202,765,1,1.0,2012,0.03,Major (Structural/Systems),Condo,2,398100.0
10001,893,1,1.0,1961,0.041,Major (Structural/Systems),Condo,0,714000.0
80202,2360,4,4.5,1990,0.075,Major (Structural/Systems),Townhouse,1,1056100.0
98101,2461,4,5.0,1948,0.09,None,Single Family,3,1209400.0
33101,2781,4,5.0,2010,0.09,Full Gut Rehab,Single Family,2,1771600.0
33101,2413,3,4.5,1975,0.83,Minor (Cosmetic),Single Family,1,1211300.0
90210,2253,4,5.0,1993,0.53,Major (Structural/Systems),Multi-Family,2,2323600.0
98101,1426,1,2.0,1977,0.011,Full Gut Rehab,Condo,1,746200.0
33101,1276,2,2.5,2005,0.048,None,Condo,1,596000.0
78701,4229,7,6.0,1982,0.08,Minor (Cosmetic),Single Family,2,1852600.0
30301,1738,2,3.5,1944,0.37,Minor (Cosmetic),Single Family,2,570700.0
33101,3116,4,5.5,2020,0.28,Major (Structural/Systems),Single Family,2,2020700.0
10001,640,1,1.0,1976,0.012,Minor (Cosmetic),Condo,1,495800.0
90210,1870,2,3.5,1997,0.064,None,Townhouse,0,1513400.0
33101,3981,6,6.0,2002,0.52,Major (Structural/Systems),Multi-Family,1,2453000.0
90210,945,2,2.0,1990,0.13,Minor (Cosmetic),Single Family,2,814100.0
78701,2346,4,5.0,2011,0.23,Major (Structural/Systems),Single Family,1,1283600.0
85001,1546,1,2.0,1982,0.096,Minor (Cosmetic),Townhouse,2,436000.0
78701,854,2,2.0,2006,0.013,None,Condo,2,391800.0
98101,2788,4,5.5,2006,0.63,Full Gut Rehab,Single Family,3,1932900.0
33101,3340,5,6.0,2004,0.08,Minor (Cosmetic),Single Family,2,1780200.0
80202,2400,4,5.0,2001,0.11,Minor (Cosmetic),Single Family,2,1130100.0
78701,2654,4,5.0,2002,0.5,Major (Structural/Systems),Single Family,1,1493600.0
85001,2585,5,6.0,1969,0.85,Minor (Cosmetic),Single Family,1,860300.0
98101,1100,1,2.0,1977,0.04,Minor (Cosmetic),Condo,0,516700.0
85001,1682,3,3.5,1990,0.09,None,Single Family,4,582900.0
30301,3331,5,6.0,1977,1.49,Full Gut Rehab,Single Family,2,1154900.0
10001,2721,4,5.5,2006,0.19,None,Single Family,1,2496700.0
90210,1977,3,3.5,2016,0.07,None,Townhouse,2,1747000.0
94102,817,2,2.0,1987,0.045,Major (Structural/Systems),Condo,1,599900.0
90210,2155,3,4.0,1951,0.08,Minor (Cosmetic),Single Family,2,1587300.0
94102,1720,4,5.0,1959,0.084,None,Townhouse,3,1205500.0
60601,1109,1,2.0,2011,0.117,None,Townhouse,2,445500.0
90210,1233,1,1.5,1941,0.08,Full Gut Rehab,Single Family,2,995900.0
02108,2049,3,3.5,2014,0.27,Minor (Cosmetic),Single Family,1,1491300.0
75001,1282,3,3.0,2024,0.015,Minor (Cosmetic),Condo,0,411100.0
90210,1506,2,3.0,1994,0.111,Major (Structural/Systems),Townhouse,2,1383800.0
75001,2384,4,5.5,1945,0.31,Minor (Cosmetic),Multi-Family,1,734800.0
02108,1433,3,3.5,2022,0.059,None,Townhouse,2,1129000.0
94102,940,1,1.0,2001,0.022,None,Condo,1,630700.0
60601,2234,3,4.0,1988,0.25,Major (Structural/Systems),Single Family,2,918700.0
33101,4124,6,6.0,2023,0.45,Minor (Cosmetic),Single Family,1,2599700.0
30301,3290,6,6.0,1993,0.23,None,Single Family,2,1040800.0
60601,3268,5,6.0,1949,0.08,Minor (Cosmetic),Single Family,3,1255800.0
75001,1509,3,3.5,1963,0.038,None,Condo,0,371000.0
02108,750,2,2.5,1968,0.015,Full Gut Rehab,Condo,2,561800.0
10001,672,1,1.5,1945,0.042,None,Condo,1,499400.0
60601,1669,3,4.0,1997,0.18,Minor (Cosmetic),Single Family,2,707400.0
75001,1567,2,2.0,2017,0.036,Minor (Cosmetic),Condo,1,472800.0
85001,2089,3,3.5,1996,0.15,Minor (Cosmetic),Single Family,2,707300.0
80202,1561,5,5.0,1942,0.39,Minor (Cosmetic),Single Family,2,747700.0
98101,949,2,2.5,1963,0.046,None,Condo,2,463600.0
75001,1016,2,2.5,1958,0.038,Full Gut Rehab,Condo,1,343000.0
98101,3414,5,6.0,1948,0.39,None,Multi-Family,2,1758600.0
85001,2688,5,6.0,1969,0.5,Major (Structural/Systems),Single Family,0,900300.0
30301,1878,3,4.0,2016,0.24,None,Single Family,1,621400.0
80202,3014,6,6.0,2021,0.09,None,Single Family,3,1472900.0
60601,2020,4,4.5,1983,0.59,Minor (Cosmetic),Single Family,1,779800.0
60601,1729,2,3.5,1992,0.092,Minor (Cosmetic),Townhouse,3,680000.0
94102,1340,2,2.5,2007,0.023,Full Gut Rehab,Condo,1,1259400.0
30301,1511,2,3.0,1999,0.062,Major (Structural/Systems),Townhouse,3,567100.0
78701,2072,3,4.0,1962,0.24,Full Gut Rehab,Single Family,3,1138100.0
75001,2066,3,4.5,2000,0.057,Minor (Cosmetic),Townhouse,3,633900.0
98101,1856,3,3.5,1946,0.74,None,Single Family,2,930500.0
30301,1626,4,5.0,1983,0.103,Minor (Cosmetic),Townhouse,3,537700.0
98101,2916,5,6.0,1994,0.13,Major (Structural/Systems),Single Family,2,1925400.0
90210,4040,6,6.0,2014,0.08,None,Single Family,0,3622300.0
30301,2954,6,6.0,1978,0.08,Major (Structural/Systems),Single Family,2,1014700.0
94102,2012,4,5.0,1998,0.064,Minor (Cosmetic),Townhouse,2,1528200.0
02108,2898,4,5.0,1944,0.08,Major (Structural/Systems),Single Family,1,1994300.0
85001,1695,2,2.5,1981,0.72,Minor (Cosmetic),Single Family,3,569600.0
85001,1852,3,4.0,1953,0.074,Major (Structural/Systems),Townhouse,1,572800.0
78701,2477,3,5.0,1966,0.15,None,Single Family,2,1006700.0
33101,2741,4,5.5,1955,0.09,None,Single Family,2,1239700.0
80202,2587,4,5.0,1941,0.64,Minor (Cosmetic),Single Family,0,1004200.0
02108,2784,4,4.5,1958,0.55,Minor (Cosmetic),Single Family,1,1867600.0
98101,1659,3,3.5,1962,0.071,Full Gut Rehab,Townhouse,2,1018800.0
33101,1120,1,2.0,1980,0.017,None,Condo,1,430200.0
60601,1579,3,3.5,1953,1.06,Major (Structural/Systems),Single Family,3,718100.0
75001,2944,4,5.0,1986,0.13,Minor (Cosmetic),Multi-Family,2,922800.0
75001,3543,6,6.0,2002,0.52,Minor (Cosmetic),Single Family,1,1118300.0
94102,2739,5,5.5,1947,0.22,None,Single Family,1,1871600.0
78701,2484,3,5.0,1966,0.53,Minor (Cosmetic),Single Family,2,1101300.0
90210,3922,6,6.0,1979,0.23,Minor (Cosmetic),Single Family,4,3156800.0
78701,1479,2,3.0,1967,0.91,None,Single Family,3,700900.0
80202,1300,2,2.5,2007,0.104,Minor (Cosmetic),Townhouse,1,627100.0
30301,1699,3,3.5,2000,0.02,None,Condo,0,499100.0
98101,2534,4,5.0,1977,0.2,Minor (Cosmetic),Single Family,0,1327200.0
94102,1015,1,2.0,2014,0.014,Minor (Cosmetic),Condo,1,832400.0
94102,680,1,1.5,1963,0.046,Minor (Cosmetic),Condo,1,489700.0
60601,2001,4,4.5,1967,0.046,None,Townhouse,0,670400.0
33101,2045,3,4.0,1980,0.041,None,Townhouse,1,812400.0
94102,1679,3,4.0,1957,0.24,Major (Structural/Systems),Single Family,4,1464600.0
94102,1050,3,3.0,1988,0.034,None,Condo,2,749200.0
60601,982,1,2.0,2024,0.019,Major (Structural/Systems),Condo,0,448900.0
90210,1189,2,2.5,1965,0.033,None,Condo,0,769500.0
75001,1660,3,4.0,1942,0.79,Major (Structural/Systems),Single Family,3,551600.0
60601,3438,6,6.0,2016,0.34,None,Single Family,2,1467000.0
94102,3186,5,6.0,1977,0.21,Minor (Cosmetic),Single Family,4,2320400.0
94102,2227,4,4.5,1953,0.08,Full Gut Rehab,Single Family,2,1919400.0
85001,2337,3,4.0,1940,0.08,None,Single Family,2,664300.0
98101,1052,1,1.0,1950,0.029,None,Condo,0,438500.0
98101,1916,3,3.5,1979,0.22,Minor (Cosmetic),Single Family,3,1005800.0
75001,944,3,3.0,1943,0.031,Major (Structural/Systems),Condo,2,345400.0
85001,2297,3,4.0,1973,0.25,None,Single Family,2,669900.0
85001,4490,6,6.0,2004,0.15,Major (Structural/Systems),Multi-Family,2,1822500.0
60601,3209,4,5.5,1995,0.42,Minor (Cosmetic),Single Family,2,1292700.0
98101,3200,5,6.0,1949,0.08,None,Single Family,2,1638700.0
94102,1229,2,2.5,2020,0.044,None,Condo,2,988400.0
75001,1297,3,4.0,2010,0.056,None,Townhouse,2,462100.0
78701,3166,5,6.0,2003,0.19,Minor (Cosmetic),Multi-Family,3,1763000.0
80202,3227,4,5.5,1952,0.08,Minor (Cosmetic),Single Family,4,1430300.0
30301,1556,2,3.0,1961,0.34,None,Single Family,2,477300.0
94102,2086,4,5.0,1995,0.078,Minor (Cosmetic),Townhouse,3,1587600.0
78701,4241,6,6.0,2004,0.16,Minor (Cosmetic),Single Family,2,2047300.0
90210,1471,3,3.5,1952,0.029,None,Condo,0,952400.0
80202,3560,5,6.0,1940,0.19,Full Gut Rehab,Single Family,1,1685600.0
90210,2663,4,5.5,1977,0.68,Major (Structural/Systems),Single Family,2,2219300.0
94102,3225,5,6.0,1997,0.08,None,Single Family,1,2471300.0
94102,1961,3,4.0,1964,0.55,Full Gut Rehab,Single Family,3,1624300.0
33101,1378,2,3.0,1981,0.036,Major (Structural/Systems),Condo,2,642800.0
60601,2094,3,4.0,2024,0.068,None,Townhouse,2,896400.0
78701,2717,4,5.5,1972,0.88,None,Single Family,2,1197100.0
85001,2392,3,4.0,1996,0.054,Minor (Cosmetic),Townhouse,2,706500.0
98101,2095,3,4.0,1976,0.13,Full Gut Rehab,Single Family,2,1305800.0
02108,2359,3,4.5,1996,0.16,Major (Structural/Systems),Single Family,2,1856500.0
30301,2571,4,5.0,2001,0.37,None,Single Family,2,785500.0
10001,1336,2,2.5,1942,0.116,None,Townhouse,3,981300.0
85001,1179,2,2.5,1969,0.034,Minor (Cosmetic),Condo,0,332000.0
90210,550,2,1.5,2006,0.044,None,Condo,1,471800.0
85001,2271,4,5.0,2002,0.112,None,Townhouse,2,732100.0
90210,1116,2,3.0,2021,0.029,Minor (Cosmetic),Condo,2,1055200.0
30301,2783,4,5.0,1962,0.22,Minor (Cosmetic),Multi-Family,1,883500.0
78701,807,1,1.5,2011,0.02,None,Condo,1,390000.0
85001,1694,3,3.5,2012,0.088,Full Gut Rehab,Townhouse,2,657100.0
90210,3016,5,6.0,2005,0.08,None,Single Family,2,2541600.0
78701,2910,4,5.5,2000,0.35,Minor (Cosmetic),Single Family,2,1407400.0
85001,1970,2,3.0,1941,0.78,Minor (Cosmetic),Single Family,2,585300.0
78701,1865,3,4.5,1966,0.5,None,Single Family,1,814700.0
33101,1329,2,3.0,1987,0.036,Minor (Cosmetic),Condo,1,592300.0
60601,1958,3,4.0,2002,0.64,Major (Structural/Systems),Single Family,2,894600.0
80202,1120,2,2.5,1944,0.039,Minor (Cosmetic),Condo,2,440500.0
33101,2592,5,6.0,1940,0.26,Major (Structural/Systems),Single Family,1,1360800.0
78701,2734,4,5.0,1961,0.26,None,Single Family,2,1150300.0
30301,3143,5,6.0,2013,0.08,None,Single Family,2,1052600.0
90210,2189,3,4.0,1963,0.2,Minor (Cosmetic),Multi-Family,1,1918200.0
02108,1066,1,1.5,1998,0.26,Full Gut Rehab,Single Family,2,919700.0
85001,2074,3,4.0,2018,0.22,Minor (Cosmetic),Single Family,1,827200.0
30301,1730,3,4.0,1989,0.041,Minor (Cosmetic),Condo,0,482600.0
80202,1807,3,3.5,1962,0.016,Minor (Cosmetic),Condo,1,660800.0
33101,3873,7,6.0,2017,0.55,None,Single Family,2,2149600.0
02108,2355,4,4.5,1957,0.47,Minor (Cosmetic),Single Family,1,1509800.0
10001,1163,2,2.0,1961,0.81,None,Single Family,2,945400.0
80202,1600,3,4.0,1983,0.16,Minor (Cosmetic),Multi-Family,2,750000.0
98101,2039,3,4.0,1983,0.08,Minor (Cosmetic),Single Family,4,1145800.0
78701,2351,3,4.0,1976,0.5,Minor (Cosmetic),Single Family,2,1071200.0
90210,3475,6,6.0,1946,0.31,Major (Structural/Systems),Single Family,0,3033900.0
85001,3150,5,6.0,1963,0.44,None,Single Family,2,940900.0
85001,1179,2,3.0,2016,0.05,None,Condo,1,398700.0
60601,1832,2,3.0,1980,0.08,Minor (Cosmetic),Single Family,0,634900.0
78701,1779,3,3.5,2009,0.19,Full Gut Rehab,Single Family,2,1101700.0
02108,2690,4,5.5,2024,0.08,None,Single Family,3,2108500.0
75001,3022,5,6.0,2010,0.69,Full Gut Rehab,Single Family,3,1161200.0
60601,2793,4,5.5,1957,0.08,Minor (Cosmetic),Single Family,2,1067100.0
10001,1334,2,2.0,2018,0.051,Major (Structural/Systems),Townhouse,2,1480400.0
30301,1327,2,2.5,2011,0.02,Full Gut Rehab,Condo,0,446800.0
75001,1991,3,3.5,1999,0.102,Minor (Cosmetic),Townhouse,2,578100.0
85001,1318,1,2.0,1991,0.09,Minor (Cosmetic),Townhouse,1,391100.0
60601,825,2,2.0,2019,0.026,Minor (Cosmetic),Condo,0,354000.0
33101,3016,4,5.5,1988,0.08,Major (Structural/Systems),Single Family,2,1600300.0
80202,1017,2,2.0,2006,0.023,None,Condo,2,441200.0
85001,2515,4,5.5,1984,0.099,Major (Structural/Systems),Townhouse,1,863600.0
30301,1275,3,3.5,1948,0.025,Minor (Cosmetic),Condo,1,398300.0
90210,2135,3,4.0,1965,0.22,Minor (Cosmetic),Single Family,1,1669600.0
90210,2492,4,5.0,1965,0.33,None,Single Family,2,1761200.0
98101,1828,3,3.5,1969,0.113,Major (Structural/Systems),Townhouse,3,1015400.0
75001,845,2,2.0,1966,0.02,None,Condo,0,214900.0
85001,2469,5,5.5,2019,0.21,Full Gut Rehab,Multi-Family,2,1139600.0
94102,3026,4,5.0,1943,0.13,None,Single Family,1,2062800.0
33101,3133,5,6.0,1990,0.22,Major (Structural/Systems),Single Family,2,1714600.0
98101,2952,6,6.0,2022,0.42,None,Single Family,2,1805300.0
85001,1630,3,4.0,2009,0.029,Major (Structural/Systems),Condo,1,609800.0
75001,2093,3,4.0,2018,0.63,Minor (Cosmetic),Single Family,2,772100.0
75001,3755,6,6.0,1949,0.28,Minor (Cosmetic),Single Family,4,1095300.0
80202,2479,4,5.0,1975,0.17,None,Multi-Family,1,1040300.0
80202,1740,2,3.0,1985,0.53,Full Gut Rehab,Single Family,2,968700.0
02108,1008,2,2.0,1945,0.075,None,Townhouse,2,619300.0
90210,2165,2,3.5,2009,0.25,Full Gut Rehab,Single Family,4,2352700.0
30301,1573,2,3.0,2018,0.12,Minor (Cosmetic),Townhouse,4,627100.0
75001,1284,3,3.0,2022,0.041,None,Condo,0,376500.0
85001,1909,3,4.0,2017,0.108,Minor (Cosmetic),Townhouse,4,705400.0
85001,1263,2,3.0,1942,0.087,Minor (Cosmetic),Townhouse,2,399400.0
78701,2205,4,5.0,1989,0.15,Major (Structural/Systems),Single Family,4,1202400.0
60601,2221,3,4.5,1981,1.66,None,Single Family,2,830000.0
85001,1168,1,2.0,2017,0.1,Full Gut Rehab,Single Family,1,497500.0
75001,756,1,2.0,1993,0.045,Minor (Cosmetic),Condo,1,220900.0
10001,1453,2,3.0,1978,0.113,None,Townhouse,2,1149300.0
80202,3575,5,6.0,2024,0.6,Minor (Cosmetic),Single Family,1,1911000.0
94102,1167,2,2.5,1994,0.015,None,Condo,1,756900.0
85001,2996,5,6.0,1950,0.67,None,Single Family,2,910100.0
33101,1125,2,2.0,2013,0.093,None,Townhouse,4,631600.0
10001,4155,6,6.0,2018,0.4,Major (Structural/Systems),Multi-Family,2,5162600.0
33101,3475,6,6.0,1969,0.54,None,Single Family,2,1551300.0
33101,1001,2,2.0,2020,0.24,Major (Structural/Systems),Single Family,4,690700.0
98101,1971,3,3.5,1995,0.11,None,Single Family,2,1092600.0
94102,1273,2,2.5,1968,0.033,None,Condo,1,774600.0
33101,2983,5,6.0,1956,0.08,None,Single Family,0,1346400.0
78701,1991,4,4.5,1972,0.39,Major (Structural/Systems),Single Family,2,994700.0
75001,2270,4,5.0,1960,0.23,None,Single Family,1,617200.0
78701,2051,3,4.5,2017,0.24,None,Single Family,3,1072000.0
30301,2582,4,5.0,1949,0.08,None,Single Family,4,774700.0
78701,1519,3,4.0,1978,0.012,None,Condo,0,579300.0
78701,1921,4,4.5,2017,0.33,Full Gut Rehab,Single Family,1,1223300.0
30301,1450,2,2.5,1986,0.036,Major (Structural/Systems),Condo,1,425000.0
98101,826,2,2.5,1991,0.03,None,Condo,0,433500.0
94102,1864,3,4.0,1980,0.51,None,Single Family,2,1280400.0
90210,3113,5,6.0,1986,0.29,Major (Structural/Systems),Single Family,2,2655900.0
60601,1422,3,3.0,2012,0.044,None,Condo,1,564200.0
33101,3881,6,6.0,2010,0.12,Major (Structural/Systems),Multi-Family,4,2383000.0
60601,1513,2,2.5,1982,0.1,None,Single Family,2,537300.0
10001,2150,3,4.5,1976,0.11,Minor (Cosmetic),Single Family,2,1755800.0
94102,3117,5,6.0,2012,0.08,None,Single Family,2,2598700.0
90210,1114,2,2.5,2003,0.046,Major (Structural/Systems),Condo,2,1022300.0
98101,1694,2,3.0,2010,2.49,None,Single Family,0,1049200.0
78701,2843,4,4.5,1999,0.59,None,Single Family,2,1298200.0
98101,849,2,2.0,1964,0.027,Minor (Cosmetic),Condo,0,418400.0
80202,1728,3,3.5,1961,0.024,None,Condo,0,609200.0
30301,3658,6,6.0,1982,0.52,None,Single Family,2,1032200.0
98101,2953,6,6.0,2010,0.25,None,Single Family,2,1806800.0
78701,1576,3,3.0,2009,0.048,Full Gut Rehab,Condo,1,884400.0
75001,2548,4,5.5,1975,0.11,None,Single Family,2,693000.0
98101,3074,4,5.0,1985,0.14,None,Single Family,2,1529500.0
33101,2464,3,4.0,1961,0.12,Full Gut Rehab,Townhouse,1,1254000.0
30301,2684,4,5.0,1974,1.34,Major (Structural/Systems),Single Family,3,970700.0
85001,1010,1,2.0,1986,0.045,Minor (Cosmetic),Condo,1,279300.0
94102,1032,2,2.0,1972,0.072,Minor (Cosmetic),Townhouse,1,741500.0
30301,2437,4,5.0,2024,0.64,Major (Structural/Systems),Single Family,0,1016300.0
78701,3117,5,6.0,2014,0.12,None,Single Family,0,1479800.0
02108,1430,2,3.0,1952,0.02,Minor (Cosmetic),Condo,1,811300.0
80202,2026,3,4.0,1995,0.084,None,Townhouse,2,882100.0
85001,1556,3,3.5,2006,0.109,None,Townhouse,1,516200.0
78701,550,1,1.5,1952,0.014,None,Condo,1,239100.0
98101,2128,4,5.0,1989,0.29,Minor (Cosmetic),Single Family,3,1182700.0
33101,993,2,2.5,1996,0.034,Major (Structural/Systems),Condo,0,515300.0
10001,2265,4,5.0,1967,0.3,Minor (Cosmetic),Single Family,1,1897100.0
90210,2963,4,5.5,2004,0.09,Minor (Cosmetic),Single Family,2,2630400.0
94102,3989,6,6.0,1963,0.08,Minor (Cosmetic),Single Family,2,2879500.0
94102,2592,4,5.0,2006,0.79,Minor (Cosmetic),Single Family,2,2178700.0
94102,1024,2,2.5,2020,0.033,Minor (Cosmetic),Condo,1,865700.0
94102,2305,3,4.5,1946,0.51,Minor (Cosmetic),Single Family,1,1638300.0
33101,2593,4,5.0,2013,0.16,None,Single Family,2,1419000.0
10001,1878,3,3.5,2022,0.08,Minor (Cosmetic),Single Family,3,2185800.0
98101,1854,3,4.0,1963,0.061,None,Townhouse,3,950800.0
30301,1257,1,1.5,1948,0.013,Minor (Cosmetic),Condo,1,312800.0
80202,2657,3,5.0,1954,0.08,Major (Structural/Systems),Single Family,1,1165500.0
33101,2843,5,6.0,1995,0.08,None,Single Family,2,1388100.0
10001,2825,4,5.0,1956,0.35,None,Single Family,2,2085500.0
10001,1002,2,2.5,1958,0.105,Full Gut Rehab,Townhouse,1,977400.0
90210,1322,2,2.5,1948,0.043,Major (Structural/Systems),Condo,1,1052000.0
10001,1996,2,3.5,2003,0.97,None,Single Family,3,1882800.0
02108,716,1,1.5,1996,0.036,None,Condo,1,440700.0
10001,1671,3,4.0,1977,0.08,None,Single Family,2,1327000.0
94102,1995,3,3.5,2022,0.07,Minor (Cosmetic),Townhouse,2,1740200.0
94102,2333,4,5.0,1947,0.08,Major (Structural/Systems),Single Family,1,1823600.0
80202,1238,2,2.0,1945,0.53,None,Single Family,2,506700.0
10001,2858,4,5.5,1988,0.08,Major (Structural/Systems),Single Family,3,2864500.0
98101,1420,2,3.0,1984,0.08,Full Gut Rehab,Single Family,4,986300.0
78701,1862,3,3.5,1960,0.042,None,Townhouse,2,731500.0
60601,2678,5,6.0,1973,1.09,None,Single Family,2,970600.0
90210,2198,4,4.5,1951,0.103,Major (Structural/Systems),Townhouse,1,1761800.0
75001,1723,2,3.0,1978,0.023,Minor (Cosmetic),Condo,1,421600.0
33101,1476,3,4.0,1945,0.17,None,Single Family,2,694700.0
94102,2460,4,5.5,2020,0.08,Minor (Cosmetic),Single Family,2,2287600.0
30301,2292,4,5.0,1971,0.08,Major (Structural/Systems),Single Family,2,801900.0
30301,1251,2,2.0,1999,0.022,None,Condo,1,339200.0
90210,2661,3,4.5,1947,0.17,None,Single Family,2,2009600.0
02108,2235,4,5.0,1977,0.34,None,Single Family,2,1387800.0
75001,2169,3,4.0,1958,0.15,Full Gut Rehab,Single Family,2,660900.0
60601,709,1,1.0,1994,0.048,None,Condo,1,236000.0
10001,3240,4,6.0,1948,0.15,None,Single Family,1,2581700.0
10001,2844,5,6.0,1991,0.99,None,Single Family,1,2396400.0
98101,3188,5,6.0,1967,0.46,Full Gut Rehab,Single Family,3,1951000.0
80202,2267,4,5.0,2001,0.81,None,Single Family,1,1048800.0
33101,1504,3,3.5,1987,0.096,Major (Structural/Systems),Townhouse,2,836200.0
98101,1691,2,3.0,1978,0.29,None,Single Family,1,792500.0
80202,1961,3,4.5,1992,0.081,Major (Structural/Systems),Townhouse,1,946800.0
60601,736,1,1.5,2002,0.022,Major (Structural/Systems),Condo,0,311000.0
90210,1747,3,3.5,1958,0.022,None,Condo,1,1136700.0
02108,642,1,1.5,1972,0.019,None,Condo,2,392600.0
60601,2705,4,5.5,2003,0.17,None,Single Family,4,1087100.0
30301,3675,6,6.0,1965,0.08,None,Single Family,2,1001300.0
78701,1309,2,2.5,1984,0.026,Major (Structural/Systems),Condo,1,575000.0
78701,2631,5,5.5,1940,0.63,None,Single Family,2,1143400.0
94102,761,1,1.0,2014,0.045,Minor (Cosmetic),Condo,1,595300.0
80202,1463,2,2.5,2005,0.36,None,Single Family,3,724200.0
78701,2146,2,3.5,1974,0.061,None,Townhouse,3,832600.0
10001,1627,2,3.0,2016,0.02,None,Condo,1,1335700.0
02108,2170,3,4.0,1984,0.11,None,Single Family,2,1332300.0
98101,1645,3,3.5,2015,0.24,None,Single Family,2,972100.0
90210,550,1,1.0,1972,0.049,Minor (Cosmetic),Condo,1,402100.0
98101,756,2,2.5,2021,0.014,None,Condo,1,467800.0
10001,2414,4,5.5,2008,0.24,Major (Structural/Systems),Single Family,2,2611500.0
98101,2519,3,5.0,2022,0.095,Major (Structural/Systems),Townhouse,3,1640800.0
94102,3004,5,6.0,1970,0.1,Major (Structural/Systems),Single Family,4,2333600.0
30301,2728,5,6.0,2003,1.22,Full Gut Rehab,Single Family,2,1195000.0
33101,1619,2,3.5,1954,0.068,Major (Structural/Systems),Townhouse,1,800800.0
33101,1537,3,3.5,1985,0.115,None,Townhouse,1,712000.0
75001,1591,2,2.5,1987,0.034,None,Condo,2,432800.0
78701,1890,3,3.5,2007,0.04,Minor (Cosmetic),Townhouse,3,1010800.0
94102,923,2,2.5,2022,0.13,None,Single Family,2,852500.0
78701,1496,2,2.5,2024,0.042,Full Gut Rehab,Townhouse,2,925100.0
78701,1856,3,4.0,1979,0.17,None,Single Family,2,774200.0
60601,2090,4,4.5,1940,0.94,Major (Structural/Systems),Single Family,2,903900.0
80202,2922,5,6.0,1959,0.53,Minor (Cosmetic),Single Family,1,1265700.0
94102,2419,4,4.5,1961,0.34,Full Gut Rehab,Single Family,1,2124000.0
02108,2442,3,4.0,1993,0.27,Major (Structural/Systems),Single Family,1,1757400.0
98101,3485,5,6.0,2016,0.16,None,Single Family,2,2000900.0
33101,1977,3,4.5,2004,0.08,None,Single Family,2,1018200.0
78701,3898,6,6.0,1954,0.08,Major (Structural/Systems),Single Family,3,1828100.0
98101,865,2,2.5,2000,0.018,Major (Structural/Systems),Condo,0,548000.0
85001,2566,4,5.0,2018,0.15,Major (Structural/Systems),Single Family,2,968300.0
33101,2289,4,4.5,1953,0.26,Major (Structural/Systems),Single Family,1,1156400.0
10001,1143,3,3.0,2008,0.018,None,Condo,2,1051600.0
94102,2000,4,4.0,1988,0.118,Minor (Cosmetic),Townhouse,3,1440200.0
94102,1251,2,2.5,1945,0.013,Major (Structural/Systems),Condo,2,922200.0
10001,1935,3,4.0,1980,0.08,None,Single Family,1,1586800.0
10001,706,1,1.0,1970,0.037,Minor (Cosmetic),Condo,1,557000.0
10001,4377,7,6.0,2003,0.49,None,Single Family,1,4028500.0
02108,2137,3,4.0,1990,1.26,Minor (Cosmetic),Single Family,1,1492600.0
10001,3024,5,6.0,1998,0.26,Minor (Cosmetic),Single Family,0,2842400.0
30301,1076,1,1.5,1994,0.053,Minor (Cosmetic),Townhouse,2,338700.0
94102,2290,4,5.0,1988,0.97,None,Single Family,1,1663900.0
78701,2404,4,5.0,1979,1.37,None,Single Family,2,1101600.0
80202,2854,5,6.0,1954,0.9,Major (Structural/Systems),Single Family,1,1281700.0
85001,900,2,2.5,2009,0.11,Full Gut Rehab,Townhouse,4,426100.0
94102,1158,2,2.5,2004,0.013,None,Condo,1,863700.0
98101,1637,3,3.5,1946,0.68,None,Single Family,2,803000.0
85001,1213,2,2.5,2001,0.048,Major (Structural/Systems),Condo,2,443300.0
30301,1722,2,2.5,1993,0.28,None,Single Family,1,529100.0
75001,800,1,1.5,1991,0.041,None,Condo,1,209400.0
02108,2294,2,3.0,1990,0.38,Minor (Cosmetic),Single Family,2,1557100.0
10001,1326,1,2.0,1943,0.063,Minor (Cosmetic),Townhouse,1,1054200.0
33101,2143,3,4.0,1940,0.31,None,Single Family,1,973200.0
30301,682,1,1.5,2005,0.046,Full Gut Rehab,Condo,2,276300.0
78701,1125,2,2.5,1974,0.24,None,Single Family,1,506300.0
78701,3263,5,6.0,2016,0.31,None,Single Family,3,1674200.0
02108,1527,2,2.5,2020,0.27,Minor (Cosmetic),Single Family,1,1264400.0
60601,2365,3,4.0,1949,0.12,Major (Structural/Systems),Single Family,3,978900.0
10001,3064,5,6.0,2006,0.36,Major (Structural/Systems),Single Family,2,3489700.0
98101,884,1,1.0,2007,0.03,None,Condo,1,437300.0
80202,1881,3,4.0,2004,0.09,None,Single Family,1,819200.0
78701,1179,2,2.5,1990,0.046,None,Condo,0,483500.0
10001,2303,3,4.0,1969,0.116,None,Townhouse,2,1750400.0
94102,690,2,2.5,1978,0.012,Minor (Cosmetic),Condo,1,529000.0
33101,1047,2,2.0,1949,0.035,Major (Structural/Systems),Condo,0,448400.0
02108,550,1,1.5,1983,0.027,Minor (Cosmetic),Condo,1,344900.0
78701,2205,3,4.0,1971,0.26,Full Gut Rehab,Single Family,1,1116100.0
94102,1815,3,3.0,1983,0.07,Major (Structural/Systems),Townhouse,3,1459100.0
80202,1859,3,3.5,2002,0.23,None,Single Family,3,925600.0
78701,940,1,1.5,2000,0.023,None,Condo,0,376900.0
90210,607,1,1.5,2004,0.015,Minor (Cosmetic),Condo,1,523600.0
98101,2557,5,6.0,1980,0.13,Minor (Cosmetic),Single Family,2,1286300.0
94102,3291,5,6.0,2020,0.39,Minor (Cosmetic),Single Family,3,3055900.0
90210,1677,2,2.5,1951,0.08,Minor (Cosmetic),Single Family,1,1307700.0
85001,1519,3,4.0,1941,0.071,None,Townhouse,1,448200.0
98101,2026,3,4.0,2012,0.043,None,Townhouse,3,1177200.0
75001,3409,5,6.0,2015,0.15,Major (Structural/Systems),Single Family,3,1261400.0
02108,577,1,1.5,1999,0.014,Major (Structural/Systems),Condo,2,469500.0
60601,1724,3,4.0,1964,0.067,Major (Structural/Systems),Townhouse,2,673500.0
60601,2712,3,5.0,2000,0.64,Full Gut Rehab,Single Family,0,1238200.0
33101,2423,4,5.0,1961,0.33,None,Single Family,1,1056100.0
80202,550,1,1.0,1995,0.037,None,Condo,2,240100.0
80202,2025,2,3.5,1960,0.08,Major (Structural/Systems),Townhouse,2,827100.0
98101,2483,4,4.5,1994,0.114,Full Gut Rehab,Townhouse,3,1579500.0
30301,2587,4,5.5,1979,0.27,None,Single Family,4,791000.0
75001,1726,3,3.5,1990,0.08,None,Single Family,2,536700.0
85001,2115,3,3.5,1961,0.95,None,Single Family,2,649300.0
94102,3827,5,6.0,1967,0.08,Major (Structural/Systems),Single Family,1,3102600.0
60601,3182,5,6.0,1943,2.48,Major (Structural/Systems),Single Family,2,1411800.0
85001,1324,2,2.5,1965,0.027,Major (Structural/Systems),Condo,1,411000.0
10001,2767,4,5.5,1999,0.08,None,Single Family,1,2431400.0
90210,1502,3,3.0,1962,0.109,Minor (Cosmetic),Townhouse,2,1176800.0
60601,2349,3,4.0,1980,0.08,None,Single Family,2,827800.0
78701,1072,1,1.0,1997,0.017,None,Condo,1,414600.0
75001,2912,5,6.0,1947,0.19,Full Gut Rehab,Single Family,2,990900.0
94102,3631,6,6.0,1990,0.39,None,Single Family,2,2610400.0
75001,3338,5,6.0,2000,0.08,None,Single Family,1,985500.0
10001,2064,3,3.5,1940,0.34,Major (Structural/Systems),Multi-Family,4,2243600.0
10001,1900,3,3.5,1969,0.102,None,Townhouse,2,1433100.0
10001,3052,5,6.0,1956,0.08,Full Gut Rehab,Single Family,2,2831800.0
75001,2964,4,5.5,1962,0.37,None,Single Family,1,783600.0
33101,1516,3,3.5,1963,0.117,Major (Structural/Systems),Townhouse,2,751700.0
78701,4685,7,6.0,2008,1.2,Major (Structural/Systems),Single Family,2,2605300.0
98101,1542,2,2.5,1991,0.08,None,Single Family,1,766100.0
30301,720,1,1.0,2010,0.04,Minor (Cosmetic),Condo,1,232600.0
98101,1905,3,4.0,1997,0.108,None,Townhouse,1,1049900.0
75001,4087,7,6.0,1961,0.77,Minor (Cosmetic),Single Family,2,1223600.0
80202,1872,3,3.5,1998,0.14,Minor (Cosmetic),Single Family,3,909300.0
98101,1680,2,3.0,1983,0.062,Major (Structural/Systems),Townhouse,0,870200.0
80202,3307,4,6.0,1976,0.08,None,Single Family,2,1326600.0
02108,2486,4,5.0,1973,0.18,None,Single Family,2,1489200.0
60601,982,2,2.0,1996,0.015,None,Condo,2,351700.0
78701,2054,3,4.0,1996,0.103,Major (Structural/Systems),Townhouse,2,1104100.0
10001,2704,4,5.5,1979,0.08,Major (Structural/Systems),Single Family,3,2516000.0
30301,4024,6,6.0,1959,0.6,None,Multi-Family,3,1247400.0
98101,1552,2,2.5,1956,0.014,None,Condo,1,676100.0
78701,2730,4,5.0,1991,0.23,None,Single Family,1,1204800.0
30301,3433,6,6.0,1943,0.17,None,Multi-Family,2,1018200.0
33101,2660,4,5.5,2002,0.32,Minor (Cosmetic),Single Family,1,1417500.0
94102,2866,4,5.5,1989,0.26,None,Single Family,2,2128600.0
85001,1119,3,3.0,2021,0.034,Major (Structural/Systems),Condo,1,457300.0
33101,2499,4,5.0,1989,0.08,None,Single Family,2,1140500.0
98101,3397,5,6.0,1955,0.08,Full Gut Rehab,Single Family,1,2108200.0
94102,3637,6,6.0,2011,0.25,None,Single Family,2,2920800.0
75001,1369,2,2.5,2000,0.09,Major (Structural/Systems),Single Family,4,503600.0
33101,1804,4,4.5,1983,0.046,Full Gut Rehab,Townhouse,1,953300.0
78701,858,1,1.5,1957,0.019,Full Gut Rehab,Condo,1,422100.0
30301,2951,5,6.0,1989,0.53,Major (Structural/Systems),Multi-Family,2,1153500.0
75001,2801,4,5.5,2019,0.27,None,Single Family,2,914400.0
94102,3002,5,6.0,1969,0.08,None,Single Family,2,1990400.0
02108,2415,5,5.5,1988,0.08,Major (Structural/Systems),Single Family,2,1845800.0
10001,1064,1,2.0,1960,0.15,Major (Structural/Systems),Single Family,2,1015200.0
60601,1776,3,4.0,1961,0.15,None,Single Family,2,640200.0
90210,1413,1,2.5,1986,0.039,Full Gut Rehab,Condo,1,1209800.0
78701,900,1,1.5,1964,0.114,Minor (Cosmetic),Townhouse,2,401500.0
60601,4149,6,6.0,1995,0.16,None,Multi-Family,1,1639700.0
30301,2890,5,6.0,2003,0.41,None,Single Family,2,968800.0
98101,2392,4,4.5,1967,0.091,None,Townhouse,1,1130900.0
75001,2351,4,5.0,1972,0.19,None,Single Family,2,675000.0
94102,953,2,3.0,2005,0.08,Major (Structural/Systems),Single Family,1,894700.0
75001,1993,3,4.5,1943,0.078,None,Townhouse,2,542900.0
94102,1546,3,4.0,2019,0.024,Minor (Cosmetic),Condo,2,1284700.0
98101,3193,5,6.0,1951,0.28,Major (Structural/Systems),Single Family,0,1749400.0
75001,2002,4,5.0,1956,0.08,Major (Structural/Systems),Single Family,3,716100.0
94102,2565,4,4.5,1975,0.45,Minor (Cosmetic),Single Family,2,1784100.0
10001,913,1,1.5,1955,0.042,Minor (Cosmetic),Condo,0,700400.0
60601,1885,3,3.5,1962,0.17,Major (Structural/Systems),Single Family,4,875000.0
60601,3964,6,6.0,2011,0.08,None,Multi-Family,2,1825300.0
33101,1601,2,2.5,1948,0.34,None,Single Family,2,737600.0
60601,1829,3,3.5,2017,1.09,Major (Structural/Systems),Single Family,3,1030600.0
78701,1671,3,3.5,1994,0.42,None,Single Family,0,766100.0
02108,1382,2,2.5,2012,0.08,None,Single Family,2,1003800.0
98101,2609,3,4.5,2003,0.18,Minor (Cosmetic),Single Family,1,1525000.0
10001,1506,2,3.0,1986,0.047,None,Condo,1,1158300.0
30301,1716,3,3.0,2006,0.091,Minor (Cosmetic),Townhouse,1,607300.0
78701,1122,2,2.5,1949,0.052,None,Townhouse,2,490600.0
98101,2177,3,3.5,1943,0.098,Minor (Cosmetic),Townhouse,2,1077300.0
80202,2558,5,5.5,1969,0.068,Major (Structural/Systems),Townhouse,0,1091200.0
85001,873,1,1.5,1950,0.03,Minor (Cosmetic),Condo,0,218000.0
94102,1584,2,2.5,1990,0.073,Minor (Cosmetic),Townhouse,2,1158100.0
78701,2886,3,4.5,1958,0.45,None,Single Family,2,1129800.0
78701,3716,5,6.0,1952,0.09,None,Single Family,2,1542700.0
33101,2110,4,4.5,1996,0.17,None,Single Family,2,1046200.0
90210,1500,3,4.0,1942,0.48,Minor (Cosmetic),Single Family,2,1289700.0
30301,2973,4,6.0,2017,0.43,Minor (Cosmetic),Single Family,3,1204100.0
85001,3839,6,6.0,2013,0.08,Minor (Cosmetic),Multi-Family,3,1493400.0
78701,2504,4,5.0,1977,0.15,Major (Structural/Systems),Single Family,3,1224400.0
60601,2081,3,4.0,1966,0.08,None,Single Family,3,757900.0
30301,3245,4,5.5,2019,0.26,None,Single Family,1,1078800.0
60601,2896,5,5.5,1949,0.12,Minor (Cosmetic),Single Family,1,1064900.0
94102,1923,3,3.5,1992,0.08,Minor (Cosmetic),Single Family,1,1470700.0
78701,2536,3,4.5,1966,0.19,None,Single Family,4,1118600.0
33101,1486,2,3.0,1946,0.92,None,Single Family,2,712500.0
80202,3014,4,5.5,2021,0.9,Major (Structural/Systems),Single Family,1,1654200.0
60601,1008,1,2.0,1952,0.025,Minor (Cosmetic),Condo,1,327700.0
85001,947,2,2.0,2011,0.028,Minor (Cosmetic),Condo,1,322500.0
30301,2475,4,4.5,1999,0.1,Major (Structural/Systems),Single Family,1,865300.0
80202,2530,5,6.0,1953,0.08,None,Single Family,2,1073300.0
94102,3171,5,6.0,1983,0.41,Full Gut Rehab,Single Family,1,2824000.0
85001,1306,2,2.0,2009,0.042,None,Condo,2,431000.0
75001,2382,4,5.0,2023,0.74,Minor (Cosmetic),Single Family,2,881200.0
94102,3072,5,6.0,1967,0.96,Minor (Cosmetic),Single Family,2,2361500.0
30301,1240,2,2.5,1962,0.047,Minor (Cosmetic),Condo,2,363300.0
30301,2180,4,4.5,1951,0.08,None,Single Family,3,617100.0
78701,2406,4,4.5,1963,1.34,Minor (Cosmetic),Single Family,2,1156300.0
33101,2388,4,4.5,1990,0.17,None,Single Family,2,1105600.0
98101,2027,3,4.0,1961,0.111,None,Townhouse,3,975000.0
90210,1634,2,2.5,2001,0.075,None,Townhouse,1,1270500.0
98101,963,2,2.5,1965,0.027,Minor (Cosmetic),Condo,1,492000.0
75001,3976,6,6.0,1997,0.08,None,Single Family,3,1146700.0
90210,3204,4,5.5,2010,0.08,None,Single Family,3,2782700.0
98101,2591,4,5.0,1954,0.39,None,Multi-Family,0,1445600.0
98101,3656,5,6.0,2007,0.97,None,Multi-Family,2,2274100.0
78701,2588,4,5.0,1945,0.09,Minor (Cosmetic),Single Family,2,1125700.0
30301,1976,3,4.5,1941,0.048,Minor (Cosmetic),Townhouse,4,642000.0
98101,2603,5,5.5,1970,0.08,Minor (Cosmetic),Single Family,2,1437900.0
98101,3392,6,6.0,1963,0.08,Full Gut Rehab,Single Family,2,2131100.0
60601,1220,1,2.0,1974,0.022,Minor (Cosmetic),Condo,0,376800.0
80202,2453,4,5.0,1986,0.08,Major (Structural/Systems),Single Family,3,1197600.0
10001,2268,4,4.5,1970,0.059,Minor (Cosmetic),Townhouse,2,1848600.0
80202,2674,4,5.0,2011,0.89,None,Single Family,3,1298100.0
94102,2591,4,5.0,2015,0.77,Minor (Cosmetic),Single Family,3,2285700.0
10001,1941,2,3.5,1941,0.065,None,Townhouse,1,1461500.0
78701,1757,2,2.5,2018,0.12,Minor (Cosmetic),Townhouse,2,929700.0
80202,2506,4,5.0,1998,0.12,Full Gut Rehab,Single Family,2,1448600.0
30301,2059,3,4.0,2002,0.45,None,Single Family,2,708800.0
98101,837,2,3.0,2014,0.036,None,Condo,1,488100.0
78701,1751,2,3.0,1956,0.08,Minor (Cosmetic),Single Family,2,738300.0
33101,2086,3,3.5,1993,0.15,Minor (Cosmetic),Multi-Family,1,1071000.0
90210,1404,2,2.0,1960,0.116,Minor (Cosmetic),Townhouse,3,1113100.0
33101,2369,4,5.0,1961,0.08,None,Single Family,2,1101300.0
10001,2577,3,4.5,1994,0.08,None,Single Family,2,2161100.0
85001,2296,4,4.5,1968,1.24,Minor (Cosmetic),Single Family,1,737100.0
94102,900,1,1.5,2018,0.043,Minor (Cosmetic),Townhouse,2,824800.0
80202,3680,5,6.0,1960,0.21,Minor (Cosmetic),Single Family,2,1566200.0
94102,3314,4,5.5,1941,0.88,Minor (Cosmetic),Single Family,2,2525100.0
85001,2834,5,6.0,1981,1.01,Minor (Cosmetic),Single Family,4,982700.0
78701,1767,3,3.5,1991,0.049,None,Condo,1,728900.0
33101,1766,3,4.0,1977,0.23,None,Single Family,4,788100.0
90210,3915,6,6.0,1942,0.08,Minor (Cosmetic),Single Family,4,3018500.0
60601,1365,2,3.0,1964,0.102,Minor (Cosmetic),Townhouse,2,544000.0
10001,1907,3,3.5,2016,0.097,None,Townhouse,2,1758100.0
30301,654,1,1.5,2001,0.033,None,Condo,0,191800.0
10001,2511,4,5.0,1954,0.77,Major (Structural/Systems),Single Family,3,2520900.0
10001,2789,4,5.0,2009,0.85,None,Single Family,3,2766700.0
90210,1045,3,3.0,1949,0.037,Full Gut Rehab,Condo,1,889100.0
80202,3035,4,5.5,2012,0.08,Full Gut Rehab,Single Family,2,1689700.0
78701,1844,3,4.0,2008,0.048,Minor (Cosmetic),Townhouse,3,990400.0
90210,917,1,1.5,1983,0.026,Minor (Cosmetic),Condo,0,662400.0
75001,2074,2,3.0,1980,0.12,Minor (Cosmetic),Single Family,2,575500.0
80202,2164,3,4.0,2022,0.051,None,Townhouse,1,1032100.0
78701,2677,4,5.0,1959,0.33,Minor (Cosmetic),Multi-Family,3,1273000.0
80202,3186,6,6.0,1976,0.4,Major (Structural/Systems),Single Family,2,1430500.0
98101,3417,5,6.0,1978,0.42,Major (Structural/Systems),Single Family,1,1954700.0
78701,1248,2,2.5,2016,0.08,Major (Structural/Systems),Single Family,1,715400.0
94102,3349,5,6.0,2009,0.13,Major (Structural/Systems),Single Family,1,3060200.0
10001,4045,7,6.0,1947,0.08,None,Single Family,2,3127300.0
30301,1188,2,2.0,1982,0.034,Major (Structural/Systems),Condo,0,353400.0
85001,3679,5,6.0,1949,0.29,Minor (Cosmetic),Multi-Family,2,1168200.0
98101,3277,5,6.0,1980,0.24,Major (Structural/Systems),Single Family,3,1823400.0
02108,2293,4,5.5,1943,0.12,None,Single Family,1,1354200.0
33101,1163,2,2.5,2017,0.019,Major (Structural/Systems),Condo,1,676100.0
98101,1514,3,4.0,1943,0.77,Minor (Cosmetic),Single Family,2,899800.0
90210,1862,3,4.0,1963,0.044,None,Townhouse,1,1310100.0
94102,2873,4,5.0,1960,0.37,None,Single Family,2,1961300.0
60601,2887,4,5.0,1949,0.08,Full Gut Rehab,Single Family,2,1230700.0
33101,3299,6,6.0,1985,0.08,Minor (Cosmetic),Single Family,2,1573500.0
90210,828,2,2.0,2009,0.022,Minor (Cosmetic),Condo,0,687400.0
10001,2100,3,4.0,2019,0.76,None,Single Family,1,2094300.0
10001,1763,2,2.5,1983,0.016,Minor (Cosmetic),Condo,1,1317200.0
33101,2387,4,5.0,1972,0.97,Full Gut Rehab,Single Family,1,1356400.0
90210,2650,4,5.5,1975,0.59,None,Single Family,1,1948900.0
94102,2449,2,3.0,1964,0.4,Full Gut Rehab,Single Family,2,2080500.0
75001,1430,2,3.5,1952,0.073,Minor (Cosmetic),Townhouse,2,417500.0
10001,2530,4,5.0,1978,0.112,Full Gut Rehab,Townhouse,2,2365000.0
33101,2104,3,4.0,2018,0.26,Minor (Cosmetic),Single Family,2,1298800.0
10001,1654,2,2.5,1977,0.16,None,Single Family,1,1319300.0
94102,2161,3,4.0,1969,0.31,None,Single Family,2,1477800.0
10001,998,2,2.5,1953,0.09,None,Single Family,2,815000.0
60601,2011,3,4.0,1989,0.11,None,Single Family,1,756600.0
30301,1364,3,3.5,2007,0.114,Minor (Cosmetic),Townhouse,0,455200.0
75001,2077,3,3.5,1940,0.104,None,Townhouse,2,565800.0
98101,1994,3,4.5,2000,0.25,Full Gut Rehab,Single Family,2,1329900.0
33101,3165,5,6.0,1942,0.19,Major (Structural/Systems),Single Family,3,1797800.0
10001,2429,4,5.0,1989,0.105,Full Gut Rehab,Townhouse,2,2417400.0
02108,2151,3,4.0,2000,0.086,Minor (Cosmetic),Townhouse,3,1431000.0
30301,2338,4,5.0,1975,0.19,Minor (Cosmetic),Single Family,1,697300.0
90210,2605,3,4.0,1943,0.25,None,Single Family,2,1883100.0
94102,1356,1,2.0,1982,0.09,Minor (Cosmetic),Single Family,1,950100.0
10001,2399,4,5.0,1953,0.08,Minor (Cosmetic),Single Family,2,2064900.0
90210,1854,2,3.0,2006,1.58,Major (Structural/Systems),Single Family,1,1953100.0
10001,3020,4,5.5,1946,1.22,None,Single Family,3,2747100.0
78701,2000,3,3.5,1947,0.027,Minor (Cosmetic),Condo,1,790800.0
80202,2874,4,6.0,1983,0.25,Minor (Cosmetic),Single Family,2,1176000.0
30301,1006,1,2.0,2003,0.61,Minor (Cosmetic),Single Family,2,376300.0
75001,2229,4,4.0,1946,0.45,None,Single Family,2,628100.0
98101,1855,3,4.0,1987,0.048,Minor (Cosmetic),Townhouse,1,950100.0
02108,1839,2,3.0,2001,0.07,Major (Structural/Systems),Townhouse,2,1415800.0
98101,1951,3,3.5,1964,0.1,Major (Structural/Systems),Single Family,1,1131100.0
33101,2683,4,5.0,2020,1.72,Minor (Cosmetic),Single Family,1,1602400.0
02108,2205,2,3.0,2007,0.48,Full Gut Rehab,Multi-Family,1,2070600.0
33101,1791,3,3.5,2003,0.08,Major (Structural/Systems),Single Family,3,1006500.0
98101,2984,5,6.0,1957,0.81,Major (Structural/Systems),Single Family,3,1703700.0
78701,1738,3,3.5,1943,0.92,Minor (Cosmetic),Single Family,3,827400.0
80202,2903,4,5.0,1956,0.14,Minor (Cosmetic),Single Family,4,1241500.0
02108,1472,2,3.0,1986,0.36,None,Single Family,2,943600.0
85001,2594,4,5.0,2020,0.095,Minor (Cosmetic),Townhouse,3,936800.0
60601,829,2,2.5,1984,0.039,Minor (Cosmetic),Condo,0,315700.0
94102,2332,4,5.0,1997,0.41,None,Single Family,2,1861600.0
30301,1948,3,3.5,1942,0.085,Full Gut Rehab,Townhouse,2,683200.0
80202,2075,4,5.0,1951,1.08,None,Single Family,1,941100.0
30301,2607,4,5.0,1956,0.25,None,Single Family,3,743100.0
75001,1301,2,3.0,1961,0.014,Minor (Cosmetic),Condo,0,342300.0
80202,1436,3,3.0,1978,0.013,Minor (Cosmetic),Condo,1,585100.0
90210,3093,5,6.0,1978,0.08,None,Single Family,3,2478000.0
02108,2371,3,4.0,1955,0.2,None,Single Family,2,1497700.0
78701,1048,1,2.0,1990,0.021,None,Condo,0,396800.0
33101,1922,2,3.0,1968,0.046,None,Condo,1,712800.0
02108,1432,2,2.5,2017,0.045,None,Condo,0,910500.0
94102,1808,2,3.5,2010,0.64,Minor (Cosmetic),Single Family,1,1623200.0
75001,2574,4,4.5,1980,0.71,None,Single Family,2,716500.0
85001,2248,3,4.0,1996,0.12,None,Single Family,2,697000.0
78701,2398,3,4.0,1967,0.19,Major (Structural/Systems),Single Family,0,1024400.0
10001,1246,2,2.0,2016,0.065,Minor (Cosmetic),Townhouse,0,1261600.0
02108,2191,3,4.0,2019,0.08,None,Single Family,3,1594600.0
90210,3858,6,6.0,1960,0.9,None,Single Family,2,3001600.0
30301,1302,2,2.5,1943,0.035,None,Condo,2,348400.0
94102,800,1,1.5,1954,0.08,Major (Structural/Systems),Single Family,1,630700.0
78701,3412,5,6.0,1992,0.08,None,Single Family,2,1448800.0
02108,2290,4,4.5,1985,0.076,Full Gut Rehab,Townhouse,2,1744900.0
78701,1638,3,3.5,1946,0.044,None,Townhouse,2,657700.0
33101,1351,2,3.0,1957,0.021,Minor (Cosmetic),Condo,0,570800.0
75001,1855,3,3.5,1960,0.43,Major (Structural/Systems),Single Family,3,602700.0
10001,935,1,1.5,1947,0.047,Full Gut Rehab,Condo,1,818400.0
90210,1624,3,4.0,1998,0.047,None,Condo,0,1221200.0
94102,2296,4,5.0,1959,0.26,None,Single Family,0,1583400.0
30301,1097,2,2.0,2021,0.13,Minor (Cosmetic),Single Family,2,441400.0
30301,1771,3,4.0,2022,0.114,Minor (Cosmetic),Townhouse,3,690900.0
33101,2441,4,5.5,2006,0.54,Full Gut Rehab,Single Family,2,1646100.0
33101,1519,3,4.0,1994,0.033,Minor (Cosmetic),Condo,1,689800.0
33101,2510,5,5.5,2001,0.63,None,Single Family,2,1310800.0
10001,2183,4,5.5,1957,0.21,Minor (Cosmetic),Single Family,2,1830400.0
30301,3283,5,6.0,2018,0.08,None,Single Family,2,1124300.0
80202,1854,2,3.0,1995,0.115,Minor (Cosmetic),Townhouse,2,808500.0
98101,1937,3,3.5,2024,0.27,Minor (Cosmetic),Single Family,1,1299600.0
78701,3366,5,6.0,1961,0.42,None,Single Family,2,1310700.0
90210,1167,2,2.5,1947,0.026,Full Gut Rehab,Condo,1,1076600.0
10001,1101,2,2.5,1950,0.015,Minor (Cosmetic),Condo,2,945300.0
60601,3342,5,6.0,1951,0.11,Major (Structural/Systems),Multi-Family,3,1414700.0
94102,1696,4,4.5,1987,0.08,Minor (Cosmetic),Single Family,2,1279400.0
33101,2104,2,3.0,2002,0.08,Major (Structural/Systems),Single Family,3,1333800.0
10001,3202,5,6.0,1966,0.08,Minor (Cosmetic),Multi-Family,2,3044900.0
98101,1031,1,1.0,1974,0.032,Full Gut Rehab,Condo,1,570700.0
02108,3454,4,6.0,1941,1.73,Minor (Cosmetic),Single Family,1,2157400.0
98101,2663,4,5.5,1947,0.65,None,Single Family,2,1422800.0
60601,2184,3,4.5,1959,0.047,None,Townhouse,3,732700.0
02108,2507,4,5.5,1947,0.65,Full Gut Rehab,Single Family,2,1925100.0
78701,1469,2,2.5,2002,0.031,Minor (Cosmetic),Condo,1,687400.0
80202,2798,5,6.0,2007,0.38,None,Single Family,1,1287100.0
33101,2510,3,5.0,1970,0.08,Major (Structural/Systems),Single Family,2,1293800.0
85001,1095,2,2.5,1971,0.026,None,Condo,1,324900.0
60601,1784,3,3.5,1952,0.75,Major (Structural/Systems),Single Family,1,713300.0
10001,2880,5,6.0,1965,0.19,Minor (Cosmetic),Single Family,1,2535400.0
90210,2469,4,4.5,2020,0.08,None,Single Family,2,2424200.0
02108,2123,3,4.0,1968,0.13,None,Single Family,4,1312800.0
33101,1487,2,3.0,1957,0.019,Minor (Cosmetic),Condo,1,667500.0
90210,1237,1,1.5,2008,0.095,Full Gut Rehab,Townhouse,1,1238200.0
78701,952,2,2.0,1951,0.046,Minor (Cosmetic),Condo,1,376300.0
33101,3270,6,6.0,1941,0.46,Major (Structural/Systems),Single Family,2,1578900.0
98101,2736,4,4.5,1981,0.65,Minor (Cosmetic),Single Family,2,1467600.0
75001,2464,4,4.5,1946,0.57,None,Single Family,2,697900.0
94102,1912,2,3.0,1986,0.041,Major (Structural/Systems),Townhouse,2,1452800.0
90210,1880,3,4.0,1993,0.05,Minor (Cosmetic),Townhouse,1,1588400.0
60601,1117,2,2.5,1954,0.074,None,Townhouse,3,410300.0
78701,2238,3,4.0,1997,0.08,None,Single Family,3,981300.0
60601,3712,6,6.0,1972,0.46,Minor (Cosmetic),Single Family,1,1299800.0
80202,2005,3,4.0,2006,0.08,Minor (Cosmetic),Single Family,2,1032400.0
10001,2261,2,3.5,2002,0.19,None,Single Family,3,2101200.0
75001,2093,4,5.0,1987,0.17,Minor (Cosmetic),Single Family,4,680700.0
75001,1760,3,3.5,2005,0.083,Minor (Cosmetic),Townhouse,2,559900.0
60601,2062,4,4.5,2020,0.35,None,Single Family,0,879900.0
02108,2865,4,6.0,2004,1.03,None,Single Family,3,1881700.0
33101,2647,3,4.5,1975,0.11,Major (Structural/Systems),Single Family,0,1234000.0
98101,2148,4,4.5,1956,0.093,Full Gut Rehab,Townhouse,2,1274800.0
94102,732,1,1.5,1941,0.011,None,Condo,0,457100.0
30301,980,2,2.0,1972,0.01,None,Condo,1,268400.0
94102,1698,3,3.5,1945,0.042,None,Townhouse,0,1038600.0
85001,2841,5,6.0,1982,0.21,None,Single Family,1,895500.0
80202,822,2,2.5,1950,0.032,None,Condo,1,316400.0
10001,3186,5,6.0,1944,0.08,Minor (Cosmetic),Single Family,1,2668200.0
78701,3389,5,6.0,1969,0.18,Minor (Cosmetic),Single Family,2,1475600.0
30301,1355,2,2.0,1949,0.043,Minor (Cosmetic),Townhouse,1,413600.0
60601,928,2,3.0,1963,0.036,None,Condo,0,307800.0
75001,2101,4,4.5,1998,0.35,Minor (Cosmetic),Single Family,3,707700.0
33101,4474,6,6.0,2006,0.54,None,Single Family,2,2258100.0
60601,2177,3,4.0,2000,0.28,None,Single Family,3,835600.0
75001,3758,7,6.0,1965,0.34,Major (Structural/Systems),Single Family,2,1158100.0
10001,1550,2,3.0,1978,0.11,None,Single Family,3,1238200.0
80202,1757,3,3.5,2021,0.08,None,Single Family,3,891500.0
10001,1985,3,4.0,1942,0.47,Minor (Cosmetic),Single Family,4,1700600.0
85001,1419,3,3.0,1977,0.089,Minor (Cosmetic),Townhouse,2,473700.0
85001,2299,3,5.0,1981,0.98,None,Single Family,2,719300.0
90210,1968,3,4.0,1987,1.59,None,Single Family,1,1561400.0
60601,1885,3,3.5,1952,0.66,Minor (Cosmetic),Single Family,3,689400.0
30301,2321,3,4.0,1995,0.119,Full Gut Rehab,Townhouse,2,887600.0
10001,3417,5,6.0,1998,0.36,Full Gut Rehab,Single Family,3,3822600.0
78701,3211,5,6.0,2002,0.08,Full Gut Rehab,Single Family,1,1917800.0
30301,2892,5,5.5,2019,0.08,None,Single Family,2,1053500.0
90210,1132,2,2.5,1982,0.042,None,Condo,0,774700.0
60601,926,2,2.0,2014,0.019,None,Condo,1,383500.0
02108,1371,3,3.5,1996,0.045,None,Townhouse,1,934600.0
30301,3490,5,6.0,1960,0.22,None,Multi-Family,2,1014100.0
85001,689,1,1.0,1993,0.023,Minor (Cosmetic),Condo,1,218800.0
85001,752,2,2.0,2018,0.034,None,Condo,2,292300.0
80202,3364,5,6.0,1992,0.32,None,Single Family,1,1360500.0
30301,3925,7,6.0,1984,0.4,Minor (Cosmetic),Single Family,2,1223100.0
75001,3514,6,6.0,1975,0.3,None,Multi-Family,1,963600.0
02108,3329,4,6.0,2002,0.17,None,Single Family,3,2317700.0
75001,2315,4,5.0,1940,0.08,Minor (Cosmetic),Single Family,2,686700.0
90210,631,1,1.0,2006,0.046,None,Condo,0,475400.0
33101,2959,5,6.0,2018,0.14,Major (Structural/Systems),Single Family,2,2011900.0
10001,1299,2,2.5,1972,0.03,Full Gut Rehab,Condo,1,1215500.0
94102,1125,1,1.5,1971,0.032,Minor (Cosmetic),Condo,1,706700.0
90210,2318,3,3.5,1997,0.13,Minor (Cosmetic),Single Family,4,2117000.0
60601,2232,3,4.0,1965,0.065,None,Townhouse,1,721500.0
98101,1760,3,3.5,2000,0.11,Full Gut Rehab,Single Family,1,1197200.0
60601,1919,4,5.0,1956,0.1,None,Single Family,2,742200.0
90210,1743,3,3.5,2012,0.08,Major (Structural/Systems),Single Family,3,1885900.0
02108,1129,2,2.0,2008,0.048,Minor (Cosmetic),Condo,1,774100.0
78701,719,1,2.0,1968,0.034,Major (Structural/Systems),Condo,0,334000.0
75001,1986,3,4.0,2002,0.08,Full Gut Rehab,Single Family,2,723100.0
02108,852,1,1.0,1945,0.034,Minor (Cosmetic),Condo,1,514500.0
33101,2304,3,4.0,1998,0.09,None,Single Family,2,1095300.0
30301,1130,2,2.0,1960,0.065,Major (Structural/Systems),Townhouse,3,393500.0
33101,2565,4,5.0,1984,0.57,Major (Structural/Systems),Single Family,1,1337900.0
10001,1536,3,3.5,1984,0.045,Minor (Cosmetic),Condo,1,1255900.0
90210,2601,5,6.0,1974,0.42,Major (Structural/Systems),Single Family,3,2137700.0
30301,3655,5,6.0,1991,0.94,Major (Structural/Systems),Single Family,2,1213200.0
90210,3500,6,6.0,1985,0.82,Full Gut Rehab,Single Family,0,3397300.0
30301,2149,3,4.0,2005,0.084,Minor (Cosmetic),Townhouse,1,717300.0
78701,2556,3,4.5,1996,0.83,None,Single Family,2,1147300.0
85001,1810,3,4.0,1981,0.084,Minor (Cosmetic),Townhouse,1,569700.0
75001,3072,5,6.0,2012,0.08,None,Single Family,4,980700.0
85001,2206,4,4.5,2016,0.62,Minor (Cosmetic),Single Family,3,894300.0
98101,1088,2,2.5,1955,0.08,Major (Structural/Systems),Single Family,1,632800.0
60601,2021,3,3.5,1944,0.065,None,Townhouse,3,657800.0
98101,1651,3,4.0,1940,0.17,Minor (Cosmetic),Single Family,2,956100.0
80202,1367,2,2.5,1961,0.105,None,Townhouse,2,525500.0
33101,1800,2,4.0,1987,0.047,None,Townhouse,1,771700.0
30301,1757,3,3.5,1965,0.076,Minor (Cosmetic),Townhouse,1,506300.0
85001,1440,2,2.5,1973,0.2,Minor (Cosmetic),Single Family,2,453300.0
60601,1157,2,2.5,1997,0.033,Major (Structural/Systems),Condo,1,481300.0
80202,1438,3,3.0,2024,0.024,None,Condo,1,662400.0
80202,1653,2,3.0,1946,0.3,Minor (Cosmetic),Single Family,2,696100.0
60601,1545,3,3.5,1964,0.049,None,Condo,0,507100.0
10001,1329,2,2.5,1996,0.08,None,Single Family,3,1191900.0
94102,4087,7,6.0,1951,0.73,Major (Structural/Systems),Single Family,3,3306300.0
98101,2191,3,4.0,1970,0.13,None,Single Family,2,1068700.0
02108,2609,5,6.0,1966,0.22,None,Single Family,1,1614000.0
02108,1080,2,3.0,1973,0.47,Minor (Cosmetic),Single Family,1,700900.0
10001,2453,4,5.0,2020,0.84,Major (Structural/Systems),Single Family,2,3042400.0
90210,1179,1,1.5,2014,0.01,Minor (Cosmetic),Condo,1,991700.0
90210,2435,3,5.0,1973,0.38,Major (Structural/Systems),Single Family,2,2094400.0
85001,2077,3,4.0,1976,0.08,None,Single Family,3,644300.0
80202,1790,2,3.0,1997,0.26,Minor (Cosmetic),Single Family,2,837300.0
98101,1495,2,3.0,1999,0.04,Minor (Cosmetic),Condo,2,826800.0
33101,1110,1,1.5,1965,0.017,Major (Structural/Systems),Condo,0,512700.0
10001,1639,3,3.0,1984,0.041,Major (Structural/Systems),Condo,1,1395700.0
85001,915,2,2.5,1984,0.022,Minor (Cosmetic),Condo,2,306900.0
75001,2173,3,3.5,1971,0.33,Minor (Cosmetic),Single Family,2,677500.0
94102,1385,3,4.0,2008,0.036,Minor (Cosmetic),Condo,2,1110800.0
80202,1282,1,1.5,2023,0.37,Minor (Cosmetic),Single Family,2,665400.0
30301,1589,2,3.5,2010,0.08,Minor (Cosmetic),Single Family,3,607400.0
85001,1484,2,2.5,1962,0.016,None,Condo,1,405200.0
80202,1621,3,4.0,2004,0.68,None,Single Family,2,822100.0
33101,550,1,1.5,1978,0.048,None,Condo,0,224800.0
10001,1753,2,3.0,2006,0.033,Major (Structural/Systems),Condo,1,1696000.0
85001,1454,2,3.0,1984,0.32,Full Gut Rehab,Single Family,1,541700.0
10001,2638,5,6.0,2006,0.49,Minor (Cosmetic),Single Family,1,2616700.0
85001,2551,4,4.5,2002,0.18,None,Single Family,0,815200.0
33101,900,1,1.5,2009,0.066,None,Townhouse,2,458900.0
33101,1006,1,1.5,1993,0.041,None,Condo,0,438800.0
78701,2836,5,6.0,1966,0.08,None,Single Family,4,1175600.0
10001,2765,4,5.5,2018,0.76,None,Single Family,2,2953600.0
10001,1416,2,3.0,1975,0.028,Major (Structural/Systems),Condo,1,1141600.0
10001,1625,3,3.5,1944,0.08,Minor (Cosmetic),Townhouse,1,1415000.0
10001,3034,5,6.0,2006,0.35,None,Single Family,2,2922700.0
75001,1983,4,4.5,1990,0.11,None,Single Family,1,568200.0
98101,1165,1,1.5,1971,0.088,Minor (Cosmetic),Townhouse,2,580000.0
90210,1526,2,3.0,1960,0.41,None,Single Family,1,1172900.0
85001,1403,2,2.5,1956,0.08,Minor (Cosmetic),Single Family,1,442000.0
30301,4007,6,6.0,2012,0.26,None,Multi-Family,1,1390400.0
30301,569,1,1.0,1965,0.023,Major (Structural/Systems),Condo,1,173900.0
85001,2705,5,6.0,1961,0.29,Minor (Cosmetic),Single Family,3,920700.0
10001,2300,3,4.0,1980,0.08,Minor (Cosmetic),Single Family,1,1936200.0
98101,2423,4,5.0,1998,0.48,Major (Structural/Systems),Single Family,2,1641300.0
60601,3522,5,6.0,2014,0.08,None,Single Family,1,1424400.0
60601,1602,3,3.5,1949,0.095,Minor (Cosmetic),Townhouse,2,601600.0
94102,2958,4,5.5,1944,0.51,None,Single Family,2,2132000.0
75001,1113,1,2.0,1994,0.04,Minor (Cosmetic),Condo,1,309500.0
10001,1731,2,3.0,1965,0.105,None,Townhouse,2,1254000.0
10001,4224,6,6.0,1943,0.13,Minor (Cosmetic),Single Family,4,3355900.0
78701,1418,2,2.5,1966,1.2,None,Single Family,2,611100.0
33101,3466,5,6.0,1997,0.08,None,Single Family,2,1619000.0
78701,2095,4,5.5,1942,0.078,Major (Structural/Systems),Townhouse,2,984500.0
94102,1584,3,3.5,1989,0.062,Full Gut Rehab,Townhouse,2,1435800.0
30301,3721,7,6.0,1965,0.47,None,Single Family,2,1101700.0
02108,550,1,1.5,1957,0.042,None,Condo,1,300000.0
94102,917,2,2.5,1946,0.043,None,Condo,1,610900.0
30301,1256,3,3.0,1984,0.064,None,Townhouse,2,387900.0
85001,2809,4,5.5,1952,0.11,None,Single Family,4,865600.0
30301,1665,2,2.5,1945,0.4,Minor (Cosmetic),Single Family,3,559300.0
75001,1994,3,4.5,1974,0.114,None,Townhouse,3,540500.0
33101,2360,3,4.0,1992,0.1,None,Single Family,0,1098800.0
78701,2140,5,5.5,2007,0.85,Major (Structural/Systems),Single Family,2,1322500.0
94102,2791,5,6.0,1981,0.31,Minor (Cosmetic),Single Family,2,2063300.0
98101,2298,5,5.5,1943,0.47,Minor (Cosmetic),Single Family,2,1235100.0
98101,1683,3,3.5,1999,0.2,None,Single Family,2,930700.0
02108,3060,5,6.0,1984,0.105,Minor (Cosmetic),Townhouse,3,1898600.0
60601,2134,3,4.5,2011,1.23,Major (Structural/Systems),Single Family,2,1081700.0
78701,836,2,2.5,2014,0.08,Minor (Cosmetic),Single Family,1,462500.0
94102,805,1,1.5,2005,0.025,Minor (Cosmetic),Condo,1,632900.0
10001,1549,1,2.5,2021,0.69,None,Single Family,2,1613600.0
60601,3119,4,5.5,2021,0.08,None,Single Family,2,1247200.0
90210,1212,1,2.0,1961,0.027,Minor (Cosmetic),Condo,2,901900.0
30301,1979,4,4.5,1951,0.053,Full Gut Rehab,Townhouse,1,732400.0
78701,970,2,2.5,2020,0.036,Minor (Cosmetic),Condo,1,496800.0
80202,1002,1,1.5,1990,0.02,Minor (Cosmetic),Condo,1,410800.0
33101,2221,4,5.0,1956,0.17,Minor (Cosmetic),Single Family,0,1097300.0
75001,1763,3,4.0,1975,0.079,Minor (Cosmetic),Townhouse,4,553700.0
98101,3126,4,6.0,1988,0.12,Major (Structural/Systems),Single Family,2,1882900.0
33101,1217,2,3.0,1955,0.037,None,Condo,1,482100.0
78701,2875,4,5.5,2014,0.08,Major (Structural/Systems),Single Family,2,1628400.0
02108,2024,3,4.0,1983,0.11,Minor (Cosmetic),Townhouse,3,1276800.0
30301,1409,2,2.5,1961,0.029,None,Condo,1,384300.0
75001,1200,2,2.5,1947,0.033,None,Condo,1,294500.0
33101,2769,4,5.0,1957,0.34,Minor (Cosmetic),Single Family,3,1414200.0
30301,3391,5,6.0,2019,0.08,None,Single Family,3,1242000.0
30301,867,1,1.5,2023,0.04,Minor (Cosmetic),Condo,0,273400.0
60601,800,1,1.0,2011,0.048,None,Condo,2,299400.0
75001,1610,2,3.0,1977,0.26,Minor (Cosmetic),Single Family,1,474100.0
60601,3346,6,6.0,1968,0.17,Minor (Cosmetic),Multi-Family,2,1319100.0
60601,965,1,1.5,2016,0.103,Minor (Cosmetic),Townhouse,2,421000.0
33101,2846,4,5.5,2020,0.45,Major (Structural/Systems),Single Family,1,1883900.0
60601,1750,3,3.5,2020,0.092,Major (Structural/Systems),Townhouse,2,816800.0
94102,3350,5,6.0,2012,1.18,Major (Structural/Systems),Single Family,2,3368300.0
30301,1996,2,3.5,1941,0.31,Minor (Cosmetic),Single Family,1,561400.0
30301,2347,5,5.5,1998,0.1,Minor (Cosmetic),Single Family,3,794800.0
90210,1492,2,3.0,1981,0.011,Minor (Cosmetic),Condo,0,1082400.0
75001,1584,2,2.5,1960,0.028,Minor (Cosmetic),Condo,1,409800.0
94102,1989,3,4.0,1941,0.37,None,Single Family,1,1266500.0
98101,1163,3,2.5,1944,0.017,Minor (Cosmetic),Condo,0,579700.0
60601,1203,1,2.0,1956,0.011,Minor (Cosmetic),Condo,2,437400.0
10001,1230,2,3.0,1963,0.046,Major (Structural/Systems),Condo,0,1039800.0
75001,2303,5,5.5,1947,0.13,None,Single Family,2,697100.0
75001,2376,4,4.5,1969,0.077,None,Townhouse,2,622000.0
78701,1082,1,2.0,1989,0.08,None,Single Family,0,467100.0
90210,2184,3,4.5,1961,0.17,Full Gut Rehab,Single Family,3,1861300.0
02108,2835,4,5.5,1998,0.19,None,Single Family,1,1844400.0
33101,2842,5,5.5,1963,0.82,Full Gut Rehab,Single Family,2,1770300.0
85001,2408,4,5.0,1965,0.109,Full Gut Rehab,Townhouse,2,889500.0
33101,3398,6,6.0,2000,0.08,Major (Structural/Systems),Single Family,2,1924900.0
02108,1000,1,1.5,1947,0.032,Major (Structural/Systems),Condo,1,629000.0
33101,3474,5,6.0,1951,0.46,Full Gut Rehab,Single Family,3,1847600.0
78701,1964,3,3.5,1953,0.12,None,Single Family,3,833100.0
75001,3944,7,6.0,1969,0.18,None,Multi-Family,2,1049100.0
94102,1733,3,3.5,1994,0.049,Major (Structural/Systems),Condo,1,1391400.0
60601,3411,5,6.0,2000,0.5,None,Single Family,2,1298600.0
78701,2579,4,4.5,2001,0.2,None,Single Family,3,1241100.0
85001,2251,4,5.0,1970,0.27,None,Single Family,3,695600.0
98101,1353,2,2.5,1966,0.34,Minor (Cosmetic),Single Family,1,703400.0
33101,1208,2,2.5,1940,0.03,Minor (Cosmetic),Condo,0,530500.0
85001,709,1,1.5,1980,0.026,None,Condo,2,213700.0
94102,1905,4,4.5,1953,0.16,Minor (Cosmetic),Single Family,2,1406400.0
85001,1264,2,2.5,2013,0.054,Minor (Cosmetic),Townhouse,2,490100.0
60601,938,1,1.5,1989,0.049,Full Gut Rehab,Condo,1,403200.0
90210,2479,4,5.5,1981,0.08,None,Single Family,1,1887000.0
02108,2705,4,5.0,2010,0.32,None,Single Family,1,1934400.0
60601,889,2,2.5,1979,0.048,None,Condo,1,342300.0
90210,1474,2,2.5,1953,0.025,Full Gut Rehab,Condo,1,1292000.0
78701,2343,3,4.0,1950,0.1,None,Single Family,1,921200.0
98101,1909,4,5.0,2002,1.09,None,Single Family,4,1225100.0
33101,2669,5,6.0,1988,0.57,None,Single Family,2,1247000.0
90210,2683,5,5.5,1976,0.092,Minor (Cosmetic),Townhouse,2,2063600.0
30301,2751,4,4.5,1949,0.33,Minor (Cosmetic),Single Family,1,803400.0
85001,2227,4,4.5,1993,0.16,Major (Structural/Systems),Single Family,2,805000.0
85001,565,1,1.5,1946,0.036,Minor (Cosmetic),Condo,2,199000.0
60601,1701,3,4.0,2020,0.098,Minor (Cosmetic),Townhouse,3,767300.0
94102,1905,4,4.5,1951,0.043,None,Townhouse,1,1254100.0
60601,2209,3,4.0,1994,0.08,Minor (Cosmetic),Single Family,2,892200.0
90210,1250,1,1.5,1975,0.13,Minor (Cosmetic),Single Family,1,964200.0
90210,1862,4,4.0,1946,0.14,None,Single Family,3,1416100.0
98101,3590,6,6.0,1963,0.81,Major (Structural/Systems),Single Family,2,2037800.0
80202,2445,3,4.5,1973,0.095,None,Townhouse,2,915800.0
75001,1835,3,4.0,2004,0.16,Major (Structural/Systems),Single Family,2,700900.0
60601,3004,4,5.5,1968,0.58,None,Single Family,3,1110500.0
80202,1616,3,3.0,1965,0.14,Minor (Cosmetic),Single Family,2,659600.0
02108,3553,5,6.0,2013,1.64,None,Single Family,0,2523300.0
85001,1185,2,2.0,2004,0.041,None,Condo,0,333800.0
80202,3212,5,6.0,1984,0.58,Major (Structural/Systems),Single Family,0,1458000.0
80202,1213,2,2.5,1956,0.11,Minor (Cosmetic),Single Family,1,542400.0
10001,3008,5,6.0,1975,0.08,Minor (Cosmetic),Single Family,2,2471400.0
75001,2494,4,5.5,2012,0.17,Major (Structural/Systems),Single Family,4,970500.0
60601,3138,5,6.0,2002,0.14,Minor (Cosmetic),Single Family,2,1356400.0
10001,1420,2,3.0,1962,0.041,Minor (Cosmetic),Condo,1,1012100.0
94102,1123,2,2.5,2005,0.017,None,Condo,1,805600.0
60601,889,1,1.0,2021,0.031,None,Condo,2,337000.0
33101,2150,2,3.5,1981,0.09,None,Townhouse,2,878300.0
02108,1772,2,2.5,2010,0.071,Major (Structural/Systems),Townhouse,2,1423500.0
85001,1407,2,2.0,2014,0.056,Minor (Cosmetic),Townhouse,2,469900.0
94102,1809,3,3.5,2010,0.79,None,Single Family,2,1528500.0
80202,1392,2,2.5,1982,0.08,Minor (Cosmetic),Single Family,2,563600.0
85001,2117,3,4.0,1994,0.13,None,Single Family,2,644500.0
80202,2296,3,4.0,1995,0.101,Full Gut Rehab,Townhouse,2,1215600.0
33101,3342,5,6.0,2018,0.33,Minor (Cosmetic),Multi-Family,2,2153000.0
98101,1561,2,2.5,1970,0.098,Full Gut Rehab,Townhouse,2,875200.0
02108,3103,5,6.0,2022,0.58,None,Single Family,2,2397300.0
85001,1425,2,2.5,1995,0.112,None,Townhouse,3,457600.0
98101,2571,4,5.0,2013,0.13,Minor (Cosmetic),Single Family,2,1638600.0
30301,2365,3,4.0,1987,0.23,Major (Structural/Systems),Single Family,2,816000.0
10001,3084,4,5.5,1991,0.41,Minor (Cosmetic),Single Family,2,3025900.0
10001,1317,3,3.0,2011,0.55,Major (Structural/Systems),Single Family,1,1502700.0
90210,1862,2,3.0,1940,0.3,None,Single Family,2,1474400.0
33101,1271,2,3.0,1941,0.25,Minor (Cosmetic),Single Family,3,631400.0
98101,2305,4,5.0,1981,0.41,Minor (Cosmetic),Single Family,3,1251200.0
30301,1523,3,3.0,2013,0.025,Minor (Cosmetic),Condo,1,499800.0
80202,1572,3,3.5,1948,0.111,Minor (Cosmetic),Townhouse,2,655700.0
85001,921,1,1.5,1970,0.018,Minor (Cosmetic),Condo,1,261200.0
10001,3153,5,6.0,1941,0.75,Minor (Cosmetic),Single Family,1,2760100.0
30301,2280,4,5.0,1963,0.091,None,Townhouse,0,629800.0
75001,1760,3,4.0,1982,0.088,None,Townhouse,1,486100.0
75001,3013,5,6.0,2009,0.22,None,Single Family,1,959900.0
75001,1692,3,4.5,2011,0.08,Minor (Cosmetic),Single Family,1,595300.0
60601,3533,5,6.0,1982,0.7,Minor (Cosmetic),Single Family,2,1305900.0
33101,4111,6,6.0,1990,0.08,Minor (Cosmetic),Single Family,1,1934700.0
94102,1282,3,3.5,1985,0.021,None,Condo,1,837200.0
90210,900,2,2.5,2014,0.049,None,Townhouse,4,887100.0
30301,2081,4,5.0,1940,0.08,None,Single Family,2,620200.0
33101,2075,2,3.5,2006,0.071,Minor (Cosmetic),Townhouse,2,1091100.0
75001,1610,3,4.0,1940,0.053,Major (Structural/Systems),Townhouse,1,523300.0
80202,2372,4,4.5,2002,0.087,Major (Structural/Systems),Townhouse,4,1236000.0
94102,2941,4,6.0,2015,0.35,Full Gut Rehab,Single Family,1,3116500.0
94102,1482,2,3.0,2001,0.111,None,Townhouse,2,1179700.0
60601,2524,4,4.5,2000,0.12,None,Single Family,4,1017700.0
80202,787,1,1.5,1979,0.022,Major (Structural/Systems),Condo,2,344200.0
10001,2363,4,5.0,1968,0.1,Minor (Cosmetic),Single Family,4,2161700.0
78701,2084,4,4.5,1974,0.53,None,Single Family,2,897500.0
90210,1511,2,2.0,2024,0.027,Minor (Cosmetic),Condo,0,1356700.0
78701,4087,6,6.0,1950,0.28,Minor (Cosmetic),Single Family,1,1699000.0
02108,1426,2,3.0,1950,0.16,Full Gut Rehab,Single Family,4,1044600.0
75001,1057,1,2.0,2002,0.08,Major (Structural/Systems),Single Family,2,355700.0
02108,1014,1,1.5,2008,0.014,None,Condo,0,606500.0
80202,1361,2,3.0,1995,0.71,None,Single Family,2,640500.0
90210,1820,3,4.0,1946,0.061,Minor (Cosmetic),Townhouse,2,1395700.0
90210,3061,5,6.0,1990,0.99,None,Single Family,1,2468900.0
98101,3620,5,6.0,1978,1.03,None,Single Family,2,1753800.0
80202,2651,4,5.5,1981,0.23,Full Gut Rehab,Single Family,2,1279700.0
33101,2355,3,4.5,2011,1.11,Major (Structural/Systems),Single Family,1,1635400.0
02108,1016,1,2.0,1992,0.08,Minor (Cosmetic),Single Family,1,682000.0
60601,2519,4,5.5,1960,0.08,Major (Structural/Systems),Single Family,3,1057400.0
30301,3257,6,6.0,1969,0.1,None,Multi-Family,2,1041800.0
75001,1323,2,2.5,2017,0.018,Major (Structural/Systems),Condo,0,443300.0
90210,1968,3,3.5,1940,0.1,Minor (Cosmetic),Single Family,2,1536200.0
80202,2173,3,4.5,1963,0.21,Major (Structural/Systems),Single Family,2,967800.0
94102,1134,2,2.5,1945,0.045,None,Townhouse,2,736100.0
10001,800,1,1.5,1945,0.28,Major (Structural/Systems),Single Family,1,748400.0
85001,1668,2,2.5,2008,0.13,Major (Structural/Systems),Single Family,1,626200.0
94102,550,1,1.5,2001,0.013,Minor (Cosmetic),Condo,0,415300.0
78701,1217,2,2.0,1974,0.04,Minor (Cosmetic),Condo,0,459600.0
33101,918,1,1.5,2018,0.036,Full Gut Rehab,Condo,0,543800.0
60601,2096,3,4.0,1974,0.55,None,Single Family,3,810200.0
78701,1761,3,3.5,1987,0.98,None,Single Family,0,757500.0
90210,550,1,1.0,2011,0.033,None,Condo,1,443700.0
98101,3631,5,6.0,1982,0.54,Minor (Cosmetic),Single Family,3,1823500.0
78701,1749,2,3.5,1974,0.08,Major (Structural/Systems),Single Family,3,938800.0
94102,2190,4,5.0,1944,0.18,Minor (Cosmetic),Single Family,2,1512100.0
98101,1408,2,2.5,1970,0.26,Minor (Cosmetic),Single Family,2,746000.0
90210,2237,4,4.5,1970,0.083,Full Gut Rehab,Townhouse,4,2155000.0
90210,1864,3,4.0,1947,0.097,Minor (Cosmetic),Townhouse,2,1488700.0
98101,810,1,1.5,1945,0.042,Full Gut Rehab,Condo,2,477000.0
94102,2205,4,4.5,1992,0.38,Major (Structural/Systems),Single Family,2,1947400.0
78701,3758,5,6.0,2019,0.08,Minor (Cosmetic),Single Family,1,1898400.0
60601,2445,4,5.0,1983,0.15,None,Single Family,1,818800.0
75001,2363,4,5.0,1988,0.3,None,Single Family,3,688600.0
10001,2446,5,5.5,1947,0.25,Minor (Cosmetic),Multi-Family,3,2263200.0
10001,1079,2,2.5,2003,0.08,Major (Structural/Systems),Single Family,2,1200300.0
94102,2379,4,5.0,1943,1.38,None,Single Family,1,1697500.0
33101,2744,5,6.0,1971,1.09,None,Single Family,1,1353300.0
60601,1484,3,4.0,1992,0.041,Minor (Cosmetic),Condo,2,586600.0
90210,813,1,1.5,2006,0.08,Minor (Cosmetic),Single Family,1,707600.0
85001,1656,2,3.0,2002,0.2,Minor (Cosmetic),Single Family,2,555000.0
90210,2064,4,5.0,2019,0.18,Minor (Cosmetic),Single Family,3,2062100.0
78701,1798,2,2.5,1999,0.085,None,Townhouse,0,728200.0
60601,2391,4,4.5,2016,0.08,Major (Structural/Systems),Single Family,2,1169500.0
30301,1745,3,4.0,1972,0.074,Minor (Cosmetic),Townhouse,2,549000.0
60601,1983,3,3.5,1961,0.101,Minor (Cosmetic),Townhouse,1,707800.0
75001,1822,3,3.5,1970,2.18,None,Single Family,2,564200.0
98101,1426,2,3.0,1963,0.034,Minor (Cosmetic),Condo,1,712300.0
75001,2825,5,6.0,1942,0.99,Minor (Cosmetic),Single Family,1,831700.0
94102,2944,4,5.0,1972,2.28,None,Multi-Family,1,2282500.0
30301,3700,5,6.0,1965,0.2,Major (Structural/Systems),Single Family,2,1134800.0
78701,3667,6,6.0,1990,0.39,None,Single Family,2,1610600.0
75001,3199,5,6.0,1969,0.08,None,Single Family,2,868800.0
80202,800,1,1.5,1974,0.23,Minor (Cosmetic),Single Family,1,367000.0
33101,4463,7,6.0,1964,0.08,None,Multi-Family,3,2048400.0
78701,3096,4,5.5,1967,0.08,None,Single Family,1,1246500.0
60601,1802,3,3.5,1965,0.046,Minor (Cosmetic),Condo,1,620300.0
94102,3428,5,6.0,2012,0.68,Minor (Cosmetic),Single Family,0,3014200.0
90210,2510,3,4.5,1947,0.065,Minor (Cosmetic),Townhouse,2,1954100.0
10001,3158,4,6.0,1954,0.21,None,Single Family,2,2427900.0
94102,3511,5,6.0,1988,0.24,None,Single Family,0,2498300.0
30301,3995,7,6.0,1947,0.26,Minor (Cosmetic),Single Family,1,1186100.0
10001,1175,2,3.0,1994,0.015,Major (Structural/Systems),Condo,1,1078600.0
85001,1320,2,2.5,2024,0.52,Major (Structural/Systems),Single Family,4,624300.0
98101,2269,4,5.0,1997,0.15,Minor (Cosmetic),Single Family,2,1341700.0
10001,2792,4,5.5,1942,0.08,Minor (Cosmetic),Single Family,3,2406600.0
75001,1126,2,3.0,1948,0.037,Major (Structural/Systems),Condo,1,337600.0
33101,1565,3,4.0,1953,0.62,None,Single Family,1,727200.0
78701,550,1,1.0,1959,0.047,None,Condo,1,221600.0
78701,1944,4,5.0,1943,0.39,Minor (Cosmetic),Single Family,2,932000.0
60601,2163,4,4.0,1963,0.055,Minor (Cosmetic),Townhouse,2,753000.0
10001,2511,4,5.5,2015,0.087,None,Townhouse,1,2409200.0
85001,3187,5,6.0,1967,0.85,Minor (Cosmetic),Single Family,1,1005000.0
85001,3293,5,6.0,1970,0.15,None,Single Family,2,954100.0
33101,2439,4,5.0,2006,1.07,Minor (Cosmetic),Single Family,2,1389800.0
10001,1193,2,2.5,2003,0.08,None,Single Family,1,1052300.0
60601,2158,3,4.0,1956,0.46,Major (Structural/Systems),Single Family,3,903400.0
90210,1009,2,3.0,1945,0.015,None,Condo,1,701900.0
90210,2127,3,4.0,2021,0.56,Major (Structural/Systems),Single Family,2,2374800.0
02108,1824,3,3.5,1999,0.048,None,Townhouse,1,1166800.0
80202,2831,5,6.0,2020,0.14,Major (Structural/Systems),Single Family,2,1599900.0
30301,1398,3,3.5,1950,0.041,Major (Structural/Systems),Condo,0,413900.0
60601,2291,4,5.5,1977,0.22,None,Single Family,1,773300.0
60601,1072,1,2.0,1973,0.75,None,Single Family,2,409600.0
80202,2137,3,3.5,1986,0.18,Minor (Cosmetic),Single Family,1,829700.0
98101,2532,4,5.5,1971,1.85,None,Single Family,2,1285300.0
98101,3417,5,6.0,1996,0.08,Full Gut Rehab,Single Family,3,2356300.0
85001,901,2,2.5,1985,0.038,None,Condo,0,254600.0
90210,2030,3,4.0,1974,0.113,None,Townhouse,2,1476900.0
30301,2717,4,5.0,1961,0.27,None,Single Family,1,779700.0
78701,2532,4,5.0,1955,1.56,None,Single Family,2,1093500.0
80202,3197,5,6.0,2015,0.43,Minor (Cosmetic),Single Family,2,1690200.0
60601,2004,3,4.0,1944,0.2,Minor (Cosmetic),Single Family,4,823600.0
80202,2068,4,4.5,1965,0.25,Major (Structural/Systems),Single Family,2,930200.0
30301,1095,2,3.0,2016,0.045,Major (Structural/Systems),Condo,2,448100.0
30301,2687,5,6.0,1963,1.11,None,Multi-Family,1,858200.0
80202,2028,2,3.0,2006,0.084,Major (Structural/Systems),Townhouse,1,937400.0
02108,1965,3,4.0,1971,0.13,None,Single Family,3,1226400.0
33101,1901,4,4.5,1962,0.059,None,Townhouse,2,865000.0
30301,1064,2,2.0,1988,0.029,None,Condo,1,299400.0
10001,2661,4,4.5,2001,0.12,Major (Structural/Systems),Single Family,1,2943800.0
33101,2155,3,4.0,2016,0.19,Minor (Cosmetic),Single Family,2,1278300.0
33101,1647,2,2.5,2018,0.107,Minor (Cosmetic),Townhouse,1,896100.0
60601,2572,4,5.0,2005,0.22,Minor (Cosmetic),Single Family,3,1119100.0
94102,2651,5,6.0,1950,0.36,Minor (Cosmetic),Single Family,4,2209900.0
60601,2496,3,5.0,2019,0.08,Minor (Cosmetic),Single Family,3,1164100.0
30301,1696,3,3.5,1957,0.04,None,Condo,1,477300.0
10001,1756,2,3.5,1949,0.23,None,Single Family,2,1456800.0
10001,1771,2,3.0,2016,0.069,Minor (Cosmetic),Townhouse,2,1689500.0
85001,550,1,1.5,1999,0.034,Minor (Cosmetic),Condo,1,186300.0
10001,1230,2,2.5,1947,0.014,None,Condo,1,893000.0
30301,1663,3,3.0,2010,0.19,None,Single Family,2,571300.0
78701,1002,2,2.5,1987,0.042,None,Condo,1,419400.0
10001,2220,3,4.0,2020,0.11,Minor (Cosmetic),Single Family,2,2468200.0
30301,2710,5,5.5,1980,0.86,Minor (Cosmetic),Single Family,2,889600.0
80202,2085,4,5.0,1947,0.32,Minor (Cosmetic),Single Family,3,890000.0
78701,2053,3,4.5,1976,0.27,Minor (Cosmetic),Single Family,1,888200.0
98101,1602,3,3.0,1976,0.026,None,Condo,0,750500.0
33101,2713,5,6.0,2003,0.47,Major (Structural/Systems),Single Family,2,1666600.0
10001,2079,4,4.5,1998,0.29,Major (Structural/Systems),Single Family,2,2064400.0
98101,2311,3,4.0,1984,0.56,None,Single Family,2,1167100.0
85001,4516,7,6.0,1955,0.14,Minor (Cosmetic),Multi-Family,2,1344700.0
02108,1017,2,2.0,1965,0.038,Major (Structural/Systems),Condo,2,701000.0
33101,858,2,2.5,1970,0.048,Minor (Cosmetic),Condo,1,409000.0
98101,1986,3,4.5,1966,0.11,Full Gut Rehab,Single Family,2,1228900.0
75001,2088,3,5.0,1982,1.39,None,Single Family,2,639600.0
94102,2724,4,5.0,1954,0.18,Minor (Cosmetic),Multi-Family,3,2203100.0
85001,1540,1,1.5,1997,0.08,None,Single Family,2,486700.0
80202,1656,3,4.0,1988,0.15,None,Single Family,2,733800.0
10001,809,1,2.0,2018,0.016,Major (Structural/Systems),Condo,1,883600.0
90210,2943,5,6.0,1964,0.13,None,Single Family,2,2213400.0
10001,1628,3,4.0,2007,0.048,None,Townhouse,2,1554100.0
78701,2344,4,5.0,1975,0.08,Minor (Cosmetic),Single Family,1,1094200.0
98101,3452,5,6.0,2019,0.08,Full Gut Rehab,Single Family,2,2550800.0
75001,3471,5,6.0,1986,0.08,None,Single Family,3,948800.0
80202,2288,4,5.0,1998,0.12,None,Single Family,2,1029300.0
10001,1516,3,3.5,2024,0.115,Minor (Cosmetic),Townhouse,3,1588700.0
33101,797,2,2.5,1991,0.048,Major (Structural/Systems),Condo,1,427300.0
60601,3019,5,6.0,1979,0.66,None,Single Family,2,1082200.0
10001,2346,4,5.0,1982,0.08,None,Single Family,1,1877700.0
10001,964,1,1.5,1995,0.011,None,Condo,2,757400.0
90210,815,1,1.5,2020,0.01,None,Condo,0,663400.0
60601,1922,3,3.5,1942,0.16,None,Single Family,2,683900.0
33101,2740,4,5.5,2010,1.37,Major (Structural/Systems),Single Family,2,1683300.0
80202,1513,3,3.5,1951,0.8,Major (Structural/Systems),Single Family,2,769000.0
75001,1448,2,3.0,2004,0.02,Full Gut Rehab,Condo,0,460400.0
75001,2772,5,6.0,1982,0.18,None,Multi-Family,3,847500.0
78701,2387,4,5.0,2009,0.61,None,Single Family,3,1282900.0
30301,632,1,1.0,1985,0.04,None,Condo,1,175300.0
10001,2490,4,5.5,1999,0.08,None,Single Family,2,2300200.0
94102,2253,3,4.5,2000,0.08,Major (Structural/Systems),Single Family,2,1938300.0
02108,2462,3,4.5,1988,0.27,Full Gut Rehab,Single Family,2,1913600.0
90210,2462,4,5.0,1964,0.048,Major (Structural/Systems),Townhouse,1,2060700.0
78701,2633,5,6.0,1942,0.61,None,Single Family,2,1042300.0
85001,1904,3,4.0,2007,0.1,Minor (Cosmetic),Single Family,2,712700.0
90210,1966,3,3.5,2002,0.08,Minor (Cosmetic),Single Family,2,1759000.0
94102,2946,4,5.5,1969,0.08,Major (Structural/Systems),Single Family,2,2296400.0
80202,3474,5,6.0,1943,0.08,Minor (Cosmetic),Single Family,3,1524000.0
85001,1198,2,2.5,2017,0.036,None,Condo,1,378700.0
02108,3016,4,5.5,2024,0.08,None,Single Family,3,2358000.0
78701,1313,3,3.5,2010,0.019,Major (Structural/Systems),Condo,0,710700.0
90210,3564,4,6.0,1960,0.49,Minor (Cosmetic),Single Family,3,2723300.0
94102,1037,1,2.0,2010,0.08,Minor (Cosmetic),Single Family,1,832300.0
85001,3000,4,5.5,1940,0.08,Full Gut Rehab,Single Family,2,1071200.0
85001,3237,5,6.0,1999,0.08,Minor (Cosmetic),Single Family,2,1131300.0
90210,1495,3,3.0,1973,0.08,None,Single Family,2,1187800.0
85001,1835,3,3.5,1942,0.27,None,Single Family,4,556700.0
33101,802,1,2.0,1957,0.018,None,Condo,1,335900.0
30301,844,1,1.5,1982,0.035,None,Condo,0,226800.0
80202,2138,3,4.5,2015,0.24,None,Single Family,2,1053500.0
78701,2681,4,5.0,2017,0.39,None,Single Family,2,1378600.0
80202,3149,5,6.0,1980,1.4,None,Single Family,2,1335900.0
33101,3310,6,6.0,1963,0.09,None,Single Family,3,1486500.0
94102,1871,2,3.0,1963,0.38,None,Single Family,2,1271400.0
90210,1419,2,2.5,1942,0.107,Major (Structural/Systems),Townhouse,2,1168800.0
02108,3486,5,6.0,1998,1.1,Full Gut Rehab,Single Family,1,3089000.0
60601,2985,5,6.0,1997,0.34,Minor (Cosmetic),Single Family,1,1244400.0
10001,2562,4,5.5,2012,0.08,Major (Structural/Systems),Single Family,2,2915400.0
33101,2855,5,6.0,1963,0.08,Minor (Cosmetic),Single Family,3,1284300.0
85001,1089,2,2.5,2005,0.021,Major (Structural/Systems),Condo,1,390700.0
94102,2893,4,5.5,1979,0.92,Minor (Cosmetic),Single Family,2,2299200.0
33101,2247,4,4.5,2010,0.27,Minor (Cosmetic),Single Family,2,1242300.0
80202,1194,2,3.0,1948,0.033,Major (Structural/Systems),Condo,2,534000.0
30301,1367,3,3.5,1999,0.33,Minor (Cosmetic),Single Family,2,506500.0
10001,859,2,2.0,1978,0.023,None,Condo,2,623300.0
60601,863,2,2.0,1972,0.017,Minor (Cosmetic),Condo,1,303000.0
75001,2219,4,5.0,1973,1.08,Full Gut Rehab,Single Family,1,734500.0
85001,775,1,1.5,2001,0.04,Minor (Cosmetic),Condo,0,223600.0
60601,2099,3,4.0,2024,0.25,Minor (Cosmetic),Single Family,2,1004900.0
78701,1364,2,2.5,2000,0.17,Minor (Cosmetic),Single Family,1,652100.0
33101,2911,4,5.0,1966,0.23,Major (Structural/Systems),Single Family,2,1579400.0
30301,2438,3,4.0,1956,0.08,Minor (Cosmetic),Single Family,1,723300.0
78701,550,2,2.0,1999,0.02,Minor (Cosmetic),Condo,1,285000.0
90210,1424,2,3.5,1981,0.06,Minor (Cosmetic),Townhouse,2,1125700.0
85001,3469,5,6.0,1986,0.21,None,Multi-Family,1,1009400.0
60601,909,2,3.0,1992,0.019,None,Condo,1,345200.0
33101,1977,5,5.5,1960,0.08,Major (Structural/Systems),Single Family,2,1118000.0
10001,2444,3,4.0,1947,0.51,Minor (Cosmetic),Single Family,3,1992700.0
33101,2757,4,5.5,2012,0.78,None,Single Family,1,1520000.0
98101,1422,1,2.0,1997,0.08,None,Single Family,2,766600.0
33101,2912,4,4.5,2007,0.08,Major (Structural/Systems),Single Family,2,1619600.0
94102,1439,2,3.0,2002,0.102,Minor (Cosmetic),Townhouse,2,1220600.0
33101,2486,4,5.5,1998,0.59,None,Single Family,4,1348800.0
85001,2473,4,5.0,2021,0.24,None,Single Family,1,914600.0
90210,2104,3,4.0,1969,0.42,Minor (Cosmetic),Single Family,2,1597600.0
85001,1339,2,2.5,1964,0.046,Major (Structural/Systems),Townhouse,1,417700.0
98101,1000,2,2.5,1995,0.044,Full Gut Rehab,Condo,0,613400.0
30301,1668,3,3.5,1973,0.043,None,Condo,1,472200.0
75001,1478,3,3.5,1989,0.41,Major (Structural/Systems),Single Family,2,519700.0
78701,2561,4,5.0,1941,0.113,Minor (Cosmetic),Townhouse,1,1072700.0
60601,2305,4,5.0,2016,0.08,Minor (Cosmetic),Single Family,2,1025600.0
30301,1815,3,3.5,1992,0.058,Full Gut Rehab,Townhouse,3,716600.0
98101,1684,3,3.5,1980,0.16,None,Single Family,2,825100.0
98101,1921,3,4.0,1962,0.08,None,Single Family,0,937300.0
33101,2122,3,4.0,2000,0.59,Major (Structural/Systems),Single Family,1,1290700.0
75001,734,1,1.0,1970,0.04,None,Condo,1,179400.0
60601,2343,4,5.0,2005,0.52,Major (Structural/Systems),Single Family,2,1104200.0
75001,1616,3,3.5,1941,0.063,Minor (Cosmetic),Townhouse,3,469500.0
80202,3888,6,6.0,2008,0.5,None,Single Family,4,1720000.0
75001,1625,2,3.0,1999,0.08,None,Single Family,4,496100.0
94102,2577,5,5.5,2017,0.08,None,Single Family,2,2322100.0
78701,2685,4,5.0,1962,0.31,Minor (Cosmetic),Single Family,0,1087600.0
90210,1697,2,3.0,1996,0.08,None,Single Family,1,1327600.0
98101,3015,4,5.0,1974,0.98,Minor (Cosmetic),Single Family,2,1519800.0
98101,960,3,3.0,1940,0.023,None,Condo,2,478200.0
98101,800,1,1.5,1987,0.23,Major (Structural/Systems),Single Family,0,466600.0
60601,3727,6,6.0,1988,0.59,Major (Structural/Systems),Multi-Family,2,1684700.0
98101,709,1,1.5,1979,0.026,Minor (Cosmetic),Condo,1,365600.0
80202,1328,2,2.5,2001,0.074,Full Gut Rehab,Townhouse,1,726200.0
10001,3015,4,6.0,1954,0.15,None,Single Family,2,2447500.0
98101,2239,4,5.0,1969,0.15,None,Single Family,2,1160800.0
10001,3188,5,6.0,1960,0.22,None,Single Family,1,2364000.0
90210,1523,3,4.0,1947,0.048,Minor (Cosmetic),Condo,1,1118700.0
33101,1509,2,2.5,1946,0.115,None,Townhouse,1,664000.0
33101,3094,5,6.0,1973,0.28,Major (Structural/Systems),Single Family,1,1687400.0
33101,1933,3,3.5,2003,0.21,Major (Structural/Systems),Single Family,0,1161400.0
80202,2804,4,5.5,1981,0.105,Minor (Cosmetic),Townhouse,2,1110200.0
98101,1980,4,4.5,1992,0.4,Major (Structural/Systems),Single Family,2,1288400.0
30301,1459,2,2.5,2009,0.045,None,Condo,1,424600.0
78701,3132,5,6.0,1949,0.46,None,Single Family,2,1373100.0
80202,1942,4,4.0,1997,0.116,Minor (Cosmetic),Townhouse,2,860400.0
90210,1997,4,4.5,2022,0.76,Minor (Cosmetic),Single Family,2,1999300.0
98101,2386,4,5.5,1943,0.68,Minor (Cosmetic),Single Family,1,1338100.0
98101,550,2,2.0,1947,0.026,None,Condo,0,273800.0
98101,1900,3,3.5,1951,0.071,Minor (Cosmetic),Townhouse,3,999400.0
78701,2762,3,4.5,2020,0.47,Major (Structural/Systems),Single Family,2,1673600.0
78701,2600,4,4.5,1964,0.08,Minor (Cosmetic),Single Family,3,1098200.0
33101,550,1,1.5,1966,0.023,None,Condo,2,259500.0
60601,1230,2,2.5,1941,0.115,None,Townhouse,2,425200.0
75001,1463,1,2.0,2012,0.076,None,Townhouse,1,388300.0
60601,3433,5,6.0,1994,0.11,Minor (Cosmetic),Multi-Family,2,1450700.0
85001,2717,4,5.5,1997,0.23,None,Single Family,2,860600.0
90210,2372,3,4.5,1972,0.12,Major (Structural/Systems),Single Family,4,2108000.0
10001,1322,2,2.5,2022,0.041,None,Condo,2,1280700.0
90210,1338,3,3.0,1988,0.108,Minor (Cosmetic),Townhouse,3,1076300.0
33101,2957,4,5.5,1944,0.53,Minor (Cosmetic),Single Family,2,1348600.0
30301,2856,5,6.0,1986,0.08,None,Single Family,0,824100.0
10001,1232,1,2.0,2023,0.023,Full Gut Rehab,Condo,2,1450400.0
30301,2363,4,5.5,1963,0.08,Major (Structural/Systems),Single Family,0,781000.0
90210,3873,6,6.0,1983,0.08,None,Single Family,1,3041700.0
85001,2869,4,5.5,2007,0.47,Minor (Cosmetic),Single Family,3,1091000.0
98101,761,1,2.0,1953,0.027,Minor (Cosmetic),Condo,0,363600.0
94102,1186,2,2.5,1975,0.021,Minor (Cosmetic),Condo,2,874300.0
80202,3064,5,6.0,1990,0.13,Minor (Cosmetic),Single Family,1,1389500.0
02108,894,1,1.5,1945,0.015,Major (Structural/Systems),Condo,1,587200.0
02108,1481,2,3.0,1956,0.043,Major (Structural/Systems),Condo,1,1011200.0
02108,2786,4,5.0,2021,0.08,Minor (Cosmetic),Single Family,2,2278100.0
75001,550,1,1.0,2011,0.024,None,Condo,2,186800.0
78701,2724,4,5.0,1990,0.08,None,Single Family,4,1225200.0
02108,2195,2,3.0,1991,0.2,Minor (Cosmetic),Single Family,1,1456700.0
33101,2902,4,5.5,1951,0.15,Major (Structural/Systems),Single Family,2,1457300.0
60601,3208,5,6.0,2020,0.44,Minor (Cosmetic),Single Family,4,1439000.0
02108,2646,4,5.0,1940,0.44,Minor (Cosmetic),Single Family,2,1781700.0
80202,2549,4,5.5,1950,0.043,None,Townhouse,2,1025400.0
94102,1037,2,2.5,1955,0.015,Minor (Cosmetic),Condo,1,691000.0
10001,1318,2,2.5,1948,0.046,None,Condo,1,955800.0
60601,3103,4,5.5,1947,0.55,Minor (Cosmetic),Single Family,1,1105600.0
10001,2426,4,5.0,1964,0.17,Major (Structural/Systems),Single Family,1,2289900.0
78701,3084,5,6.0,2013,0.08,Major (Structural/Systems),Single Family,1,1783100.0
60601,2053,3,4.0,1979,0.11,Major (Structural/Systems),Single Family,2,821900.0
94102,2183,4,5.0,2006,0.38,Minor (Cosmetic),Single Family,3,1891900.0
78701,640,1,2.0,1962,0.048,Major (Structural/Systems),Condo,2,315500.0
02108,3393,5,6.0,2001,0.33,Minor (Cosmetic),Multi-Family,2,2610800.0
85001,2743,5,6.0,1962,0.08,Major (Structural/Systems),Single Family,2,955100.0
80202,3384,6,6.0,1983,0.37,Minor (Cosmetic),Single Family,2,1338300.0
75001,1376,2,2.5,1995,0.048,Major (Structural/Systems),Condo,1,419600.0
78701,2286,4,5.5,2007,0.16,None,Single Family,4,1231400.0
90210,1269,2,3.0,1962,0.115,Major (Structural/Systems),Townhouse,3,1114100.0
33101,1251,2,2.5,1948,0.037,None,Condo,0,483400.0
85001,2299,4,5.0,1943,0.055,None,Townhouse,3,664700.0
33101,3066,5,6.0,1973,0.08,Minor (Cosmetic),Single Family,1,1405100.0
75001,1479,2,3.0,2021,0.017,None,Condo,1,438800.0
30301,2341,3,3.5,1973,0.42,Minor (Cosmetic),Single Family,1,701300.0
10001,936,2,2.5,1981,0.034,Minor (Cosmetic),Condo,1,724700.0
10001,1947,3,4.0,1942,0.21,None,Single Family,0,1573600.0
33101,2458,3,4.5,2022,0.11,Minor (Cosmetic),Single Family,2,1441400.0
80202,2441,4,5.0,1973,0.83,Full Gut Rehab,Single Family,0,1227600.0
75001,2655,4,5.0,1982,0.08,Major (Structural/Systems),Single Family,4,869000.0
30301,1741,3,3.5,2006,0.063,None,Townhouse,0,544400.0
98101,1053,2,2.5,1976,0.012,Minor (Cosmetic),Condo,0,534100.0
10001,828,1,2.0,1951,0.021,None,Condo,1,638200.0
75001,3206,5,6.0,2020,0.9,Minor (Cosmetic),Single Family,2,1107000.0
02108,1126,2,2.0,1955,0.018,Minor (Cosmetic),Condo,1,712300.0
75001,2369,3,4.0,2001,0.08,Full Gut Rehab,Single Family,1,845400.0
80202,1463,2,2.5,1956,0.088,Major (Structural/Systems),Townhouse,2,658100.0
33101,1200,2,3.0,1954,0.085,Minor (Cosmetic),Townhouse,1,579800.0
94102,3480,5,6.0,1965,0.08,Minor (Cosmetic),Single Family,1,2399300.0
33101,2049,4,4.5,1984,0.052,Minor (Cosmetic),Townhouse,2,1030500.0
80202,1282,2,2.0,1941,0.08,Full Gut Rehab,Single Family,3,661100.0
78701,3072,5,6.0,1956,0.69,None,Single Family,2,1364300.0
10001,3191,5,6.0,2004,0.37,None,Single Family,1,2915600.0
60601,2593,4,5.0,1969,1.07,None,Single Family,1,909600.0
30301,1659,3,3.0,2007,0.017,None,Condo,0,497800.0
10001,2662,4,5.0,1983,0.22,Minor (Cosmetic),Single Family,1,2200000.0
94102,1437,2,3.0,1999,0.48,None,Single Family,2,1125800.0
90210,1227,2,2.0,1940,0.019,Full Gut Rehab,Condo,1,941600.0
33101,1185,2,2.5,1958,0.037,Minor (Cosmetic),Condo,0,532400.0
33101,1528,2,3.5,1972,0.078,Major (Structural/Systems),Townhouse,2,761700.0
78701,1300,2,2.5,2022,0.027,Major (Structural/Systems),Condo,1,707800.0
10001,550,1,1.0,1975,0.036,Major (Structural/Systems),Condo,0,462000.0
98101,3242,4,6.0,2016,0.22,Major (Structural/Systems),Single Family,3,2315200.0
33101,1841,3,3.5,2017,0.6,None,Single Family,2,999200.0
78701,1761,3,4.0,1963,0.93,None,Single Family,2,758600.0
85001,2414,4,5.5,2022,0.31,Full Gut Rehab,Single Family,0,1126100.0
94102,1251,2,2.5,1964,0.022,Minor (Cosmetic),Condo,1,819700.0
60601,2622,3,4.0,1950,0.53,None,Single Family,2,920800.0
98101,840,2,2.0,1948,0.017,Minor (Cosmetic),Condo,2,432200.0
80202,2120,3,4.0,1945,0.08,Full Gut Rehab,Single Family,2,1070100.0
60601,1650,3,3.5,1997,0.26,Full Gut Rehab,Single Family,3,814900.0
60601,2331,3,4.5,1968,0.36,Minor (Cosmetic),Single Family,2,881400.0
85001,2283,4,4.5,2012,0.107,Major (Structural/Systems),Townhouse,1,888600.0
94102,1098,1,2.0,2018,0.048,Minor (Cosmetic),Condo,2,922200.0
94102,2186,3,4.5,1950,0.11,Minor (Cosmetic),Townhouse,1,1535500.0
60601,3591,6,6.0,1962,1.57,Minor (Cosmetic),Single Family,2,1368900.0
78701,2729,4,5.0,1965,0.23,Major (Structural/Systems),Multi-Family,3,1351600.0
02108,2360,4,5.0,1940,0.13,Minor (Cosmetic),Single Family,3,1462900.0
90210,4128,7,6.0,2020,0.22,None,Single Family,2,3640400.0
94102,4355,6,6.0,1986,0.36,Minor (Cosmetic),Multi-Family,1,3391700.0
30301,1245,1,1.5,1980,0.25,Minor (Cosmetic),Single Family,2,386100.0
10001,1235,3,3.5,1962,0.035,Minor (Cosmetic),Condo,1,915300.0
98101,2500,4,5.0,1944,0.76,None,Single Family,4,1325400.0
10001,1389,2,2.5,1989,0.017,Minor (Cosmetic),Condo,2,1109400.0
98101,1464,3,3.5,1948,0.05,None,Townhouse,3,754100.0
90210,1870,3,4.0,1943,0.24,Major (Structural/Systems),Single Family,4,1756800.0
78701,863,1,1.0,2010,0.049,Minor (Cosmetic),Condo,1,402100.0
90210,2071,3,4.0,2004,0.08,Major (Structural/Systems),Single Family,2,2125900.0
75001,1385,2,2.5,2019,0.049,Major (Structural/Systems),Condo,1,462900.0
10001,1614,3,3.5,1996,1.2,Minor (Cosmetic),Single Family,1,1557800.0
78701,2033,3,3.5,1964,0.12,None,Single Family,2,875300.0
30301,1158,2,2.0,1997,0.78,Minor (Cosmetic),Single Family,2,458500.0
33101,3255,4,5.5,1945,0.08,Full Gut Rehab,Single Family,1,1795900.0
78701,2371,3,4.5,1953,0.076,None,Townhouse,2,876500.0
98101,2254,4,5.0,2002,0.18,None,Single Family,1,1223800.0
98101,2276,4,5.0,2014,0.82,Full Gut Rehab,Single Family,2,1730800.0
33101,2839,4,5.5,2004,0.22,Major (Structural/Systems),Single Family,2,1697500.0
85001,3605,5,6.0,1991,0.19,Minor (Cosmetic),Single Family,1,1115200.0
33101,1243,1,1.5,2004,0.036,Minor (Cosmetic),Condo,2,616500.0
78701,2641,5,6.0,1947,0.16,Minor (Cosmetic),Multi-Family,2,1233800.0
60601,1285,2,2.5,1947,0.27,Minor (Cosmetic),Single Family,2,519300.0
80202,1298,2,2.0,1953,0.116,Minor (Cosmetic),Townhouse,1,522500.0
90210,1125,2,2.5,1963,0.018,Minor (Cosmetic),Condo,1,836400.0
78701,2008,3,3.0,2003,0.21,Minor (Cosmetic),Single Family,2,932700.0
85001,1168,2,2.5,1964,0.011,None,Condo,0,314900.0
10001,2085,4,4.5,1945,0.65,None,Single Family,2,1674700.0
60601,729,2,2.0,1940,0.014,Minor (Cosmetic),Condo,1,276500.0
10001,1270,2,2.0,1972,0.048,None,Townhouse,2,957600.0
78701,3671,6,6.0,1953,0.75,Minor (Cosmetic),Single Family,2,1568800.0
94102,2200,4,5.0,2002,0.073,None,Townhouse,3,1674200.0
80202,1705,3,4.0,1995,0.037,None,Condo,1,704600.0
60601,2904,4,5.0,2001,0.68,None,Single Family,3,1215000.0
98101,949,2,2.5,1967,0.025,None,Condo,1,443600.0
33101,3492,5,6.0,1968,0.11,None,Single Family,1,1569300.0
75001,3173,5,6.0,1962,0.08,None,Multi-Family,1,939600.0
30301,1177,2,2.5,1983,0.034,Minor (Cosmetic),Condo,0,314900.0
10001,2467,3,4.0,1977,0.1,None,Single Family,2,1957300.0
98101,800,2,2.5,1988,0.35,None,Single Family,2,489700.0
94102,1661,1,2.0,1982,0.023,Minor (Cosmetic),Condo,0,1039400.0
85001,2868,3,4.5,1949,0.15,Minor (Cosmetic),Single Family,2,853900.0
30301,2747,4,5.5,1966,0.1,None,Single Family,2,803500.0
78701,2453,4,5.5,1947,0.19,None,Single Family,2,1039000.0
75001,2622,4,5.0,2007,0.08,None,Single Family,2,809500.0
78701,2052,3,3.0,2024,0.13,Major (Structural/Systems),Single Family,2,1204500.0
33101,2962,3,4.5,2024,0.53,Minor (Cosmetic),Single Family,2,1718500.0
94102,1519,3,3.5,1969,0.09,None,Single Family,4,1075700.0
60601,1165,2,2.5,1952,0.048,Full Gut Rehab,Condo,1,463700.0
94102,2921,4,5.5,1997,0.24,Full Gut Rehab,Single Family,2,2758300.0
75001,2350,4,5.0,1942,0.08,None,Single Family,2,640300.0
75001,2778,5,6.0,2023,1.0,None,Single Family,2,951600.0
60601,753,1,1.0,1944,0.028,None,Condo,2,247300.0
90210,1775,2,3.5,1961,0.28,Major (Structural/Systems),Single Family,2,1541000.0
02108,2677,5,6.0,1997,0.08,Minor (Cosmetic),Single Family,2,1818600.0
02108,3008,5,6.0,2005,0.14,None,Single Family,2,2168000.0
98101,956,1,1.5,1979,0.096,Full Gut Rehab,Townhouse,1,580700.0
94102,1282,2,2.5,1944,0.015,Minor (Cosmetic),Condo,0,872000.0
85001,909,1,1.0,1955,0.033,Minor (Cosmetic),Condo,1,245100.0
78701,1032,2,2.0,1954,0.038,Major (Structural/Systems),Condo,2,466000.0
02108,631,1,1.5,2016,0.01,Major (Structural/Systems),Condo,2,513300.0
98101,1861,3,4.0,2014,0.64,None,Single Family,2,1116800.0
80202,1438,1,2.5,2019,0.012,Minor (Cosmetic),Condo,1,679100.0
33101,2524,4,5.0,1957,0.1,Minor (Cosmetic),Single Family,1,1102600.0
78701,966,1,1.5,1986,0.049,None,Condo,1,364500.0
30301,1059,2,2.5,1943,0.013,None,Condo,1,290500.0
78701,2866,4,5.5,1992,0.61,None,Single Family,2,1262900.0
85001,2830,4,5.5,1997,0.37,Major (Structural/Systems),Single Family,2,1025500.0
30301,2443,4,5.0,2024,0.32,Major (Structural/Systems),Single Family,2,1024100.0
10001,1482,3,3.0,2014,0.033,Major (Structural/Systems),Condo,1,1567900.0
85001,1439,2,3.0,1997,0.017,Full Gut Rehab,Condo,2,541100.0
94102,1986,3,3.5,1998,0.094,None,Townhouse,2,1395500.0
75001,2540,4,5.0,1973,1.06,Minor (Cosmetic),Single Family,3,733400.0
98101,1330,2,2.5,1969,0.013,Minor (Cosmetic),Condo,1,672400.0
30301,1209,2,2.0,1993,0.023,Minor (Cosmetic),Condo,1,369400.0
30301,2277,2,3.5,2007,0.078,Major (Structural/Systems),Townhouse,2,846200.0
75001,3174,5,6.0,2017,0.09,Minor (Cosmetic),Single Family,2,1099500.0
75001,1736,3,4.0,2014,0.47,Minor (Cosmetic),Single Family,2,660700.0
02108,719,1,1.0,2007,0.038,Minor (Cosmetic),Condo,2,475500.0
94102,854,1,1.5,1965,0.015,Major (Structural/Systems),Condo,1,588000.0
98101,3980,5,6.0,1942,0.29,None,Multi-Family,0,1997800.0
10001,1317,2,3.5,1996,0.16,Full Gut Rehab,Single Family,2,1494700.0
60601,2796,5,6.0,1976,0.09,None,Single Family,1,958700.0
98101,1963,3,3.5,1977,0.108,None,Townhouse,1,949900.0
85001,3371,5,6.0,1980,0.08,None,Single Family,4,1036400.0
33101,1163,2,2.5,1943,0.029,Minor (Cosmetic),Condo,0,514300.0
75001,1492,2,3.0,1965,0.23,Full Gut Rehab,Single Family,1,505900.0
94102,1780,3,4.0,1978,0.3,Full Gut Rehab,Single Family,1,1562100.0
30301,686,1,1.0,1981,0.018,Minor (Cosmetic),Condo,1,203700.0
30301,911,2,2.5,1950,0.045,Minor (Cosmetic),Condo,1,298400.0
80202,2362,4,5.0,1950,1.18,Minor (Cosmetic),Single Family,2,1053500.0
33101,1625,3,4.0,1993,0.28,Full Gut Rehab,Single Family,1,964800.0
60601,2461,5,6.0,1977,0.06,None,Townhouse,2,904000.0
10001,1506,2,2.5,1959,0.73,Minor (Cosmetic),Single Family,2,1408100.0
78701,2405,5,6.0,1965,0.119,Minor (Cosmetic),Townhouse,1,1131800.0
98101,3388,5,6.0,2015,0.47,None,Single Family,2,2072100.0
94102,1414,2,2.0,1953,0.023,None,Condo,1,859500.0
98101,1487,3,3.5,1989,0.059,Minor (Cosmetic),Townhouse,2,784000.0
90210,1219,2,3.0,1964,0.016,Major (Structural/Systems),Condo,2,980500.0
90210,1541,2,2.5,1994,0.09,Full Gut Rehab,Single Family,2,1505800.0
94102,1418,3,4.0,1990,0.019,Minor (Cosmetic),Condo,2,1001400.0
85001,2444,3,4.0,1949,1.2,Full Gut Rehab,Single Family,1,918300.0
78701,2193,4,4.5,1953,0.36,None,Single Family,1,908500.0
85001,2221,3,4.0,1944,0.08,Minor (Cosmetic),Multi-Family,2,737000.0
80202,550,2,2.5,1996,0.03,Minor (Cosmetic),Condo,0,281300.0
02108,736,2,2.0,1961,0.017,Major (Structural/Systems),Condo,1,461700.0
78701,3334,5,6.0,2014,0.33,Major (Structural/Systems),Single Family,1,1833400.0
80202,2197,3,4.0,1968,0.15,None,Single Family,2,898800.0
94102,2373,3,4.5,1946,0.08,Full Gut Rehab,Single Family,3,2003800.0
33101,1329,2,3.0,1957,0.02,None,Condo,0,525200.0
10001,1731,3,3.5,1970,0.037,Major (Structural/Systems),Condo,1,1476700.0
33101,3493,6,6.0,1982,0.18,None,Single Family,2,1544700.0
33101,1362,3,3.0,2023,0.081,Major (Structural/Systems),Townhouse,2,821800.0
94102,1043,2,3.0,1974,0.6,None,Single Family,0,740800.0
90210,4269,6,6.0,2010,0.37,Minor (Cosmetic),Single Family,2,3743600.0
75001,4201,6,6.0,1943,0.22,Full Gut Rehab,Single Family,1,1347700.0
80202,2641,4,5.5,1990,1.08,Major (Structural/Systems),Single Family,2,1265700.0
90210,1547,2,3.0,1969,0.08,Major (Structural/Systems),Single Family,4,1302600.0
85001,3970,6,6.0,1992,0.12,Major (Structural/Systems),Multi-Family,2,1419500.0
90210,2419,5,6.0,2021,0.85,Minor (Cosmetic),Single Family,3,2589100.0
60601,1749,3,3.5,2013,0.108,Full Gut Rehab,Townhouse,3,876900.0
85001,3170,4,6.0,1953,0.08,Major (Structural/Systems),Single Family,1,1079400.0
10001,3467,6,6.0,1975,0.93,Minor (Cosmetic),Multi-Family,2,3327600.0
94102,684,1,1.5,1951,0.01,Major (Structural/Systems),Condo,2,539900.0
94102,1653,2,2.5,2015,0.106,Full Gut Rehab,Townhouse,2,1635800.0
02108,2995,4,5.5,1973,0.11,Major (Structural/Systems),Single Family,3,2006800.0
94102,1278,3,3.0,1965,0.018,None,Condo,1,809600.0
60601,1917,3,4.0,1945,0.076,Major (Structural/Systems),Townhouse,2,677400.0
90210,3200,4,5.5,1992,0.8,Major (Structural/Systems),Single Family,0,2996900.0
78701,2228,4,5.0,1954,0.54,None,Single Family,2,977800.0
85001,2634,4,5.5,1958,1.19,Full Gut Rehab,Single Family,2,974400.0
75001,900,1,1.5,1986,0.083,Minor (Cosmetic),Townhouse,2,262700.0
33101,2162,3,4.0,2016,0.25,Minor (Cosmetic),Single Family,2,1301200.0
02108,3072,5,6.0,2000,0.08,None,Single Family,2,2117900.0
33101,2207,4,4.5,1991,0.08,None,Single Family,2,1116100.0
78701,2150,4,5.0,1957,0.24,Minor (Cosmetic),Single Family,1,934900.0
80202,1331,2,2.0,1999,0.1,Minor (Cosmetic),Townhouse,3,591500.0
94102,3252,5,6.0,1986,0.61,None,Single Family,2,2342000.0
30301,1291,2,3.0,1996,0.021,Minor (Cosmetic),Condo,0,396400.0
80202,2171,3,4.0,1972,0.097,None,Townhouse,2,837400.0
10001,1205,2,3.5,1971,0.62,Major (Structural/Systems),Single Family,3,1190500.0
98101,1043,2,2.5,1943,0.025,Full Gut Rehab,Condo,0,646100.0
80202,2289,4,4.5,1980,0.42,Minor (Cosmetic),Single Family,1,1046700.0
75001,1001,2,2.5,1958,0.027,Major (Structural/Systems),Condo,1,296700.0
60601,2037,3,4.0,1946,1.49,Major (Structural/Systems),Single Family,2,866800.0
60601,978,1,1.5,1965,0.01,Minor (Cosmetic),Condo,1,315100.0
90210,3137,5,6.0,1990,0.19,None,Single Family,2,2575700.0
80202,1065,2,2.5,1995,0.11,None,Single Family,4,540400.0
80202,1722,3,3.5,2010,0.044,Major (Structural/Systems),Condo,0,862300.0
90210,2862,5,6.0,2014,0.12,None,Single Family,3,2592200.0
02108,1085,2,2.0,1990,0.032,None,Condo,0,643100.0
60601,3180,5,6.0,1947,0.47,None,Single Family,1,1121800.0
94102,591,1,1.0,1952,0.03,Minor (Cosmetic),Condo,0,382100.0
78701,2001,3,4.0,1971,0.18,Minor (Cosmetic),Single Family,3,918200.0
10001,1057,2,1.5,1973,0.012,Minor (Cosmetic),Condo,1,856000.0
90210,3524,5,6.0,1957,0.08,None,Single Family,2,2641700.0
10001,2465,4,5.0,2018,1.1,None,Single Family,2,2435100.0
85001,2837,5,6.0,1994,0.36,None,Single Family,2,896900.0
75001,893,2,3.0,1982,0.043,Minor (Cosmetic),Condo,1,280800.0
85001,2865,4,5.5,1963,0.23,Minor (Cosmetic),Single Family,4,897400.0
80202,2554,4,4.5,1960,0.061,None,Townhouse,1,966200.0
94102,2247,3,4.0,1957,0.064,None,Townhouse,2,1429800.0
78701,2438,4,5.0,1953,0.08,Major (Structural/Systems),Single Family,2,1205600.0
80202,1336,3,4.0,1992,0.042,Major (Structural/Systems),Condo,1,613000.0
75001,2933,5,6.0,1958,0.3,None,Single Family,4,851100.0
94102,2879,6,6.0,2016,0.23,Minor (Cosmetic),Single Family,1,2553000.0
80202,1489,3,3.5,1996,0.044,Minor (Cosmetic),Condo,2,660600.0
94102,1486,2,3.0,2003,0.028,None,Condo,2,1076200.0
98101,1055,2,2.5,2019,0.048,Full Gut Rehab,Condo,2,797900.0
60601,2981,4,5.5,1941,0.08,None,Single Family,1,1010500.0
80202,2212,3,3.5,1996,1.46,None,Single Family,3,1062900.0
98101,1807,3,4.0,1973,0.59,None,Single Family,3,924800.0
98101,1005,2,2.5,1988,0.024,Major (Structural/Systems),Condo,1,533900.0
80202,2442,4,5.0,1993,0.32,Major (Structural/Systems),Single Family,1,1227800.0
75001,550,1,1.0,1961,0.045,Minor (Cosmetic),Condo,1,154400.0
30301,3145,5,6.0,2023,0.23,Minor (Cosmetic),Single Family,3,1151300.0
85001,800,2,2.5,2021,0.08,None,Single Family,2,326900.0
75001,4536,6,6.0,1983,0.82,Full Gut Rehab,Single Family,2,1406100.0
02108,3626,6,6.0,1974,0.25,None,Single Family,1,2180800.0
60601,2304,3,4.0,1968,0.28,None,Single Family,1,780400.0
80202,1804,3,3.0,1945,0.041,Full Gut Rehab,Townhouse,2,809000.0
02108,1936,3,4.5,1976,0.048,Full Gut Rehab,Townhouse,2,1389200.0
75001,2058,4,4.5,2024,0.53,Minor (Cosmetic),Single Family,1,738800.0
90210,2644,4,5.0,1997,0.2,Minor (Cosmetic),Single Family,3,2231700.0
30301,2392,3,4.5,2003,2.19,Major (Structural/Systems),Single Family,2,991100.0
80202,1757,3,4.5,1970,0.096,Major (Structural/Systems),Townhouse,3,819100.0
33101,2636,4,4.5,1989,1.05,Major (Structural/Systems),Single Family,2,1576700.0
33101,1208,1,1.5,2019,0.062,None,Townhouse,1,631000.0
30301,2529,4,5.0,1999,0.08,Major (Structural/Systems),Single Family,3,959800.0
33101,2622,4,5.5,1953,0.17,None,Single Family,2,1186200.0
33101,1857,4,5.0,2009,0.061,Minor (Cosmetic),Townhouse,0,1055000.0
90210,2338,4,4.5,1950,0.33,None,Single Family,2,1827300.0
78701,1498,2,3.0,1966,0.04,None,Condo,1,570600.0
94102,2234,3,4.0,2008,0.18,Minor (Cosmetic),Single Family,3,1741900.0
60601,2670,5,6.0,2018,0.08,None,Single Family,1,1069500.0
78701,3472,6,6.0,1977,0.08,None,Single Family,2,1384600.0
60601,1072,1,1.5,2001,0.019,None,Condo,1,374000.0
90210,1175,1,1.5,1992,0.039,Full Gut Rehab,Condo,0,977700.0
94102,2427,4,5.0,2019,0.09,None,Single Family,0,2085100.0
60601,2356,3,4.5,1957,0.113,None,Townhouse,2,793100.0
90210,2306,4,4.5,1991,0.37,Minor (Cosmetic),Single Family,2,1952400.0
90210,3462,4,5.5,1963,0.69,Major (Structural/Systems),Single Family,2,2971600.0
90210,2422,4,5.0,1946,0.17,Minor (Cosmetic),Single Family,2,1758300.0
85001,1855,3,4.0,1953,1.44,Full Gut Rehab,Single Family,2,781600.0
60601,3009,5,6.0,1989,0.4,None,Single Family,1,1091900.0
98101,2956,4,5.5,1963,0.15,Minor (Cosmetic),Multi-Family,2,1672900.0
02108,2965,5,6.0,2018,0.08,Major (Structural/Systems),Single Family,1,2585300.0
98101,800,1,1.5,1952,0.7,Minor (Cosmetic),Single Family,4,489800.0
75001,2503,4,5.0,1958,0.13,None,Single Family,1,674500.0
33101,939,2,2.0,1968,0.012,Minor (Cosmetic),Condo,0,391100.0
10001,1321,2,2.5,1961,0.062,Full Gut Rehab,Townhouse,2,1269800.0
10001,2085,3,4.5,1941,0.08,Major (Structural/Systems),Single Family,3,1960800.0
94102,2069,4,5.0,2016,0.13,None,Single Family,1,1744100.0
33101,2464,4,5.0,1975,0.33,None,Single Family,2,1121500.0
60601,1474,3,3.5,1977,0.24,Major (Structural/Systems),Single Family,4,678800.0
02108,2737,5,5.5,1957,0.43,None,Single Family,2,1751700.0
90210,3524,6,6.0,1990,0.14,Minor (Cosmetic),Single Family,2,3124400.0
94102,2710,5,6.0,1954,0.08,None,Single Family,4,1946200.0
85001,3106,5,6.0,1991,0.08,None,Single Family,2,955000.0
02108,3320,6,6.0,1956,0.56,Major (Structural/Systems),Single Family,0,2224400.0
60601,2356,4,5.0,2016,0.048,Major (Structural/Systems),Townhouse,0,1066500.0
33101,2641,3,4.5,1961,0.104,Minor (Cosmetic),Townhouse,2,1117200.0
98101,925,2,2.0,1993,0.019,None,Condo,0,444900.0
10001,1961,3,3.5,1991,0.4,Major (Structural/Systems),Single Family,2,1982300.0
94102,3087,5,6.0,2024,0.34,None,Single Family,2,2754300.0
33101,3031,5,6.0,1985,0.08,Minor (Cosmetic),Single Family,2,1477900.0
75001,1371,2,2.5,1943,0.037,None,Condo,0,327600.0
33101,3916,6,6.0,1946,0.21,Minor (Cosmetic),Single Family,2,1829200.0
78701,1805,2,3.0,1949,0.097,Minor (Cosmetic),Townhouse,3,800200.0
90210,1991,4,5.0,1954,0.107,Major (Structural/Systems),Townhouse,1,1608900.0
85001,1764,3,3.5,1965,0.08,Major (Structural/Systems),Single Family,2,594500.0
75001,1847,3,3.0,2019,0.036,Minor (Cosmetic),Condo,1,607000.0
02108,2247,4,5.0,1979,0.08,None,Single Family,1,1332500.0
85001,2268,4,5.0,2000,0.17,None,Single Family,2,802900.0
33101,2239,3,4.0,2020,0.08,None,Single Family,2,1289000.0
78701,2016,4,5.0,1955,0.14,Major (Structural/Systems),Single Family,3,996200.0
60601,1471,2,3.0,1957,0.054,None,Townhouse,2,513300.0
75001,2107,3,3.5,2014,0.28,None,Single Family,2,690900.0
33101,1475,2,3.0,2015,0.25,Minor (Cosmetic),Single Family,1,909800.0
94102,825,1,1.5,1941,0.042,None,Condo,1,515700.0
98101,1782,2,3.5,1993,0.036,Major (Structural/Systems),Condo,0,968800.0
30301,3051,6,6.0,1957,0.44,Minor (Cosmetic),Single Family,1,959600.0
10001,2216,4,5.0,1993,0.047,None,Townhouse,2,1792900.0
98101,1512,3,3.5,1977,0.011,Minor (Cosmetic),Condo,1,739300.0
80202,3875,6,6.0,2012,1.22,Major (Structural/Systems),Single Family,2,1967500.0
80202,1171,2,2.5,1954,0.19,Major (Structural/Systems),Single Family,2,612700.0
33101,1577,3,3.0,2003,0.18,Major (Structural/Systems),Single Family,0,970100.0
85001,1438,3,3.5,1947,0.043,None,Townhouse,2,444300.0
10001,935,1,1.5,1985,0.015,None,Condo,1,665700.0
94102,1664,2,2.5,1978,0.115,Minor (Cosmetic),Townhouse,3,1126400.0
10001,2164,4,5.0,1991,0.42,Minor (Cosmetic),Single Family,2,2044400.0
30301,2664,3,5.0,1947,0.18,None,Single Family,2,728600.0
33101,2526,3,4.0,1989,0.82,Full Gut Rehab,Single Family,1,1400600.0
02108,1957,3,4.5,1989,0.31,Major (Structural/Systems),Single Family,1,1392900.0
75001,550,1,1.0,2022,0.04,Minor (Cosmetic),Condo,0,174400.0
30301,752,2,2.0,2007,0.027,None,Condo,1,257400.0
75001,2088,4,5.0,1966,0.2,None,Single Family,1,629900.0
30301,2314,3,4.0,2016,0.08,Minor (Cosmetic),Single Family,3,824700.0
02108,1652,3,4.0,1977,0.46,Major (Structural/Systems),Single Family,3,1250400.0
60601,2131,4,4.5,1960,0.08,Full Gut Rehab,Single Family,2,915400.0
80202,1651,2,2.5,1984,0.51,Minor (Cosmetic),Single Family,0,671300.0
75001,2405,3,4.0,1997,0.08,Minor (Cosmetic),Single Family,1,727900.0
60601,1695,4,4.5,1962,0.1,Minor (Cosmetic),Single Family,2,703500.0
75001,1863,3,3.5,1993,0.87,None,Single Family,2,575200.0
33101,1518,2,2.5,1969,0.22,Minor (Cosmetic),Single Family,0,664600.0
10001,2384,4,5.0,1955,0.08,Major (Structural/Systems),Single Family,1,2263900.0
78701,796,1,1.0,1991,0.046,Minor (Cosmetic),Condo,0,325700.0
85001,3180,5,6.0,1980,0.21,None,Single Family,1,940300.0
85001,3524,5,6.0,2010,0.08,Minor (Cosmetic),Multi-Family,2,1432400.0
90210,2447,4,5.0,2020,0.17,Major (Structural/Systems),Single Family,1,2575400.0
10001,1901,2,2.5,1963,0.31,Minor (Cosmetic),Single Family,1,1626200.0
94102,2785,4,5.5,1959,0.16,Major (Structural/Systems),Single Family,2,2261500.0
60601,3018,5,6.0,1966,0.9,None,Single Family,2,1094400.0
75001,1864,3,4.0,1941,0.062,Minor (Cosmetic),Townhouse,3,547200.0
10001,3702,6,6.0,1999,0.08,Major (Structural/Systems),Single Family,1,3852300.0
78701,2006,4,4.5,1990,0.058,Minor (Cosmetic),Townhouse,2,939400.0
75001,2211,3,4.5,1940,0.047,Full Gut Rehab,Townhouse,3,697700.0
60601,2600,4,4.5,1945,0.21,None,Single Family,2,938300.0
78701,3006,4,5.0,1977,0.74,None,Single Family,2,1273500.0
33101,821,3,3.5,1993,0.022,None,Condo,1,412700.0
78701,2156,4,5.0,1999,0.1,Full Gut Rehab,Single Family,2,1277300.0
02108,1222,2,3.0,1966,0.043,Major (Structural/Systems),Condo,2,825300.0
78701,2756,4,5.0,2019,0.13,None,Single Family,2,1420700.0
60601,2880,4,5.5,2001,0.23,None,Single Family,2,1125100.0
30301,3325,5,6.0,2002,0.08,None,Single Family,2,1015700.0
33101,1431,2,2.5,1974,0.12,Minor (Cosmetic),Single Family,2,665900.0
60601,1361,2,2.5,1997,0.05,None,Townhouse,2,542900.0
10001,2672,5,5.5,2000,0.08,None,Single Family,1,2397800.0
80202,1474,1,2.0,1975,0.075,Minor (Cosmetic),Townhouse,2,600200.0
90210,5033,7,6.0,1995,0.11,Major (Structural/Systems),Single Family,2,4639600.0
10001,2886,5,6.0,2006,0.08,Minor (Cosmetic),Single Family,0,2724600.0
60601,2441,3,4.5,1996,0.25,Major (Structural/Systems),Single Family,3,1103300.0
85001,2113,4,4.5,1980,0.54,Minor (Cosmetic),Single Family,4,731400.0
94102,2139,3,4.5,1970,0.46,None,Single Family,1,1526000.0
98101,2522,4,5.0,1942,0.1,Minor (Cosmetic),Single Family,2,1316100.0
75001,1850,3,3.5,1977,0.061,Minor (Cosmetic),Townhouse,1,494700.0
10001,2157,3,4.0,1992,0.46,Minor (Cosmetic),Single Family,1,1835400.0
78701,2295,3,4.0,1991,0.29,None,Single Family,2,1034500.0
60601,2404,4,5.0,1963,0.099,None,Townhouse,2,833200.0
33101,1584,3,3.5,1965,0.01,Full Gut Rehab,Condo,1,794400.0
10001,2689,4,5.0,2012,0.08,None,Single Family,2,2611100.0
98101,1494,2,3.5,1976,0.57,Minor (Cosmetic),Single Family,2,799300.0
75001,2042,3,3.5,1987,0.108,None,Townhouse,2,589700.0
78701,1643,3,4.0,2006,0.024,Full Gut Rehab,Condo,1,849300.0
90210,3527,5,6.0,1980,1.11,Full Gut Rehab,Single Family,2,3248100.0
60601,3050,6,6.0,1988,0.13,Major (Structural/Systems),Single Family,2,1277600.0
90210,2440,3,5.0,1967,0.111,Minor (Cosmetic),Townhouse,3,1827200.0
60601,2540,3,5.0,1971,0.19,Minor (Cosmetic),Single Family,2,934400.0
10001,3702,5,6.0,2010,0.29,None,Multi-Family,2,3786600.0
85001,1989,3,3.5,2010,0.36,None,Single Family,3,714700.0
98101,1202,1,1.5,2024,0.015,None,Condo,1,657400.0
98101,3497,5,6.0,1971,0.08,Minor (Cosmetic),Single Family,1,1733900.0
94102,2057,4,4.0,1977,0.19,Full Gut Rehab,Single Family,1,1784800.0
02108,1412,2,3.0,1959,0.053,None,Townhouse,2,891300.0
30301,2573,4,4.5,1947,0.28,Minor (Cosmetic),Single Family,2,745200.0
85001,2330,4,5.5,2007,0.21,Minor (Cosmetic),Single Family,2,852300.0
98101,2986,4,5.5,1965,0.08,None,Single Family,2,1483200.0
80202,2160,3,4.0,2018,0.38,None,Single Family,2,1117000.0
60601,3788,6,6.0,2009,0.08,None,Single Family,2,1686700.0
30301,648,1,1.0,1987,0.015,Major (Structural/Systems),Condo,1,213800.0
33101,3440,4,6.0,2008,0.42,Full Gut Rehab,Single Family,2,2148800.0
98101,1926,3,4.5,1985,0.26,None,Single Family,2,1037200.0
80202,1153,2,2.5,1997,0.12,Full Gut Rehab,Single Family,2,660400.0
60601,1183,2,2.5,2009,0.017,Major (Structural/Systems),Condo,1,500000.0
90210,1010,2,2.0,2006,0.036,Minor (Cosmetic),Condo,1,841000.0
33101,1667,2,3.0,1968,0.08,None,Single Family,1,682900.0
98101,1238,2,3.0,2022,1.46,Major (Structural/Systems),Single Family,1,919700.0
75001,1796,3,4.0,1949,0.11,None,Townhouse,2,481700.0
94102,3231,4,6.0,2010,0.08,Major (Structural/Systems),Single Family,2,3053000.0
78701,2063,4,5.0,2004,0.109,Minor (Cosmetic),Townhouse,1,1048700.0
80202,1825,3,4.0,2004,0.068,None,Townhouse,3,820400.0
33101,1267,3,3.0,1956,0.03,Minor (Cosmetic),Condo,1,553900.0
90210,2479,3,4.0,1961,0.08,Major (Structural/Systems),Single Family,2,2252100.0
78701,1156,2,2.5,1953,0.049,Minor (Cosmetic),Townhouse,2,491000.0
78701,602,1,1.0,1945,0.045,Major (Structural/Systems),Condo,2,276000.0
78701,1028,1,2.0,1969,0.035,Minor (Cosmetic),Condo,0,389500.0
33101,2379,3,4.0,1986,0.22,Full Gut Rehab,Single Family,1,1403900.0
33101,3138,5,6.0,1959,0.08,None,Single Family,2,1427300.0
75001,3067,5,6.0,1955,0.89,Major (Structural/Systems),Single Family,2,955500.0
02108,2953,5,6.0,2007,0.17,Major (Structural/Systems),Single Family,2,2419900.0
75001,1001,2,2.5,1973,0.027,Minor (Cosmetic),Condo,1,283100.0
78701,1464,2,3.0,1940,0.12,None,Single Family,0,556700.0
90210,2809,5,5.5,2016,0.78,Minor (Cosmetic),Single Family,2,2811700.0
90210,2893,5,6.0,1987,0.15,Minor (Cosmetic),Single Family,3,2393000.0
98101,550,1,1.0,1947,0.017,Minor (Cosmetic),Condo,1,271200.0
75001,1424,2,2.5,1961,0.08,Major (Structural/Systems),Townhouse,1,420000.0
60601,1981,3,4.0,2007,0.53,None,Single Family,2,854000.0
75001,2588,4,5.5,1973,0.16,None,Single Family,3,728800.0
78701,1897,3,4.0,1999,0.37,Minor (Cosmetic),Single Family,2,949300.0
80202,1086,1,2.0,1984,0.022,None,Condo,2,423600.0
94102,1026,2,2.0,1976,0.039,Minor (Cosmetic),Condo,2,675800.0
98101,1728,3,4.0,1962,0.093,Minor (Cosmetic),Townhouse,2,854200.0
80202,1962,3,3.5,2023,0.4,Major (Structural/Systems),Single Family,3,1160200.0
94102,2688,5,6.0,1963,0.36,Minor (Cosmetic),Multi-Family,2,2218100.0
10001,1689,2,3.0,1952,0.08,Minor (Cosmetic),Single Family,2,1423500.0
33101,1233,2,2.0,2008,0.046,None,Condo,2,620200.0
60601,2928,5,6.0,2019,0.31,None,Single Family,2,1264500.0
85001,1453,2,3.0,1999,0.071,Minor (Cosmetic),Townhouse,2,522800.0
85001,3640,6,6.0,1977,0.08,Major (Structural/Systems),Single Family,4,1220800.0
33101,989,1,1.5,1987,0.041,Minor (Cosmetic),Condo,0,430100.0
80202,2488,4,5.5,1965,0.081,Minor (Cosmetic),Townhouse,2,1049000.0
33101,2018,2,3.5,2016,0.08,Minor (Cosmetic),Single Family,2,1167500.0
75001,980,1,1.5,2024,0.89,Minor (Cosmetic),Single Family,2,388000.0
94102,1980,2,3.0,1940,0.048,None,Townhouse,2,1264100.0
98101,2686,4,5.0,1943,0.26,Minor (Cosmetic),Single Family,1,1414100.0
75001,2525,4,5.0,2006,0.33,None,Single Family,2,823600.0
98101,2018,3,3.5,2019,2.41,Minor (Cosmetic),Single Family,2,1493600.0
78701,1087,2,2.5,1952,0.016,Major (Structural/Systems),Condo,0,462600.0
78701,2116,3,4.5,1978,0.33,None,Single Family,1,858300.0
10001,2273,3,4.0,1970,0.23,Minor (Cosmetic),Single Family,2,1848200.0
98101,3131,5,6.0,1963,0.1,Major (Structural/Systems),Single Family,2,1702800.0
98101,2638,4,6.0,2018,1.0,Minor (Cosmetic),Single Family,0,1763800.0
90210,2074,3,4.5,1944,0.103,None,Townhouse,2,1510800.0
90210,3014,5,6.0,1988,0.53,Minor (Cosmetic),Multi-Family,0,2815100.0
75001,980,2,2.5,1950,0.046,Major (Structural/Systems),Condo,1,301300.0
02108,1634,3,3.5,1963,0.45,None,Single Family,2,1019900.0
78701,1633,2,3.0,1984,0.081,None,Townhouse,2,708500.0
02108,800,1,2.0,2013,0.17,Minor (Cosmetic),Single Family,0,618400.0
85001,2057,4,4.5,1973,0.43,None,Single Family,2,617600.0
02108,1763,3,4.0,1950,0.088,Major (Structural/Systems),Townhouse,3,1194000.0
80202,1297,2,3.0,1996,0.032,Major (Structural/Systems),Condo,1,585000.0
30301,1005,2,2.5,1968,0.034,None,Condo,1,296100.0
75001,1221,3,3.5,1961,0.036,Minor (Cosmetic),Condo,0,333700.0
10001,865,2,2.5,1972,1.21,Major (Structural/Systems),Single Family,2,972700.0
75001,2457,4,4.5,2011,0.49,None,Single Family,2,794200.0
80202,550,1,1.0,1988,0.017,Major (Structural/Systems),Condo,0,237900.0
80202,1593,2,3.0,1962,0.22,None,Single Family,2,668300.0
94102,2359,5,6.0,2008,0.4,None,Single Family,2,2036500.0
94102,1546,2,3.0,1968,0.017,None,Condo,1,946800.0
60601,1229,2,3.0,1945,0.047,None,Condo,0,411700.0
78701,2513,3,4.0,1991,0.08,Minor (Cosmetic),Single Family,2,1153400.0
80202,1093,2,3.0,1953,0.034,Major (Structural/Systems),Condo,1,489600.0
60601,1478,2,2.5,1956,0.118,None,Townhouse,2,475600.0
60601,909,1,2.0,2019,0.039,None,Condo,1,372200.0
94102,2820,3,4.5,1967,0.4,Minor (Cosmetic),Single Family,3,1975400.0
33101,1460,3,4.0,1948,2.09,None,Single Family,2,835000.0
94102,2944,5,6.0,2005,0.55,None,Single Family,1,2522600.0
60601,2208,3,4.0,1943,1.23,Full Gut Rehab,Single Family,2,948400.0
33101,3119,5,6.0,1959,0.42,Minor (Cosmetic),Single Family,2,1561700.0
85001,3220,5,6.0,1980,0.38,Major (Structural/Systems),Single Family,1,1088800.0
90210,1245,2,3.0,1975,0.5,None,Single Family,2,958600.0
90210,1538,2,3.0,1945,0.055,Minor (Cosmetic),Townhouse,1,1082800.0
02108,1858,3,4.5,2004,0.57,Minor (Cosmetic),Single Family,2,1269900.0
02108,550,1,1.0,1989,0.049,Major (Structural/Systems),Condo,1,397200.0
10001,738,1,1.5,2003,0.034,None,Condo,1,646600.0
30301,4330,7,6.0,1942,0.08,Major (Structural/Systems),Single Family,2,1328400.0
10001,2074,4,5.0,1976,0.046,None,Townhouse,1,1547300.0
02108,1771,2,3.0,1942,0.019,Major (Structural/Systems),Condo,1,1110900.0
60601,3121,4,5.5,1972,0.24,None,Single Family,0,1042100.0
80202,840,1,1.5,1998,0.027,Minor (Cosmetic),Condo,2,386400.0
75001,2213,4,4.5,1954,1.36,None,Single Family,1,650600.0
90210,1305,2,2.5,1995,0.048,Minor (Cosmetic),Condo,0,1042100.0
80202,2828,4,5.0,2000,0.17,None,Single Family,2,1215200.0
90210,1540,2,3.0,2007,0.104,Minor (Cosmetic),Townhouse,2,1379000.0
90210,1367,2,3.0,2018,0.35,Minor (Cosmetic),Single Family,2,1411900.0
30301,2250,4,5.0,2010,0.02,Minor (Cosmetic),Condo,2,744300.0
94102,2394,3,4.0,2007,0.94,None,Single Family,1,1930200.0
78701,985,1,1.5,2001,0.02,Major (Structural/Systems),Condo,1,506600.0
80202,1139,1,2.5,2006,0.045,None,Condo,0,485900.0
98101,2317,3,4.5,1962,0.36,Full Gut Rehab,Single Family,2,1371800.0
30301,1142,2,2.5,1953,0.035,Major (Structural/Systems),Condo,2,374000.0
90210,3465,5,6.0,1945,0.64,Minor (Cosmetic),Single Family,2,2542600.0
33101,1743,3,4.0,1972,0.08,None,Townhouse,1,768800.0
85001,1627,2,2.5,1948,0.67,None,Single Family,3,498600.0
78701,1727,2,3.0,1951,0.084,Minor (Cosmetic),Townhouse,3,733700.0
85001,1591,3,3.5,1990,0.119,None,Townhouse,1,498800.0
90210,3567,7,6.0,1942,0.38,Major (Structural/Systems),Single Family,2,3103200.0
80202,3378,4,6.0,1995,0.16,Major (Structural/Systems),Single Family,3,1619100.0
02108,2580,4,5.5,1985,0.5,Full Gut Rehab,Single Family,2,1936600.0
60601,1224,2,2.5,1975,0.081,Minor (Cosmetic),Townhouse,3,479200.0
85001,1580,2,3.0,1952,0.57,Full Gut Rehab,Single Family,1,565000.0
02108,2511,4,5.0,1952,0.63,None,Single Family,1,1524000.0
33101,1951,3,4.0,1997,0.089,Major (Structural/Systems),Townhouse,2,1025300.0
10001,2219,3,4.5,2024,0.72,None,Single Family,2,2131100.0
78701,931,1,2.0,1973,0.026,None,Condo,1,364900.0
80202,2055,4,5.0,1982,0.08,None,Single Family,2,844800.0
85001,2482,3,4.5,1967,0.38,None,Single Family,1,696800.0
33101,550,1,1.5,1995,0.041,Minor (Cosmetic),Condo,2,307900.0
98101,1674,3,4.0,1986,0.08,Full Gut Rehab,Single Family,2,1120700.0
94102,2029,3,3.5,1974,0.52,None,Single Family,2,1430600.0
94102,2343,4,5.0,2017,0.091,Minor (Cosmetic),Townhouse,1,2024100.0
10001,1889,2,3.0,2021,0.08,None,Single Family,1,1785800.0
02108,3344,5,6.0,1958,0.27,None,Multi-Family,2,2223100.0
30301,3381,5,6.0,2022,0.08,None,Multi-Family,2,1321700.0
78701,3473,5,6.0,1990,0.14,Full Gut Rehab,Single Family,1,1834800.0
78701,3446,5,6.0,1959,0.57,Minor (Cosmetic),Single Family,1,1553900.0
94102,1079,2,2.0,1968,0.014,Major (Structural/Systems),Condo,1,762100.0
30301,2143,3,3.5,2011,0.22,Minor (Cosmetic),Single Family,2,716700.0
60601,2002,3,4.0,2020,0.33,Major (Structural/Systems),Single Family,1,979100.0
90210,1015,2,2.5,2004,0.048,Minor (Cosmetic),Condo,1,864700.0
60601,2174,4,5.0,1977,0.47,Minor (Cosmetic),Single Family,0,819900.0
78701,2049,4,4.5,1988,0.051,Minor (Cosmetic),Townhouse,1,900400.0
94102,2815,4,5.0,1967,1.21,Minor (Cosmetic),Single Family,1,2121600.0
80202,2943,5,6.0,1972,0.23,None,Single Family,2,1181100.0
80202,3444,6,6.0,1952,0.16,None,Single Family,2,1293500.0
10001,4690,7,6.0,1983,0.08,Major (Structural/Systems),Multi-Family,3,4795900.0
85001,1143,2,2.5,1991,0.047,None,Condo,0,317800.0
75001,2294,4,5.0,2016,0.087,Minor (Cosmetic),Townhouse,1,763300.0
33101,2236,3,4.5,2015,1.55,Minor (Cosmetic),Single Family,3,1355000.0
80202,3388,5,6.0,1980,0.08,Major (Structural/Systems),Single Family,2,1452900.0
80202,3296,6,6.0,1988,0.28,None,Single Family,1,1374500.0
33101,3256,5,6.0,1946,0.08,Minor (Cosmetic),Single Family,2,1488200.0
78701,1132,3,3.5,1975,0.031,Minor (Cosmetic),Condo,1,480300.0
90210,866,2,2.0,1965,0.046,Minor (Cosmetic),Condo,1,631100.0
78701,1454,2,2.5,1966,0.08,Minor (Cosmetic),Single Family,0,621900.0
75001,1781,2,3.0,1963,0.062,Minor (Cosmetic),Townhouse,1,468600.0
80202,3649,6,6.0,2010,0.4,Full Gut Rehab,Single Family,2,2029600.0
90210,2952,5,6.0,2020,0.08,None,Multi-Family,2,2955900.0
75001,3088,5,6.0,1972,0.21,None,Single Family,1,839100.0
10001,3132,5,6.0,1957,0.14,Major (Structural/Systems),Single Family,1,2877200.0
02108,2287,4,5.5,1944,0.64,None,Single Family,2,1392500.0
10001,3487,5,6.0,1940,0.08,Minor (Cosmetic),Single Family,2,2990600.0
98101,550,1,1.0,2010,0.045,Minor (Cosmetic),Condo,0,323200.0
60601,1582,2,2.5,1942,0.43,None,Single Family,4,586600.0
78701,1813,4,4.5,1975,0.12,None,Single Family,2,792600.0
10001,813,1,1.5,1974,0.018,Minor (Cosmetic),Condo,1,638200.0
30301,1217,3,3.5,1990,0.048,None,Condo,1,372500.0
30301,1930,3,4.5,1951,0.084,Minor (Cosmetic),Townhouse,2,596600.0
30301,2795,5,6.0,1954,0.15,Minor (Cosmetic),Single Family,2,825500.0
10001,1308,2,2.5,1943,0.012,Major (Structural/Systems),Condo,1,1098900.0
80202,767,1,1.0,1995,0.017,None,Condo,1,309100.0
85001,1586,3,3.0,1955,0.32,None,Single Family,2,476900.0
75001,2797,5,6.0,1945,0.25,Minor (Cosmetic),Single Family,2,817600.0
90210,2027,3,4.0,2002,0.5,Minor (Cosmetic),Single Family,1,1752900.0
90210,1322,3,3.5,1962,0.63,Major (Structural/Systems),Single Family,0,1184800.0
80202,3228,4,5.5,2016,0.18,Minor (Cosmetic),Single Family,2,1671200.0
30301,3546,5,6.0,1983,0.08,None,Single Family,2,985900.0
78701,1645,3,3.0,1940,0.042,Minor (Cosmetic),Condo,2,693900.0
78701,1165,2,2.5,1996,0.032,Major (Structural/Systems),Condo,0,570100.0
94102,3700,6,6.0,2015,1.37,None,Multi-Family,1,3186300.0
33101,1579,2,3.5,1966,0.042,None,Condo,0,614800.0
75001,2018,4,5.0,1964,0.14,Major (Structural/Systems),Single Family,2,631900.0
98101,2299,3,4.0,2001,0.074,None,Townhouse,1,1201900.0
75001,1923,4,4.5,1957,0.059,Minor (Cosmetic),Townhouse,2,584600.0
85001,3185,5,6.0,2019,0.25,None,Single Family,2,1152500.0
10001,1165,1,1.5,1969,0.038,Major (Structural/Systems),Condo,2,989400.0
78701,4237,6,6.0,1969,0.33,Minor (Cosmetic),Multi-Family,4,1954400.0
02108,2667,4,5.0,2023,0.15,None,Single Family,2,2096200.0
75001,1132,2,2.0,1986,0.106,Major (Structural/Systems),Townhouse,2,367400.0
78701,3588,7,6.0,1961,0.08,None,Single Family,1,1521400.0
33101,1789,2,3.0,1981,0.08,None,Single Family,1,780200.0
75001,3439,5,6.0,1973,0.18,Major (Structural/Systems),Single Family,0,956600.0
98101,1068,1,2.0,2002,0.038,Minor (Cosmetic),Condo,0,534800.0
30301,2329,3,3.5,1943,0.096,Major (Structural/Systems),Townhouse,2,683900.0
78701,4107,7,6.0,1970,0.16,Full Gut Rehab,Multi-Family,2,2187200.0
94102,2822,4,5.5,1990,0.42,Major (Structural/Systems),Single Family,3,2531900.0
60601,2881,5,6.0,1989,0.08,None,Single Family,3,1127500.0
75001,1990,3,3.5,1953,0.063,None,Townhouse,2,528500.0
02108,550,1,1.0,1947,0.038,Minor (Cosmetic),Condo,0,327000.0
30301,2588,4,5.0,2008,0.08,None,Single Family,2,877700.0
30301,1662,2,3.0,1947,0.08,Minor (Cosmetic),Single Family,2,522900.0
02108,1159,3,3.0,1950,0.013,Minor (Cosmetic),Condo,0,668400.0
85001,699,2,1.5,1968,0.025,Minor (Cosmetic),Condo,0,216400.0
94102,1611,3,3.5,1994,0.61,Minor (Cosmetic),Single Family,2,1333800.0
10001,3703,7,6.0,2024,0.63,Minor (Cosmetic),Single Family,3,4112100.0
10001,4055,6,6.0,1978,0.69,Major (Structural/Systems),Multi-Family,1,4211600.0
30301,1098,2,2.5,1952,0.011,Major (Structural/Systems),Condo,1,347200.0
33101,2638,5,6.0,2003,1.76,Minor (Cosmetic),Single Family,1,1468400.0
94102,2314,3,4.0,1988,0.24,None,Single Family,2,1641800.0
80202,1299,1,1.5,1958,0.045,Minor (Cosmetic),Condo,1,485200.0
33101,1992,2,3.5,2006,0.82,Minor (Cosmetic),Single Family,3,1105700.0
94102,3245,6,6.0,2022,0.25,Minor (Cosmetic),Single Family,3,2961100.0
30301,2310,3,4.0,1991,0.08,None,Single Family,2,697900.0
75001,2185,3,4.0,2017,0.32,Major (Structural/Systems),Single Family,3,839600.0
78701,1107,1,1.5,2010,0.023,Minor (Cosmetic),Condo,0,480600.0
85001,2056,4,4.5,1959,0.08,Major (Structural/Systems),Single Family,2,751800.0
80202,1215,1,1.5,1993,0.017,None,Condo,1,454900.0
85001,2096,3,4.0,1944,0.29,Minor (Cosmetic),Single Family,2,613800.0
33101,2851,5,6.0,2018,0.08,None,Single Family,2,1598500.0
33101,3412,5,6.0,2001,0.6,Minor (Cosmetic),Single Family,2,1856800.0
10001,1476,2,3.0,1956,0.058,None,Townhouse,2,1161700.0
30301,1741,3,4.5,1992,0.084,Major (Structural/Systems),Townhouse,1,594000.0
80202,2845,5,6.0,1976,0.08,None,Single Family,4,1137400.0
10001,947,2,2.5,1958,0.044,Minor (Cosmetic),Condo,2,769500.0
90210,1262,2,2.5,1949,0.038,Minor (Cosmetic),Condo,1,913200.0
78701,3644,5,6.0,1983,0.08,Minor (Cosmetic),Multi-Family,1,1738400.0
78701,3312,6,6.0,1988,0.44,Minor (Cosmetic),Single Family,2,1544500.0
60601,887,1,1.5,1976,0.013,None,Condo,0,278200.0
30301,1792,3,3.5,1997,0.52,None,Single Family,2,616300.0
90210,2269,4,5.0,1954,0.24,None,Single Family,2,1708500.0
60601,2425,4,5.0,1959,0.08,Minor (Cosmetic),Multi-Family,2,946600.0
10001,2923,5,6.0,1994,0.28,Minor (Cosmetic),Single Family,4,2835600.0
30301,1628,2,2.5,1952,0.08,Major (Structural/Systems),Single Family,2,537900.0
75001,4249,7,6.0,1959,0.39,Minor (Cosmetic),Single Family,3,1144800.0
78701,1553,3,4.0,1982,0.038,Full Gut Rehab,Condo,2,763500.0
60601,1104,1,1.5,2021,0.04,None,Condo,0,393400.0
02108,3150,4,6.0,1980,0.79,None,Single Family,2,1792600.0
80202,1890,3,4.5,1987,0.37,None,Multi-Family,2,851400.0
75001,4392,6,6.0,1995,0.24,None,Single Family,1,1109000.0
80202,2057,3,4.0,2007,0.67,Full Gut Rehab,Single Family,2,1229400.0
98101,1745,3,3.5,1983,0.112,Minor (Cosmetic),Townhouse,2,906200.0
78701,1108,2,2.0,2012,0.53,None,Single Family,2,571000.0
75001,2864,4,5.0,1986,1.0,Minor (Cosmetic),Single Family,3,896000.0
98101,1670,2,3.0,1989,1.36,Major (Structural/Systems),Single Family,2,1014900.0
10001,1845,3,4.0,1971,0.06,None,Townhouse,2,1481200.0
60601,2091,2,4.0,1993,0.08,Minor (Cosmetic),Single Family,2,808500.0
75001,1315,2,3.0,1978,0.076,None,Townhouse,2,373800.0
94102,818,1,1.0,2024,0.05,Minor (Cosmetic),Condo,2,678700.0
10001,2669,4,5.5,1997,0.08,None,Single Family,3,2374700.0
94102,651,1,1.0,2000,0.038,Minor (Cosmetic),Condo,1,487800.0
98101,1938,3,4.0,2011,0.67,Minor (Cosmetic),Single Family,2,1238600.0
80202,2997,4,5.5,2022,1.97,Minor (Cosmetic),Single Family,2,1626400.0
60601,2010,3,3.5,1958,0.035,Full Gut Rehab,Condo,1,788500.0
33101,3582,6,6.0,2008,0.17,Major (Structural/Systems),Multi-Family,2,2248500.0
33101,1812,4,4.5,1961,0.08,None,Single Family,2,791700.0
98101,2224,3,4.0,1974,1.4,None,Single Family,2,1156600.0
75001,2523,3,4.0,1949,0.9,None,Single Family,1,700900.0
80202,2237,4,5.0,1954,0.57,None,Single Family,3,896200.0
85001,3177,5,6.0,1941,1.01,Minor (Cosmetic),Single Family,2,1020800.0
33101,2663,4,5.0,1961,0.08,None,Single Family,3,1196900.0
94102,1417,4,4.5,2022,0.035,Minor (Cosmetic),Condo,0,1253300.0
33101,2264,3,4.0,1951,0.11,None,Single Family,0,975400.0
98101,3494,6,6.0,2001,0.51,None,Single Family,0,1868500.0
60601,1725,3,3.0,1984,0.048,Major (Structural/Systems),Townhouse,1,632600.0
90210,1362,3,3.5,1997,0.061,None,Townhouse,1,1094400.0
10001,4132,5,6.0,1959,0.66,None,Single Family,2,3170700.0
30301,1131,2,2.5,1990,0.48,None,Single Family,2,373100.0
10001,841,2,2.5,1946,0.05,None,Condo,1,642700.0
75001,2029,5,5.5,1963,0.36,Major (Structural/Systems),Single Family,1,653800.0
02108,4381,7,6.0,2006,0.13,Minor (Cosmetic),Single Family,2,3221400.0
33101,1732,2,3.0,2009,0.032,Minor (Cosmetic),Condo,1,876800.0
60601,3620,5,6.0,1992,1.01,Major (Structural/Systems),Single Family,1,1457900.0
78701,2252,5,5.5,1973,0.37,Major (Structural/Systems),Single Family,2,1169000.0
02108,4319,7,6.0,1972,0.75,None,Single Family,2,2581900.0
10001,2776,4,5.5,1962,0.08,None,Single Family,2,2279000.0
90210,3232,5,6.0,1997,0.16,None,Single Family,2,2603700.0
02108,3343,5,6.0,2007,0.96,None,Multi-Family,4,2792300.0
33101,2462,4,5.0,2008,0.08,Minor (Cosmetic),Single Family,1,1422800.0
85001,2311,3,4.5,2019,0.26,None,Single Family,2,833900.0
30301,2342,3,4.0,1979,0.15,None,Single Family,2,658400.0
60601,2073,2,3.0,1986,0.092,Minor (Cosmetic),Townhouse,4,700100.0
75001,2775,5,6.0,1982,0.08,Minor (Cosmetic),Single Family,2,809600.0
33101,2476,4,5.5,2000,0.37,Major (Structural/Systems),Single Family,2,1471500.0
02108,2479,4,5.0,1981,0.119,None,Townhouse,3,1457400.0
30301,800,2,2.5,2001,0.11,Minor (Cosmetic),Single Family,2,322500.0
33101,2882,5,6.0,2006,0.22,None,Single Family,3,1542600.0
78701,3038,5,6.0,1994,0.08,Full Gut Rehab,Single Family,2,1664600.0
94102,3360,5,6.0,1988,0.2,None,Single Family,1,2389600.0
80202,2451,4,5.0,1988,0.18,Minor (Cosmetic),Single Family,1,1052400.0
80202,1172,2,3.0,2017,0.033,Full Gut Rehab,Condo,1,635300.0
30301,3239,5,6.0,1972,0.1,None,Single Family,1,956200.0
78701,1621,2,3.0,1967,0.023,Major (Structural/Systems),Condo,1,666600.0
98101,2274,4,5.0,1996,0.33,None,Single Family,3,1264600.0
85001,2700,5,6.0,1980,0.84,None,Single Family,2,873000.0
94102,3758,5,6.0,2018,0.09,None,Single Family,2,3117300.0
80202,900,2,2.5,1943,0.094,Full Gut Rehab,Townhouse,4,507400.0
90210,1982,3,4.0,1959,0.26,None,Single Family,1,1526400.0
60601,1613,3,3.5,1974,0.014,None,Condo,1,531100.0
30301,3319,6,6.0,1992,0.29,Full Gut Rehab,Single Family,0,1226400.0
02108,2891,4,5.5,1978,0.43,Minor (Cosmetic),Single Family,1,1884100.0
30301,2163,4,4.5,1992,0.32,Minor (Cosmetic),Single Family,2,703500.0
02108,1838,3,3.5,1949,0.08,Minor (Cosmetic),Single Family,2,1132200.0
30301,2056,2,3.0,2019,0.67,None,Single Family,2,766200.0
60601,3661,5,6.0,2022,0.08,Major (Structural/Systems),Single Family,2,1825900.0
75001,880,2,2.0,2004,0.019,Major (Structural/Systems),Condo,1,292000.0
90210,2576,3,4.0,1940,0.33,None,Single Family,2,2027800.0
85001,836,2,1.5,1992,0.019,None,Condo,1,240800.0
60601,3132,5,6.0,1985,0.08,Major (Structural/Systems),Single Family,2,1244100.0
02108,2095,4,4.5,1965,0.25,None,Single Family,2,1277300.0
75001,1065,2,2.5,1941,0.039,Minor (Cosmetic),Condo,2,323000.0
02108,1237,2,2.0,1967,0.19,Minor (Cosmetic),Single Family,3,815600.0
30301,1289,1,1.5,2023,0.42,Major (Structural/Systems),Single Family,4,553400.0
94102,1102,2,2.0,1966,0.044,None,Condo,0,648000.0
60601,1203,2,2.5,1967,0.117,Major (Structural/Systems),Townhouse,2,485700.0
78701,4078,7,6.0,1970,0.09,None,Single Family,3,1643200.0
94102,953,2,2.5,1986,0.33,None,Single Family,2,687200.0
10001,1439,2,2.5,1946,0.061,Minor (Cosmetic),Townhouse,2,1156200.0
90210,2512,4,5.0,2011,0.72,None,Single Family,2,2200500.0
80202,972,2,2.5,2014,0.046,Minor (Cosmetic),Condo,1,497600.0
02108,1671,2,2.5,1987,0.14,Minor (Cosmetic),Single Family,2,1120100.0
33101,1781,3,3.5,1965,0.36,Minor (Cosmetic),Single Family,2,914700.0
02108,753,1,2.0,1994,0.046,Minor (Cosmetic),Condo,2,475400.0
02108,2284,3,4.0,1946,0.25,Full Gut Rehab,Single Family,2,1660400.0
60601,3963,7,6.0,2023,0.45,Major (Structural/Systems),Single Family,1,1915000.0
90210,2558,3,4.0,1996,0.56,Minor (Cosmetic),Single Family,3,2166000.0
30301,1514,3,3.5,1997,0.045,Minor (Cosmetic),Condo,0,468000.0
30301,1277,2,3.0,1940,0.031,Minor (Cosmetic),Condo,1,364000.0
33101,3335,5,6.0,2021,1.0,Major (Structural/Systems),Single Family,2,2100400.0
33101,800,1,1.5,2011,0.35,None,Single Family,2,502000.0
30301,993,1,1.5,1968,0.016,None,Condo,1,255100.0
10001,1557,2,3.0,1961,0.034,Minor (Cosmetic),Condo,2,1120800.0
90210,899,2,2.0,1979,0.022,None,Condo,0,623200.0
10001,3821,6,6.0,2001,0.16,None,Single Family,2,3691000.0
75001,1619,3,4.0,1953,0.042,Minor (Cosmetic),Condo,0,442600.0
90210,935,1,1.5,1941,0.049,None,Condo,1,602700.0
78701,2122,4,5.0,1974,0.71,None,Single Family,1,910800.0
85001,1739,2,3.0,2010,0.14,Minor (Cosmetic),Single Family,3,663800.0
30301,2027,3,3.5,2006,0.21,Minor (Cosmetic),Single Family,4,710700.0
78701,668,1,1.5,2018,0.049,None,Condo,1,321600.0
90210,2821,4,5.5,1961,0.9,Minor (Cosmetic),Single Family,2,2191400.0
75001,590,1,1.5,1957,0.049,Minor (Cosmetic),Condo,1,176800.0
33101,2071,3,4.5,1985,0.075,None,Townhouse,2,946800.0
94102,1319,2,2.5,2021,0.042,None,Condo,0,1069400.0
94102,1052,2,2.5,2002,0.11,Major (Structural/Systems),Townhouse,2,979700.0
30301,4439,7,6.0,1975,0.08,Minor (Cosmetic),Multi-Family,1,1428700.0
33101,2885,5,6.0,1985,0.11,None,Single Family,1,1389500.0
75001,1362,2,2.5,1976,0.045,None,Condo,2,336600.0
30301,1931,3,3.5,1957,0.17,None,Single Family,2,547600.0
78701,2080,3,4.0,1982,0.062,None,Townhouse,3,822500.0
78701,3344,5,6.0,1968,0.11,Major (Structural/Systems),Single Family,2,1584200.0
80202,3121,5,6.0,2015,0.16,Minor (Cosmetic),Multi-Family,2,1682800.0
02108,1800,3,4.0,1957,0.02,Minor (Cosmetic),Condo,0,1031400.0
80202,1115,2,2.5,1954,0.01,None,Condo,0,419400.0
75001,3355,6,6.0,1998,0.08,None,Single Family,4,1037600.0
33101,2719,4,5.0,1967,0.75,Full Gut Rehab,Single Family,2,1499200.0
30301,1304,2,2.0,1992,0.013,Major (Structural/Systems),Condo,1,419600.0
80202,1246,2,2.5,1954,0.19,Major (Structural/Systems),Single Family,2,601900.0
33101,1966,4,5.0,1982,0.077,None,Townhouse,1,881100.0
33101,1948,3,3.5,1972,0.53,Minor (Cosmetic),Single Family,2,968400.0
33101,803,1,1.5,1941,0.02,Minor (Cosmetic),Condo,0,306100.0
60601,3808,6,6.0,1998,0.13,Full Gut Rehab,Single Family,2,1718800.0
10001,1025,1,2.0,1947,0.011,None,Condo,1,711600.0
78701,748,2,2.0,1972,0.046,Full Gut Rehab,Condo,2,393800.0
94102,2230,3,4.0,1974,0.4,Minor (Cosmetic),Single Family,4,1707500.0
98101,1524,1,2.0,1957,0.11,Minor (Cosmetic),Single Family,1,750600.0
80202,3575,6,6.0,1960,0.76,None,Single Family,2,1385400.0
33101,856,2,2.5,2003,0.013,Major (Structural/Systems),Condo,1,450000.0
85001,2896,5,6.0,1967,0.16,Major (Structural/Systems),Single Family,1,985100.0
33101,1574,3,3.5,2023,0.033,None,Condo,1,787700.0
60601,2124,3,4.0,1984,0.25,None,Single Family,1,759100.0
78701,2899,4,5.5,1959,0.37,Minor (Cosmetic),Single Family,1,1219300.0
33101,1727,2,3.0,1943,0.12,Minor (Cosmetic),Single Family,3,846000.0
90210,4334,6,6.0,1975,0.5,Major (Structural/Systems),Single Family,2,3724400.0
02108,3202,5,6.0,2016,0.18,Full Gut Rehab,Single Family,1,2774300.0
98101,3045,5,6.0,1991,0.08,Minor (Cosmetic),Multi-Family,2,1892100.0
80202,1452,2,3.0,1978,0.099,Major (Structural/Systems),Townhouse,2,661000.0
90210,2414,4,5.0,2010,0.85,None,Single Family,2,2271300.0
94102,981,2,1.5,2020,0.025,Minor (Cosmetic),Condo,2,794100.0
02108,2678,4,5.0,1951,0.087,None,Townhouse,2,1483300.0
85001,1580,2,2.5,1994,0.41,Major (Structural/Systems),Single Family,2,575500.0
98101,2601,4,5.5,1987,0.62,None,Single Family,2,1360000.0
80202,2486,5,5.5,2024,0.08,None,Single Family,3,1279800.0
10001,2411,4,4.5,1948,0.3,Full Gut Rehab,Single Family,1,2243800.0
33101,3113,4,5.5,1951,0.47,Major (Structural/Systems),Multi-Family,2,1742500.0
02108,1059,1,2.0,2020,0.018,None,Condo,1,718300.0
10001,3154,5,6.0,2019,0.22,None,Single Family,3,3115700.0
78701,2956,4,5.5,2008,0.22,Full Gut Rehab,Single Family,2,1763700.0
90210,1246,3,3.5,2022,0.044,Major (Structural/Systems),Condo,2,1304000.0
90210,900,1,2.0,1996,0.102,Major (Structural/Systems),Townhouse,2,834900.0
10001,1204,3,3.5,1967,0.019,Minor (Cosmetic),Condo,0,915400.0
90210,550,1,1.5,1956,0.019,None,Condo,0,356300.0
94102,2984,5,6.0,1961,0.45,None,Single Family,2,2128100.0
98101,2463,4,4.5,1974,0.099,Minor (Cosmetic),Townhouse,2,1192500.0
75001,775,2,2.5,1998,0.017,Full Gut Rehab,Condo,0,264900.0
78701,2303,4,5.0,2018,0.19,Minor (Cosmetic),Single Family,3,1281600.0
78701,890,1,1.0,1958,0.043,None,Condo,2,347800.0
02108,3426,4,5.5,1989,0.08,Minor (Cosmetic),Single Family,3,2382500.0
85001,2571,4,5.0,1965,0.16,Minor (Cosmetic),Single Family,3,794700.0
98101,3796,6,6.0,1999,0.36,Minor (Cosmetic),Single Family,2,2133300.0
94102,2810,4,5.5,1983,0.52,Minor (Cosmetic),Single Family,2,2103800.0
33101,2681,4,5.0,1995,0.37,None,Single Family,3,1352100.0
94102,2551,4,4.5,1982,0.18,None,Single Family,2,1717700.0
98101,3113,5,6.0,1962,1.69,Major (Structural/Systems),Single Family,2,1895300.0
78701,1196,2,2.5,2013,0.08,None,Single Family,2,603000.0
30301,2564,5,6.0,1961,0.24,None,Single Family,4,808100.0
78701,2447,4,4.5,1986,0.25,None,Single Family,2,1004600.0
60601,1353,2,2.5,1994,0.02,Major (Structural/Systems),Condo,1,542600.0
85001,2359,4,5.0,1950,0.29,None,Single Family,2,733100.0
94102,1720,3,3.5,1994,0.09,None,Single Family,1,1289200.0
02108,1803,2,2.5,1965,0.075,Minor (Cosmetic),Townhouse,3,1032700.0
98101,721,1,1.0,1940,0.027,None,Condo,2,335000.0
80202,933,2,2.0,2001,0.102,Major (Structural/Systems),Townhouse,2,499800.0
80202,3045,5,6.0,1960,1.0,Minor (Cosmetic),Single Family,2,1289600.0
30301,2934,4,5.5,1947,0.08,Major (Structural/Systems),Single Family,1,970400.0
60601,1263,2,2.5,1959,0.05,None,Condo,0,427700.0
33101,3477,5,6.0,1984,0.99,Minor (Cosmetic),Single Family,1,1623300.0
02108,2001,4,5.0,2020,0.08,Major (Structural/Systems),Single Family,2,1842300.0
75001,1426,2,2.5,2018,0.85,None,Single Family,1,486000.0
85001,1768,3,4.0,2024,0.085,None,Townhouse,1,643400.0
75001,2239,3,4.0,2004,0.74,Minor (Cosmetic),Single Family,1,723300.0
90210,1420,2,3.0,1999,0.116,Minor (Cosmetic),Townhouse,2,1207400.0
33101,1764,3,3.5,2006,0.109,None,Townhouse,2,873700.0
90210,2041,3,4.0,1995,0.18,None,Single Family,3,1705900.0
02108,550,1,1.0,1970,0.035,Minor (Cosmetic),Condo,0,301200.0
90210,945,2,2.5,2024,0.029,Minor (Cosmetic),Condo,1,871500.0
33101,1288,2,2.5,2020,0.069,Minor (Cosmetic),Townhouse,3,759300.0
60601,2673,4,4.5,1961,0.1,Minor (Cosmetic),Single Family,3,971000.0
94102,870,1,1.0,2001,0.028,Minor (Cosmetic),Condo,0,653600.0
98101,3333,5,6.0,1995,0.57,Minor (Cosmetic),Single Family,1,1925800.0
80202,2521,3,4.5,2011,0.108,Minor (Cosmetic),Townhouse,1,1132300.0
98101,3009,4,5.5,1947,1.11,None,Single Family,2,1504700.0
94102,1336,2,2.5,2001,0.12,None,Single Family,2,1078900.0
80202,1626,3,3.5,2017,0.036,Major (Structural/Systems),Condo,1,852400.0
60601,2509,3,4.0,1963,0.096,Minor (Cosmetic),Townhouse,2,865600.0
90210,1106,2,2.0,1961,0.018,Minor (Cosmetic),Condo,1,791100.0
94102,3492,6,6.0,1954,0.16,Minor (Cosmetic),Single Family,2,2626000.0
98101,2086,2,3.5,2023,0.15,Major (Structural/Systems),Single Family,2,1427600.0
85001,1707,2,3.0,1967,1.49,Minor (Cosmetic),Multi-Family,0,635000.0
33101,833,2,2.5,1961,0.048,Full Gut Rehab,Condo,1,455500.0
33101,2578,4,4.5,1970,0.106,None,Townhouse,2,1161200.0
98101,1381,2,2.5,2012,0.22,None,Single Family,1,817200.0
33101,2499,4,5.0,2001,0.11,None,Single Family,2,1369700.0
90210,1111,2,2.0,2008,0.047,Major (Structural/Systems),Condo,2,1023700.0
33101,1569,2,3.0,1978,0.061,Major (Structural/Systems),Townhouse,3,797000.0
30301,2167,3,4.0,2020,0.26,None,Single Family,3,801600.0
33101,1832,2,3.0,1979,0.06,Minor (Cosmetic),Townhouse,3,857000.0
30301,2078,3,4.0,2008,1.24,Minor (Cosmetic),Single Family,3,767100.0
60601,1433,2,2.5,1994,0.08,None,Single Family,2,521000.0
94102,2661,4,5.5,2010,0.08,None,Single Family,2,2105700.0
30301,3305,5,6.0,2003,0.51,None,Single Family,2,1057900.0
90210,3152,5,6.0,1947,0.08,Major (Structural/Systems),Single Family,3,2702400.0
78701,1892,3,3.5,2010,1.36,None,Single Family,2,996000.0
94102,1561,3,3.5,1983,0.14,Minor (Cosmetic),Single Family,0,1181100.0
90210,1672,2,3.0,1977,0.113,Minor (Cosmetic),Townhouse,3,1269800.0
80202,3675,6,6.0,1960,0.38,Full Gut Rehab,Single Family,1,1650300.0
02108,2984,5,6.0,1943,0.35,None,Single Family,2,1882900.0
80202,3027,5,6.0,1971,0.86,None,Single Family,2,1293700.0
78701,3167,5,6.0,1994,0.25,Minor (Cosmetic),Single Family,1,1502000.0
90210,1247,1,2.5,1999,0.026,Major (Structural/Systems),Condo,1,1074700.0
94102,2590,4,5.0,1998,0.09,Minor (Cosmetic),Single Family,2,2112200.0
78701,1331,1,1.5,2006,0.016,Minor (Cosmetic),Condo,1,608400.0
98101,908,1,1.5,1944,0.042,Minor (Cosmetic),Condo,1,414400.0
60601,1439,1,2.5,2022,0.08,None,Single Family,3,623600.0
33101,3042,4,5.0,2011,0.18,Major (Structural/Systems),Single Family,2,1796300.0
75001,3428,5,6.0,1976,0.18,Full Gut Rehab,Single Family,1,1048400.0
60601,1661,3,4.0,1966,0.38,None,Single Family,2,685300.0
80202,1387,2,2.5,1952,0.021,None,Condo,1,503600.0
33101,1688,2,3.0,1945,0.044,None,Condo,0,633400.0
02108,2498,4,5.0,2004,0.08,Major (Structural/Systems),Single Family,2,1925000.0
02108,1886,3,4.5,1969,0.54,None,Single Family,2,1225700.0
75001,2592,4,5.0,2014,0.66,Minor (Cosmetic),Single Family,3,952100.0
80202,907,1,1.5,1991,0.018,None,Condo,0,343200.0
75001,2037,3,4.0,1980,0.58,None,Single Family,2,616600.0
75001,2824,4,5.5,2019,0.44,Major (Structural/Systems),Single Family,1,1037300.0
30301,1297,1,2.0,1954,0.73,Major (Structural/Systems),Single Family,3,439800.0
30301,594,1,1.5,1944,0.03,Minor (Cosmetic),Condo,1,198800.0
80202,1808,3,4.0,1954,0.059,None,Townhouse,3,709800.0
02108,2483,4,5.5,1940,0.85,None,Single Family,2,1593700.0
78701,2757,4,5.5,1954,0.55,None,Single Family,2,1128100.0
98101,4700,7,6.0,1999,0.08,Minor (Cosmetic),Multi-Family,2,2993600.0
33101,2578,4,5.0,1987,0.98,Minor (Cosmetic),Single Family,2,1250900.0
60601,1309,2,2.5,1993,0.048,None,Condo,1,493100.0
60601,1768,3,4.0,1994,0.15,None,Single Family,2,704500.0
98101,1368,2,3.0,2011,0.01,Minor (Cosmetic),Condo,1,745600.0
10001,2105,4,4.0,1966,0.28,Full Gut Rehab,Single Family,2,1969800.0
80202,3257,4,5.5,1969,0.86,None,Multi-Family,2,1397900.0
94102,1061,2,2.5,2015,0.015,Minor (Cosmetic),Condo,0,893400.0
30301,1461,2,2.5,1999,0.034,Minor (Cosmetic),Condo,2,447100.0
98101,641,1,1.0,2005,0.039,None,Condo,1,353200.0
94102,550,1,1.5,1985,0.015,Major (Structural/Systems),Condo,1,412200.0
90210,2339,3,4.5,1991,0.25,Major (Structural/Systems),Single Family,1,2194500.0
33101,2010,3,3.5,2020,0.047,Minor (Cosmetic),Townhouse,2,1118600.0
33101,3321,5,6.0,1974,0.29,Minor (Cosmetic),Multi-Family,4,1762400.0
98101,3424,5,6.0,1981,0.2,Full Gut Rehab,Single Family,2,2018500.0
90210,1996,3,4.0,1995,0.061,Minor (Cosmetic),Townhouse,2,1614400.0
98101,902,2,2.5,1984,0.044,Minor (Cosmetic),Condo,2,458700.0
02108,800,2,2.5,1991,0.17,Major (Structural/Systems),Single Family,2,679500.0
33101,2322,3,4.0,1962,0.42,Minor (Cosmetic),Single Family,4,1112000.0
33101,3270,5,6.0,1968,0.55,None,Single Family,1,1426200.0
98101,2205,4,4.5,1968,0.08,None,Single Family,2,1084200.0
10001,2521,4,5.0,1996,0.08,Minor (Cosmetic),Single Family,2,2394200.0
85001,2816,4,5.0,1958,0.08,Minor (Cosmetic),Single Family,2,793900.0
80202,1738,3,4.0,2020,0.13,Major (Structural/Systems),Single Family,3,987400.0
60601,2967,4,5.5,1947,0.59,None,Single Family,1,1080100.0
94102,4509,7,6.0,1989,0.52,Minor (Cosmetic),Multi-Family,3,3745600.0
80202,2370,3,4.0,1946,0.72,None,Single Family,2,938200.0
90210,1653,2,3.0,1950,0.5,Full Gut Rehab,Single Family,2,1609900.0
78701,2450,3,4.5,2006,0.08,Minor (Cosmetic),Single Family,2,1237600.0
85001,831,1,1.0,2005,0.17,Minor (Cosmetic),Single Family,2,320900.0
98101,1217,1,1.5,2022,0.01,Minor (Cosmetic),Condo,2,707400.0
90210,1258,2,2.5,1967,0.011,None,Condo,1,825400.0
90210,1686,2,3.0,1995,0.029,Major (Structural/Systems),Condo,1,1358300.0
98101,2354,4,5.5,1967,0.16,None,Single Family,2,1234900.0
10001,1242,2,2.5,2014,0.032,None,Condo,0,1125700.0
90210,1854,4,5.0,1979,0.08,Minor (Cosmetic),Single Family,2,1542400.0
60601,2232,2,3.0,1941,0.31,None,Single Family,2,730000.0
80202,1356,2,3.0,2015,0.08,Minor (Cosmetic),Single Family,3,691500.0
02108,2353,3,4.5,2000,0.19,Minor (Cosmetic),Single Family,2,1751700.0
30301,2271,4,5.0,2015,0.15,None,Single Family,2,808100.0
94102,2724,3,4.5,1964,0.09,Major (Structural/Systems),Single Family,2,2064900.0
85001,2701,4,5.0,1993,0.13,Minor (Cosmetic),Multi-Family,2,983200.0
02108,2562,4,5.0,1956,0.08,None,Single Family,2,1650400.0
30301,2249,4,5.5,1987,0.14,None,Single Family,2,693400.0
33101,2251,4,4.5,1951,0.08,Minor (Cosmetic),Single Family,2,1073300.0
75001,1128,2,2.0,2000,0.047,None,Condo,0,310500.0
85001,2530,4,5.0,1941,0.08,Full Gut Rehab,Single Family,2,952900.0
02108,2142,3,3.5,2019,0.116,Minor (Cosmetic),Townhouse,3,1652300.0
85001,3103,5,6.0,2004,0.24,None,Multi-Family,2,1048500.0
98101,2237,4,5.0,1991,0.25,Minor (Cosmetic),Single Family,2,1324400.0
98101,2364,3,4.0,1973,0.54,Minor (Cosmetic),Single Family,2,1216700.0
98101,1964,4,4.0,1984,0.42,Major (Structural/Systems),Single Family,1,1184400.0
78701,974,1,1.5,1940,0.019,Major (Structural/Systems),Condo,1,433000.0
94102,4023,6,6.0,1991,0.08,Full Gut Rehab,Single Family,2,3707800.0
78701,1815,3,4.0,2006,0.53,Minor (Cosmetic),Single Family,4,996000.0
78701,2291,4,5.0,2015,0.08,Minor (Cosmetic),Single Family,2,1234300.0
60601,964,1,1.5,1995,0.034,None,Condo,0,305700.0
75001,2314,4,5.0,1997,1.0,Minor (Cosmetic),Single Family,3,796500.0
80202,2251,4,5.0,1989,0.28,Minor (Cosmetic),Single Family,2,988900.0
02108,1197,2,2.5,1964,0.021,None,Condo,1,686800.0
02108,550,1,1.0,1951,0.017,None,Condo,0,308100.0
10001,2266,3,3.5,2012,0.042,Full Gut Rehab,Townhouse,2,2589200.0
90210,2974,4,5.5,2004,0.34,Major (Structural/Systems),Single Family,3,2894800.0
98101,664,1,1.5,1995,0.032,Minor (Cosmetic),Condo,2,350200.0
02108,550,1,1.5,1989,0.028,None,Condo,0,314300.0
85001,1767,2,3.0,1967,0.08,Minor (Cosmetic),Single Family,1,516500.0
78701,1015,2,2.5,1942,0.019,None,Condo,2,420200.0
98101,4435,7,6.0,1977,1.11,None,Single Family,2,2104400.0
78701,2044,3,3.5,2003,0.042,None,Townhouse,1,929700.0
94102,1144,2,2.0,1993,0.16,None,Single Family,2,909900.0
80202,858,2,2.5,1975,0.012,Minor (Cosmetic),Condo,0,346700.0
33101,2460,4,5.0,1983,0.08,None,Single Family,1,1051300.0
80202,3402,4,5.5,1983,0.95,None,Multi-Family,4,1388000.0
98101,1513,2,2.0,2008,0.08,None,Single Family,1,853800.0
85001,3092,5,6.0,1992,0.32,Minor (Cosmetic),Multi-Family,1,1077800.0
30301,1477,2,3.0,1952,0.068,Major (Structural/Systems),Townhouse,2,460700.0
33101,1672,2,2.5,1983,0.35,Minor (Cosmetic),Single Family,2,797100.0
78701,1916,3,3.5,1943,0.108,Minor (Cosmetic),Townhouse,2,882600.0
33101,3819,7,6.0,2009,0.12,Minor (Cosmetic),Multi-Family,3,2433200.0
10001,3130,5,6.0,1990,0.08,Minor (Cosmetic),Single Family,1,2955300.0
98101,2930,5,6.0,2009,0.08,None,Single Family,3,1696100.0
90210,2126,4,4.5,1950,0.2,Major (Structural/Systems),Single Family,2,1837800.0
80202,3035,4,6.0,1993,0.25,Major (Structural/Systems),Single Family,2,1541600.0
78701,2731,4,5.5,2001,1.0,None,Single Family,1,1301300.0
10001,2600,4,5.0,1998,0.08,Full Gut Rehab,Single Family,2,2953100.0
85001,2041,3,4.0,2000,0.5,Full Gut Rehab,Single Family,1,788600.0
30301,2127,3,4.0,1979,0.08,Major (Structural/Systems),Single Family,2,707100.0
60601,2555,4,5.0,1943,0.08,Minor (Cosmetic),Single Family,2,899300.0
78701,2897,4,5.0,1966,0.092,Major (Structural/Systems),Townhouse,2,1196700.0
30301,1205,1,1.5,1955,0.046,Minor (Cosmetic),Condo,1,309700.0
94102,2041,4,5.0,2021,0.12,None,Single Family,2,1860900.0
75001,808,1,1.5,1946,0.021,Major (Structural/Systems),Condo,0,219900.0
94102,927,1,1.5,1950,0.035,Minor (Cosmetic),Condo,0,590500.0
75001,4941,7,6.0,2011,0.52,None,Multi-Family,3,1493300.0
02108,2200,4,5.0,2003,0.71,Major (Structural/Systems),Single Family,1,1709400.0
30301,3180,5,6.0,1991,0.1,Major (Structural/Systems),Single Family,2,1081900.0
85001,1630,3,3.5,1945,0.099,Major (Structural/Systems),Townhouse,1,531200.0
94102,1917,3,3.5,1987,0.065,Major (Structural/Systems),Townhouse,2,1515900.0
80202,1377,3,3.0,2008,0.032,Minor (Cosmetic),Condo,1,676300.0
85001,899,2,2.0,1945,0.018,Minor (Cosmetic),Condo,1,276500.0
80202,2019,4,4.5,2000,0.08,Full Gut Rehab,Single Family,2,1193000.0
30301,3744,6,6.0,2005,0.96,None,Single Family,2,1190800.0
78701,3238,5,6.0,2012,0.28,Major (Structural/Systems),Single Family,2,1696300.0
98101,3093,4,6.0,2018,0.08,Minor (Cosmetic),Single Family,2,2058700.0
02108,2154,3,4.0,2024,0.103,Full Gut Rehab,Townhouse,2,2090900.0
10001,2844,5,6.0,1992,0.41,Minor (Cosmetic),Single Family,1,2734800.0
60601,4013,7,6.0,1967,0.14,None,Single Family,1,1309700.0
98101,1819,2,2.5,1944,0.077,Major (Structural/Systems),Townhouse,2,955200.0
78701,2932,5,6.0,2020,0.21,Minor (Cosmetic),Single Family,1,1563700.0
78701,2039,3,4.0,1997,0.11,None,Multi-Family,2,1028500.0
78701,2540,4,5.5,1963,1.38,None,Multi-Family,1,1156600.0
30301,679,1,1.5,1970,0.032,Minor (Cosmetic),Condo,0,187800.0
85001,3455,6,6.0,1980,0.8,None,Single Family,1,1051700.0
98101,800,1,1.5,2007,0.31,Major (Structural/Systems),Single Family,1,563000.0
75001,2198,3,4.0,2023,0.41,None,Single Family,1,703300.0
60601,800,1,1.0,2020,0.08,Minor (Cosmetic),Single Family,2,389000.0
78701,1876,3,4.5,1985,0.25,None,Single Family,2,832400.0
85001,2807,5,6.0,1949,0.45,None,Multi-Family,0,872700.0
10001,3538,6,6.0,1976,0.08,None,Single Family,2,2887600.0
94102,1238,1,1.5,1960,0.037,Minor (Cosmetic),Condo,1,796700.0
30301,1875,3,4.0,1960,0.08,Minor (Cosmetic),Single Family,1,598200.0
80202,1473,1,2.5,2019,0.042,Minor (Cosmetic),Condo,0,688200.0
75001,1808,3,4.0,1949,0.118,Major (Structural/Systems),Townhouse,2,573400.0
30301,2528,4,5.0,2021,0.34,Minor (Cosmetic),Single Family,2,953500.0
90210,1597,2,2.5,1963,0.08,Major (Structural/Systems),Single Family,2,1301500.0
30301,753,2,2.0,1951,0.033,None,Condo,1,215300.0
80202,811,1,1.5,1959,0.04,Minor (Cosmetic),Condo,1,345100.0
78701,1116,1,2.0,2009,0.047,None,Condo,2,512500.0
33101,2558,3,4.0,1947,0.08,None,Single Family,1,1148000.0
30301,3658,6,6.0,2017,0.52,None,Single Family,3,1274700.0
90210,3508,5,6.0,1944,0.08,None,Multi-Family,2,2773500.0
80202,900,1,1.5,1993,0.103,Major (Structural/Systems),Townhouse,2,440400.0
60601,2696,4,5.5,1975,0.77,Minor (Cosmetic),Single Family,1,1023500.0
60601,1147,1,1.5,1977,0.109,Full Gut Rehab,Townhouse,2,472100.0
60601,1775,3,4.0,1942,0.37,Major (Structural/Systems),Single Family,2,792400.0
94102,1890,4,4.5,1975,0.24,Full Gut Rehab,Single Family,2,1714900.0
02108,2002,3,4.0,1961,0.73,None,Single Family,2,1272100.0
98101,1468,2,3.0,1947,0.26,Minor (Cosmetic),Single Family,3,830900.0
75001,2652,5,6.0,2000,0.08,None,Single Family,1,833900.0
02108,1441,2,3.0,2017,1.0,Full Gut Rehab,Single Family,2,1433600.0
10001,2767,5,6.0,1946,0.16,Minor (Cosmetic),Single Family,3,2427100.0
85001,1882,3,3.5,2007,0.035,None,Condo,2,610200.0
90210,634,1,1.5,2001,0.018,None,Condo,0,493500.0
85001,1000,2,2.0,1958,0.014,Minor (Cosmetic),Condo,2,312300.0
33101,900,2,2.0,1986,0.084,Minor (Cosmetic),Townhouse,0,436900.0
75001,2274,3,4.0,1963,0.28,Minor (Cosmetic),Single Family,3,639000.0
02108,1324,3,3.0,2019,0.025,Major (Structural/Systems),Condo,0,1067700.0
90210,1352,3,3.0,1945,0.022,Minor (Cosmetic),Condo,1,985700.0
60601,2558,4,5.5,1947,0.16,Minor (Cosmetic),Single Family,0,957000.0
75001,3166,5,6.0,1964,0.55,None,Single Family,2,848500.0
60601,4409,6,6.0,2013,0.15,Minor (Cosmetic),Single Family,2,1837000.0
94102,2570,4,5.0,1980,0.114,None,Townhouse,3,1649100.0
60601,2108,4,5.5,1997,0.08,Minor (Cosmetic),Single Family,2,917400.0
60601,1147,2,2.5,2020,0.115,Major (Structural/Systems),Townhouse,3,555000.0
33101,957,1,2.0,1999,0.038,Minor (Cosmetic),Condo,1,447700.0
60601,768,1,1.5,1942,0.024,None,Condo,1,234900.0
75001,2003,2,3.5,1948,0.041,Major (Structural/Systems),Townhouse,2,567000.0
33101,686,2,2.5,1991,0.042,None,Condo,0,324100.0
94102,2445,3,4.5,1997,1.22,Minor (Cosmetic),Single Family,2,2107300.0
80202,3128,5,6.0,1999,1.41,Minor (Cosmetic),Single Family,3,1608200.0
90210,1754,2,3.0,2021,0.074,Major (Structural/Systems),Townhouse,3,1748900.0
98101,1790,3,4.0,1988,0.08,None,Single Family,2,932400.0
98101,3381,5,6.0,1944,0.13,Major (Structural/Systems),Single Family,2,1935200.0
90210,1090,1,1.5,2001,0.13,None,Single Family,2,906100.0
98101,1652,3,4.0,1971,0.048,None,Townhouse,2,788200.0
94102,2468,4,5.5,1966,0.26,Minor (Cosmetic),Single Family,0,1680300.0
75001,1105,2,2.0,2024,0.034,None,Condo,0,318300.0
85001,2635,4,5.0,1963,0.46,None,Single Family,2,825800.0
90210,2957,4,6.0,1977,0.08,None,Single Family,2,2263600.0
85001,1087,1,2.0,2006,0.021,Minor (Cosmetic),Condo,1,382000.0
78701,2223,3,4.5,1955,0.15,Major (Structural/Systems),Single Family,3,1115000.0
02108,957,2,2.5,1954,0.046,None,Condo,1,532900.0
90210,885,2,2.0,1964,0.046,None,Condo,2,641100.0
78701,2154,4,5.0,2011,0.061,Major (Structural/Systems),Townhouse,2,1220300.0
75001,2015,4,5.0,1943,0.23,Minor (Cosmetic),Single Family,1,618700.0
60601,2181,3,4.0,1971,0.074,None,Townhouse,2,727900.0
90210,1106,2,2.5,1984,0.031,Minor (Cosmetic),Condo,2,827600.0
90210,1565,2,3.0,1995,0.063,Minor (Cosmetic),Townhouse,2,1314700.0
98101,2963,4,5.5,1974,0.22,Major (Structural/Systems),Single Family,2,1630400.0
02108,1954,2,3.0,1992,0.08,None,Single Family,2,1294600.0
10001,2087,3,4.0,1969,0.097,Minor (Cosmetic),Townhouse,1,1612600.0
02108,1895,2,3.0,1988,0.07,None,Townhouse,2,1084400.0
75001,2052,3,4.0,2020,0.27,None,Single Family,1,665600.0
30301,2896,6,6.0,2022,0.32,None,Single Family,1,1060500.0
98101,2909,4,6.0,1991,0.63,Minor (Cosmetic),Single Family,2,1702000.0
30301,3368,5,6.0,2020,0.08,Minor (Cosmetic),Single Family,1,1230100.0
98101,3224,5,6.0,1941,0.23,Minor (Cosmetic),Single Family,2,1645800.0
80202,2868,5,6.0,1998,0.79,Major (Structural/Systems),Single Family,3,1504600.0
10001,1292,2,2.5,1976,0.066,Major (Structural/Systems),Townhouse,2,1141000.0
33101,4336,6,6.0,1968,0.21,Minor (Cosmetic),Single Family,3,2069300.0
85001,608,1,1.5,1969,0.013,None,Condo,2,197000.0
33101,3211,4,6.0,1961,0.49,None,Single Family,1,1482400.0
98101,2823,5,5.5,2014,0.08,None,Single Family,2,1733600.0
33101,1619,2,2.5,1958,0.35,None,Single Family,4,753400.0
94102,2406,4,5.0,2006,0.16,Full Gut Rehab,Single Family,1,2396700.0
30301,1072,1,1.0,1957,0.024,Major (Structural/Systems),Condo,1,300000.0
78701,2387,4,5.0,2004,0.087,Minor (Cosmetic),Townhouse,2,1157700.0
80202,1965,3,4.0,2023,0.29,Minor (Cosmetic),Single Family,3,1107400.0
78701,2303,3,4.0,1944,0.18,Major (Structural/Systems),Single Family,1,1092500.0
33101,800,2,2.0,2015,0.11,Minor (Cosmetic),Single Family,1,476600.0
90210,2580,4,5.0,1950,0.081,None,Townhouse,1,1938000.0
60601,725,1,1.0,1997,0.021,None,Condo,0,241000.0
10001,2745,5,6.0,1957,0.08,None,Single Family,1,2110100.0
60601,1064,1,2.0,2011,0.042,Major (Structural/Systems),Condo,1,468700.0
75001,1755,2,3.0,1995,0.096,Minor (Cosmetic),Townhouse,2,497600.0
75001,3107,5,6.0,1961,0.08,Major (Structural/Systems),Single Family,2,964800.0
78701,3753,6,6.0,1995,0.08,Minor (Cosmetic),Single Family,2,1749500.0
78701,1913,2,3.0,2005,0.048,Major (Structural/Systems),Townhouse,2,991000.0
94102,1329,2,2.0,1962,0.042,None,Condo,1,794500.0
75001,2746,4,5.5,1955,0.52,Major (Structural/Systems),Single Family,2,858900.0
02108,3263,5,6.0,1983,0.18,Major (Structural/Systems),Single Family,2,2298800.0
78701,2152,3,4.0,2011,0.6,None,Single Family,2,1079000.0
02108,3306,5,6.0,2007,1.28,None,Single Family,1,2522400.0
94102,1488,2,2.5,1953,0.049,Full Gut Rehab,Condo,2,1141300.0
33101,3311,6,6.0,1948,1.38,None,Single Family,3,1562200.0
90210,868,2,2.5,2014,0.044,Minor (Cosmetic),Condo,1,751200.0
60601,1724,3,4.0,1955,0.057,Major (Structural/Systems),Townhouse,2,641400.0
02108,2679,5,5.5,1952,0.08,None,Single Family,3,1629400.0
90210,1471,2,2.5,1975,0.58,Major (Structural/Systems),Single Family,2,1367200.0
78701,3696,5,6.0,1983,0.13,Minor (Cosmetic),Single Family,2,1528800.0
90210,1095,2,2.5,2020,0.024,None,Condo,1,964300.0
02108,2712,4,5.5,1953,0.08,Minor (Cosmetic),Single Family,2,1812900.0
60601,898,1,2.5,1956,0.039,Major (Structural/Systems),Condo,1,363700.0
90210,1202,2,2.0,2004,0.074,Minor (Cosmetic),Townhouse,0,1049800.0
75001,2046,3,4.0,2023,0.08,Major (Structural/Systems),Single Family,1,752600.0
90210,1898,3,4.0,1993,0.092,None,Townhouse,2,1402100.0
10001,3738,6,6.0,1941,1.37,Major (Structural/Systems),Multi-Family,0,3537300.0
60601,2621,4,5.0,1956,0.24,None,Single Family,2,984200.0
02108,2760,5,6.0,1962,0.33,None,Single Family,2,1751100.0
94102,2930,5,5.5,1940,0.08,Minor (Cosmetic),Multi-Family,1,2346500.0
98101,3596,6,6.0,1951,0.08,None,Multi-Family,1,1722900.0
02108,3612,5,6.0,1952,0.21,None,Single Family,0,2167200.0
75001,3028,5,6.0,2017,0.65,Major (Structural/Systems),Single Family,2,1158100.0
02108,3107,5,6.0,2013,0.84,Major (Structural/Systems),Single Family,1,2691500.0
75001,3435,5,6.0,1951,0.36,None,Multi-Family,2,970200.0
30301,1372,2,2.5,1996,0.16,Minor (Cosmetic),Single Family,2,468400.0
80202,1716,2,3.0,1957,0.49,None,Single Family,0,646000.0
30301,2004,3,4.0,2022,0.063,Major (Structural/Systems),Townhouse,1,775100.0
98101,2491,3,4.5,1954,0.09,Minor (Cosmetic),Single Family,3,1245700.0
85001,1253,2,2.5,1978,0.042,Minor (Cosmetic),Condo,0,361100.0
94102,3757,5,6.0,2017,0.49,Minor (Cosmetic),Single Family,2,3456600.0
60601,2126,3,4.5,2012,0.111,None,Townhouse,1,864600.0
78701,3444,5,6.0,2008,0.3,None,Single Family,2,1559300.0
98101,1133,1,1.0,1972,0.046,Minor (Cosmetic),Condo,0,501900.0
33101,817,1,1.0,1987,0.011,Full Gut Rehab,Condo,1,430800.0
60601,2456,4,5.0,1944,0.1,Major (Structural/Systems),Single Family,2,1023300.0
90210,1896,3,4.0,1947,0.57,Major (Structural/Systems),Single Family,2,1782000.0
10001,3668,6,6.0,1958,0.19,None,Single Family,3,2806700.0
60601,3092,5,6.0,1991,0.1,Full Gut Rehab,Single Family,2,1395300.0
33101,2034,3,3.5,1951,0.104,Major (Structural/Systems),Townhouse,4,1046800.0
85001,2356,4,5.0,2011,0.106,None,Townhouse,1,788800.0
60601,984,2,3.0,1947,0.21,Major (Structural/Systems),Single Family,2,460700.0
85001,1305,2,2.0,1994,0.029,Major (Structural/Systems),Condo,2,412200.0
60601,641,1,1.5,2023,0.041,Major (Structural/Systems),Condo,1,306600.0
02108,1796,3,3.5,1973,0.102,Major (Structural/Systems),Townhouse,2,1205500.0
94102,2266,3,3.5,2021,0.7,Major (Structural/Systems),Single Family,2,2364300.0
75001,2996,4,5.0,2004,0.36,Full Gut Rehab,Single Family,0,1117100.0
33101,2671,5,6.0,2014,0.08,None,Single Family,1,1460800.0
90210,3508,6,6.0,1986,0.28,Full Gut Rehab,Single Family,1,3572900.0
98101,2048,3,4.5,1974,0.17,Major (Structural/Systems),Single Family,1,1169300.0
85001,3031,4,5.5,1971,0.08,Minor (Cosmetic),Single Family,1,888800.0
78701,2621,4,4.5,1990,0.08,None,Single Family,1,1182800.0
80202,550,1,1.0,2019,0.018,Minor (Cosmetic),Condo,1,270000.0
80202,1811,2,2.5,1945,0.08,Major (Structural/Systems),Single Family,1,776200.0
10001,2387,4,4.5,1948,0.21,Minor (Cosmetic),Single Family,2,2102300.0
98101,3334,5,6.0,1979,0.25,None,Single Family,1,1577700.0
98101,2847,5,6.0,1987,0.15,Minor (Cosmetic),Single Family,1,1577400.0
90210,691,2,2.5,2011,0.026,Full Gut Rehab,Condo,2,792300.0
60601,2394,3,4.0,1965,0.28,Major (Structural/Systems),Single Family,0,923600.0
80202,4013,6,6.0,2021,0.08,None,Single Family,3,2039000.0
75001,2583,4,5.0,1976,0.29,Minor (Cosmetic),Single Family,2,757800.0
30301,2254,3,4.5,1991,0.43,Full Gut Rehab,Single Family,3,817600.0
10001,2868,4,5.5,1951,0.73,None,Single Family,2,2389600.0
33101,2143,3,4.0,1977,0.064,None,Townhouse,3,980900.0
80202,2157,3,4.0,2007,0.48,Minor (Cosmetic),Single Family,1,1076300.0
30301,2876,5,6.0,1955,0.33,Minor (Cosmetic),Single Family,3,896600.0
10001,2253,4,5.5,2000,0.24,None,Single Family,2,2081200.0
33101,3039,5,6.0,1963,0.88,Full Gut Rehab,Single Family,2,1686800.0
33101,1159,1,1.5,2017,0.035,Minor (Cosmetic),Condo,0,607200.0
02108,1268,2,2.5,1956,0.025,Minor (Cosmetic),Condo,0,737100.0
94102,834,2,2.5,1943,0.039,Minor (Cosmetic),Condo,1,591800.0
33101,1884,1,2.5,1989,1.13,Minor (Cosmetic),Single Family,2,949100.0
60601,3209,5,6.0,1942,0.88,Minor (Cosmetic),Single Family,2,1259500.0
02108,1764,3,3.5,1947,0.118,Minor (Cosmetic),Townhouse,1,1053200.0
33101,1928,3,3.5,1951,0.048,Minor (Cosmetic),Townhouse,1,934200.0
98101,2270,4,5.0,1974,0.21,Minor (Cosmetic),Single Family,1,1203500.0
60601,3174,6,6.0,2005,0.2,Major (Structural/Systems),Single Family,1,1469100.0
10001,2044,4,4.5,1992,0.17,Major (Structural/Systems),Single Family,2,1999500.0
30301,2398,4,5.0,1972,0.08,Major (Structural/Systems),Single Family,2,844700.0
02108,3089,4,5.0,1957,0.62,None,Single Family,2,1894800.0
98101,3379,5,6.0,1997,0.39,None,Single Family,1,1865600.0
90210,916,2,2.5,2017,0.034,Major (Structural/Systems),Condo,2,913700.0
94102,3969,6,6.0,1984,0.21,None,Single Family,1,2839200.0
78701,2734,4,5.5,1954,0.17,None,Single Family,2,1112800.0
02108,1717,4,4.5,1954,0.54,Minor (Cosmetic),Single Family,1,1200000.0
75001,1966,4,4.5,1984,0.082,Major (Structural/Systems),Townhouse,2,618300.0
90210,2212,4,5.5,2007,0.33,Major (Structural/Systems),Single Family,1,2177200.0
98101,1251,1,2.0,2008,0.014,Minor (Cosmetic),Condo,1,671400.0
98101,2467,3,4.5,2006,0.22,Full Gut Rehab,Single Family,2,1683100.0
90210,1125,2,2.5,2015,0.015,Major (Structural/Systems),Condo,1,1090800.0
94102,1816,2,3.0,2001,0.08,Minor (Cosmetic),Single Family,1,1552700.0
80202,3242,6,6.0,2023,0.41,None,Single Family,2,1739400.0
78701,1632,3,3.5,1983,0.11,Minor (Cosmetic),Single Family,3,832100.0
98101,1668,2,3.0,1959,1.17,Major (Structural/Systems),Single Family,1,985600.0
78701,2775,5,6.0,1978,0.33,None,Single Family,2,1175900.0
33101,1660,3,4.0,1978,0.036,Minor (Cosmetic),Condo,0,726400.0
90210,2235,5,6.0,1940,0.08,Full Gut Rehab,Single Family,2,2003600.0
80202,3025,5,6.0,2006,0.08,None,Single Family,2,1362000.0
85001,3305,5,6.0,1986,0.26,None,Single Family,2,973200.0
78701,1385,3,3.0,2012,0.047,Major (Structural/Systems),Condo,1,715300.0
33101,2951,5,6.0,1993,0.08,None,Multi-Family,4,1547100.0
02108,718,1,1.0,1959,0.03,Minor (Cosmetic),Condo,2,413600.0
75001,844,1,1.5,1948,0.08,None,Single Family,3,261400.0
75001,1008,2,3.0,1967,0.041,Major (Structural/Systems),Condo,1,298200.0
78701,2330,3,4.5,2003,0.095,None,Townhouse,2,1025500.0
85001,1294,2,2.5,1974,0.048,None,Townhouse,1,346700.0
94102,3025,4,5.5,1979,0.34,None,Single Family,2,2144800.0
90210,1787,2,3.0,1941,1.44,None,Single Family,2,1500600.0
75001,2579,4,5.5,1942,0.26,Minor (Cosmetic),Single Family,4,769200.0
75001,3030,5,6.0,1953,0.12,None,Single Family,2,800300.0
94102,869,2,2.0,2020,0.016,Minor (Cosmetic),Condo,1,759400.0
02108,2627,4,5.5,2007,1.6,None,Single Family,2,1904500.0
90210,2188,4,5.0,1986,0.29,Major (Structural/Systems),Single Family,0,1871900.0
02108,1346,2,2.5,1993,0.025,Full Gut Rehab,Condo,0,921900.0
75001,1905,2,3.0,1997,0.057,None,Townhouse,2,503500.0
78701,2542,3,4.5,2001,1.05,Minor (Cosmetic),Single Family,1,1319000.0
98101,1645,2,2.5,1990,0.035,Minor (Cosmetic),Condo,1,844800.0
98101,2996,5,6.0,2017,0.08,Major (Structural/Systems),Single Family,1,2055500.0
90210,1489,2,2.5,1987,0.045,Full Gut Rehab,Townhouse,2,1396500.0
02108,1761,3,4.0,1966,0.115,Major (Structural/Systems),Townhouse,2,1262400.0
33101,2443,5,6.0,2016,0.43,None,Single Family,2,1320600.0
85001,1128,1,1.5,1994,0.014,Minor (Cosmetic),Condo,2,346400.0
75001,2936,5,5.5,2023,0.09,Minor (Cosmetic),Townhouse,2,934300.0
90210,2778,5,6.0,1988,0.19,None,Single Family,2,2155600.0
30301,973,1,1.0,1963,0.54,None,Single Family,1,289300.0
75001,910,2,2.5,1949,0.021,Minor (Cosmetic),Condo,2,294500.0
75001,1050,1,1.5,1946,0.17,Major (Structural/Systems),Single Family,3,352800.0
80202,2252,3,4.0,1956,0.08,Major (Structural/Systems),Single Family,2,943100.0
98101,905,2,2.5,1961,0.06,Minor (Cosmetic),Townhouse,1,462000.0
02108,794,1,2.5,1998,0.018,Full Gut Rehab,Condo,0,608100.0
90210,1359,3,3.0,1983,0.08,Major (Structural/Systems),Single Family,2,1229200.0
10001,2788,5,6.0,1950,0.08,Minor (Cosmetic),Single Family,1,2372300.0
10001,2500,4,5.0,1981,0.63,Major (Structural/Systems),Single Family,2,2298600.0
80202,2727,5,6.0,1962,0.57,None,Single Family,2,1169600.0
60601,2421,3,4.5,1999,0.08,None,Single Family,1,916800.0
80202,611,1,1.5,2001,0.037,Full Gut Rehab,Condo,2,326400.0
90210,2885,4,5.5,1993,0.48,Full Gut Rehab,Single Family,3,2860900.0
85001,3941,6,6.0,2021,0.08,Major (Structural/Systems),Single Family,3,1758300.0
85001,2806,5,6.0,1952,0.08,None,Single Family,1,867100.0
75001,2859,5,6.0,2007,0.29,Minor (Cosmetic),Multi-Family,2,1061700.0
85001,1428,2,2.5,1966,0.16,Minor (Cosmetic),Single Family,1,445500.0
78701,1818,3,3.5,1979,0.42,None,Single Family,2,754300.0
85001,2839,4,5.5,2013,0.29,Minor (Cosmetic),Single Family,3,1059800.0
90210,1475,2,3.0,2024,0.011,Minor (Cosmetic),Condo,1,1323100.0
98101,1191,2,2.0,2014,0.037,None,Condo,1,644900.0
10001,3099,5,6.0,2023,0.08,Full Gut Rehab,Single Family,2,3844200.0
10001,3030,5,6.0,2022,0.13,Minor (Cosmetic),Single Family,1,3317900.0
94102,2879,4,5.0,1949,0.47,Minor (Cosmetic),Single Family,1,2024400.0
33101,2006,4,4.5,1954,0.52,Minor (Cosmetic),Single Family,2,975900.0
75001,2630,4,5.0,1984,0.15,Major (Structural/Systems),Single Family,2,838100.0
78701,1863,3,3.5,1992,0.08,Minor (Cosmetic),Single Family,4,974900.0
94102,2513,3,4.0,2021,0.51,Minor (Cosmetic),Single Family,3,2240300.0
75001,2748,5,5.5,1946,0.71,None,Single Family,1,747400.0
33101,3759,6,6.0,1969,1.17,Minor (Cosmetic),Single Family,1,1783000.0
98101,641,1,1.0,2017,0.023,None,Condo,1,352700.0
33101,2861,5,6.0,1969,0.08,Minor (Cosmetic),Single Family,4,1285700.0
02108,3610,5,6.0,1966,0.97,None,Single Family,1,2299800.0
98101,3069,4,5.5,1988,0.18,Minor (Cosmetic),Single Family,4,1626700.0
30301,3866,6,6.0,1996,0.08,Minor (Cosmetic),Multi-Family,1,1325300.0
02108,2064,3,4.0,2003,0.08,Minor (Cosmetic),Townhouse,3,1508000.0
80202,3473,5,6.0,2002,0.08,None,Single Family,3,1486700.0
30301,1684,3,3.5,1987,0.15,Minor (Cosmetic),Single Family,3,571600.0
60601,1460,1,1.5,1980,0.14,Major (Structural/Systems),Single Family,3,593300.0
90210,2495,4,5.0,2020,1.53,None,Single Family,1,2234300.0
94102,879,2,2.5,1969,0.36,None,Single Family,2,658400.0
90210,1530,3,3.0,2021,0.03,None,Condo,1,1327000.0
33101,3415,4,6.0,1942,0.25,None,Single Family,3,1559700.0
80202,1604,3,3.5,1976,0.088,Major (Structural/Systems),Townhouse,2,686700.0
94102,2221,3,4.5,1969,0.72,Major (Structural/Systems),Single Family,2,1812300.0
85001,1767,2,2.5,1993,0.052,None,Townhouse,2,537400.0
78701,1118,2,2.5,2024,0.034,Major (Structural/Systems),Condo,0,623000.0
10001,2595,4,5.5,2023,0.14,None,Single Family,3,2736400.0
78701,2918,5,5.5,2024,0.3,None,Single Family,1,1560400.0
33101,2370,4,4.5,2024,0.26,Minor (Cosmetic),Single Family,0,1361900.0
90210,3207,5,6.0,1946,0.08,None,Single Family,2,2433900.0
02108,2834,4,5.5,1947,0.31,None,Single Family,3,1777600.0
75001,887,2,2.5,2002,0.038,None,Condo,1,270900.0
80202,3501,5,6.0,2002,0.1,Major (Structural/Systems),Single Family,4,1809700.0
78701,1188,1,1.5,2003,0.049,None,Townhouse,1,527800.0
80202,2430,4,4.5,1969,0.08,None,Single Family,2,1012800.0
90210,3973,7,6.0,1949,0.35,Major (Structural/Systems),Multi-Family,2,3670000.0
10001,1957,3,3.5,2008,0.22,Major (Structural/Systems),Single Family,1,2168500.0
80202,1208,2,2.0,1988,0.045,Minor (Cosmetic),Condo,0,492500.0
10001,2907,5,6.0,1978,0.12,None,Single Family,0,2248600.0
90210,1854,2,3.0,1973,0.16,None,Single Family,2,1437300.0
75001,1767,3,3.5,1949,0.082,None,Townhouse,3,477800.0
85001,2382,4,5.0,1948,0.22,Minor (Cosmetic),Single Family,2,756300.0
75001,906,2,2.5,1999,0.032,Minor (Cosmetic),Condo,1,296800.0
30301,1905,2,3.0,1944,0.022,Minor (Cosmetic),Condo,0,507200.0
10001,1927,4,4.0,1974,0.08,Major (Structural/Systems),Single Family,0,1791600.0
85001,3253,5,6.0,1950,0.57,None,Single Family,1,890100.0
10001,962,1,2.0,1981,0.012,Minor (Cosmetic),Condo,1,735800.0
85001,1685,3,3.5,2019,0.16,Minor (Cosmetic),Single Family,2,658100.0
85001,1135,1,2.0,1959,0.013,None,Condo,0,282600.0
60601,2092,3,4.5,1990,0.099,Minor (Cosmetic),Townhouse,4,863000.0
85001,3190,5,6.0,1940,0.16,None,Single Family,2,898800.0
78701,3671,5,6.0,1950,0.08,None,Single Family,1,1458700.0
02108,2130,4,4.5,2000,0.013,Full Gut Rehab,Condo,1,1644400.0
80202,2687,4,5.0,2018,0.08,Major (Structural/Systems),Single Family,1,1481700.0
33101,2002,3,4.0,1978,0.54,Minor (Cosmetic),Single Family,2,946200.0
90210,2839,4,6.0,1987,0.56,None,Single Family,1,2215800.0
33101,2300,3,4.0,2021,1.99,Minor (Cosmetic),Single Family,0,1395400.0
85001,3194,6,6.0,1967,0.1,None,Single Family,2,923900.0
10001,1527,2,3.0,2014,0.08,None,Single Family,2,1465800.0
75001,1928,3,3.5,2019,0.021,None,Condo,0,546400.0
30301,3142,5,6.0,1975,0.08,Minor (Cosmetic),Single Family,3,927700.0
85001,1236,2,2.5,2009,0.43,Major (Structural/Systems),Single Family,1,490200.0
85001,2632,5,6.0,2001,1.22,Major (Structural/Systems),Multi-Family,2,1081400.0
78701,1385,2,2.5,2009,0.021,Major (Structural/Systems),Condo,0,731700.0
85001,2329,4,5.5,1949,0.066,None,Townhouse,1,677500.0
60601,1545,3,3.5,1944,0.15,Minor (Cosmetic),Single Family,1,588400.0
10001,1349,3,3.5,1967,0.044,Full Gut Rehab,Condo,0,1281400.0
80202,1039,2,2.0,1998,0.3,Major (Structural/Systems),Single Family,4,597200.0
60601,2432,4,5.5,1948,1.28,None,Single Family,1,928000.0
10001,3334,6,6.0,1978,0.35,Major (Structural/Systems),Single Family,2,3112600.0
33101,2086,3,3.5,2001,0.43,Minor (Cosmetic),Single Family,2,1189800.0
33101,1121,2,2.5,1977,0.047,None,Townhouse,2,552000.0
10001,2609,4,5.0,1963,1.06,None,Single Family,0,2246600.0
78701,888,1,1.0,2003,0.035,None,Condo,1,330800.0
75001,1320,2,2.5,1982,0.031,Major (Structural/Systems),Condo,0,354200.0
78701,790,1,1.5,1955,0.025,None,Condo,2,312600.0
90210,1920,3,4.0,2005,0.08,Minor (Cosmetic),Single Family,2,1847600.0
90210,550,1,1.0,2005,0.015,Full Gut Rehab,Condo,1,541100.0
98101,2627,5,6.0,2008,0.08,Major (Structural/Systems),Single Family,4,1795200.0
30301,2379,3,5.0,1985,2.32,Minor (Cosmetic),Single Family,3,828300.0
10001,2249,3,4.0,1960,0.54,Minor (Cosmetic),Multi-Family,2,2067900.0
33101,2645,4,5.5,1999,0.56,Minor (Cosmetic),Single Family,2,1418700.0
10001,3270,5,6.0,1949,0.46,Major (Structural/Systems),Single Family,1,3080300.0
98101,1702,2,2.5,1957,0.079,Major (Structural/Systems),Townhouse,3,931000.0
75001,2701,4,5.0,2023,0.08,Major (Structural/Systems),Single Family,1,1006900.0
60601,1195,1,1.5,1980,0.013,None,Condo,2,370800.0
94102,1596,3,3.5,1975,0.87,None,Single Family,2,1175000.0
80202,4042,5,6.0,2024,0.08,Major (Structural/Systems),Single Family,3,2146600.0
90210,2146,3,3.5,2005,0.42,Major (Structural/Systems),Single Family,2,2024900.0
80202,2992,4,5.5,1985,0.35,Minor (Cosmetic),Single Family,1,1227400.0
33101,3076,5,6.0,1962,0.24,Minor (Cosmetic),Single Family,2,1490000.0
94102,1051,2,2.0,1978,0.049,None,Condo,2,639300.0
02108,2955,4,5.0,1943,0.08,None,Single Family,3,1834600.0
98101,1910,4,5.0,1980,0.103,Minor (Cosmetic),Townhouse,3,1022900.0
30301,1436,2,2.0,1942,0.39,Full Gut Rehab,Single Family,2,492500.0
85001,2250,3,4.5,1992,1.28,Major (Structural/Systems),Single Family,1,856100.0
90210,885,2,2.0,2013,0.047,None,Condo,2,731800.0
60601,1592,3,3.5,1975,0.05,None,Townhouse,1,547600.0
98101,1521,2,3.0,1988,0.13,None,Single Family,1,767700.0
98101,1494,3,3.5,1966,0.044,None,Condo,1,717100.0
60601,2520,4,5.0,1992,0.058,None,Townhouse,2,934000.0
30301,3233,5,6.0,1988,0.17,Full Gut Rehab,Single Family,1,1192600.0
85001,2371,3,4.5,2022,0.09,Major (Structural/Systems),Townhouse,1,969600.0
78701,2241,3,4.5,1940,0.29,Minor (Cosmetic),Single Family,3,1035800.0
98101,877,2,2.0,1985,0.036,Minor (Cosmetic),Condo,2,469400.0
75001,1449,2,3.0,2001,0.097,Major (Structural/Systems),Townhouse,1,449200.0
02108,1325,2,2.5,2016,0.039,Minor (Cosmetic),Condo,1,952800.0
78701,2670,4,5.0,2005,0.47,Major (Structural/Systems),Single Family,2,1373000.0
98101,2442,3,4.5,1961,1.68,Major (Structural/Systems),Single Family,2,1398500.0
33101,2382,3,4.5,1978,0.069,Minor (Cosmetic),Townhouse,3,1115400.0
10001,2803,4,5.5,1983,0.08,Full Gut Rehab,Single Family,2,2711000.0
10001,1871,3,4.0,1941,0.15,Minor (Cosmetic),Single Family,2,1630000.0
30301,861,1,1.0,2014,0.046,Minor (Cosmetic),Condo,1,273900.0
94102,3011,4,6.0,1998,0.08,None,Single Family,2,2261900.0
78701,3281,5,6.0,1967,0.36,Full Gut Rehab,Single Family,2,1654700.0
10001,2913,5,6.0,2020,0.19,None,Single Family,2,2983100.0
90210,3922,6,6.0,2006,0.89,Full Gut Rehab,Single Family,3,4223000.0
90210,1672,2,3.0,1953,0.047,Major (Structural/Systems),Condo,1,1275200.0
10001,1254,2,2.5,1955,0.041,Major (Structural/Systems),Condo,1,1074600.0
30301,1871,4,5.0,1990,0.08,Minor (Cosmetic),Single Family,1,626400.0
02108,1210,2,3.0,1967,0.042,Minor (Cosmetic),Townhouse,1,727500.0
85001,1625,3,4.0,1992,0.051,Full Gut Rehab,Townhouse,3,643300.0
78701,1363,2,2.5,1991,0.023,Full Gut Rehab,Condo,1,643400.0
80202,3869,6,6.0,1964,0.1,Major (Structural/Systems),Single Family,2,1729800.0
78701,1246,3,3.0,1996,0.025,None,Condo,1,564200.0
78701,3376,5,6.0,1948,0.08,None,Single Family,2,1330400.0
60601,1014,1,2.0,1950,0.04,Major (Structural/Systems),Condo,0,368200.0
02108,1317,2,2.5,1984,0.044,Minor (Cosmetic),Condo,1,803500.0
98101,3117,5,6.0,2024,0.23,None,Single Family,2,1852600.0
30301,909,1,1.5,1941,0.117,None,Townhouse,1,251100.0
85001,2189,3,3.5,1993,0.08,None,Single Family,1,690000.0
30301,1432,2,3.0,1973,0.014,Major (Structural/Systems),Condo,1,422800.0
80202,2705,4,5.0,1981,0.08,Major (Structural/Systems),Single Family,2,1203500.0
75001,1261,2,2.0,2016,0.119,Minor (Cosmetic),Townhouse,2,413600.0
80202,800,2,2.0,2008,0.19,Major (Structural/Systems),Single Family,2,478200.0
78701,2225,4,5.0,1950,0.9,Full Gut Rehab,Single Family,2,1133700.0
10001,2446,4,5.0,1968,0.08,None,Single Family,1,1855400.0
33101,1837,3,4.5,1944,0.66,None,Single Family,1,835600.0
10001,2607,4,5.5,1959,0.13,Minor (Cosmetic),Single Family,2,2066600.0
98101,1277,2,2.5,1978,0.039,Minor (Cosmetic),Condo,2,592000.0
30301,3003,4,5.5,2013,1.28,Full Gut Rehab,Single Family,2,1236800.0
10001,800,1,1.5,1971,0.95,None,Single Family,3,723000.0
90210,1514,2,3.0,1968,0.62,None,Single Family,2,1217300.0
90210,1662,2,3.0,2005,0.044,None,Townhouse,1,1394400.0
85001,1300,3,3.5,1940,0.034,Major (Structural/Systems),Condo,0,425000.0
78701,1271,3,3.0,2023,0.043,Major (Structural/Systems),Condo,2,793600.0
98101,1265,2,2.0,1940,0.026,None,Condo,1,563300.0
75001,2212,3,4.0,1943,0.46,Minor (Cosmetic),Single Family,3,675400.0
75001,2254,3,4.0,1954,0.08,Major (Structural/Systems),Single Family,2,677500.0
98101,1953,4,4.5,1986,0.08,None,Single Family,3,1065400.0
60601,2145,4,5.0,1969,0.091,Minor (Cosmetic),Townhouse,1,761100.0
75001,2463,3,4.0,1945,0.2,None,Multi-Family,2,653900.0
33101,3137,5,6.0,1940,0.09,Minor (Cosmetic),Single Family,2,1461000.0
94102,2655,3,4.0,2010,0.12,None,Single Family,2,2225300.0
30301,2466,5,6.0,2001,0.34,Minor (Cosmetic),Single Family,3,840000.0
78701,2007,3,3.5,2003,0.45,Minor (Cosmetic),Single Family,4,1010100.0
02108,625,1,1.0,1944,0.018,Minor (Cosmetic),Condo,0,359100.0
80202,2014,3,4.0,1993,1.09,Minor (Cosmetic),Single Family,2,987100.0
90210,1651,2,3.5,1988,0.041,Minor (Cosmetic),Townhouse,2,1351100.0
94102,800,1,1.0,1946,0.42,Major (Structural/Systems),Single Family,2,691100.0
60601,1711,3,3.5,1942,0.063,None,Townhouse,2,595100.0
90210,1423,2,3.0,2015,0.029,Minor (Cosmetic),Condo,2,1209800.0
80202,1298,3,4.0,2000,0.033,Minor (Cosmetic),Condo,1,619800.0
78701,926,2,2.0,2018,0.032,None,Condo,1,433100.0
90210,1116,1,1.5,2023,0.041,Minor (Cosmetic),Condo,0,956600.0
85001,905,1,1.0,1980,0.043,None,Condo,1,247600.0
10001,1152,3,3.5,1960,0.013,Minor (Cosmetic),Condo,2,929900.0
02108,1639,3,3.5,1971,0.038,None,Condo,2,936100.0
02108,3974,6,6.0,1951,0.18,Major (Structural/Systems),Multi-Family,2,3076700.0
10001,1282,2,2.0,1946,0.043,None,Condo,2,939300.0
90210,927,3,3.5,1990,0.034,None,Condo,0,704000.0
60601,2137,3,4.5,1984,0.041,Minor (Cosmetic),Townhouse,1,809800.0
85001,1234,2,3.0,2004,0.38,Major (Structural/Systems),Single Family,3,510200.0
10001,2310,4,4.5,1999,0.91,None,Single Family,2,2133700.0
33101,2937,5,6.0,2014,0.08,Major (Structural/Systems),Single Family,2,1858400.0
60601,3055,4,5.0,1984,0.24,None,Single Family,3,998900.0
75001,2101,3,4.0,1973,0.09,Major (Structural/Systems),Townhouse,2,610900.0
80202,2721,4,5.5,2022,0.08,None,Single Family,2,1294200.0
02108,1031,1,1.5,1950,0.036,None,Condo,0,559200.0
98101,2903,5,6.0,1972,0.08,Major (Structural/Systems),Single Family,4,1699500.0
60601,1785,2,3.0,1947,0.83,None,Single Family,4,677300.0
75001,804,2,1.5,1984,0.041,None,Condo,0,203700.0
10001,1827,2,3.0,2011,0.115,Minor (Cosmetic),Townhouse,3,1850500.0
98101,2629,3,4.5,2017,0.19,Full Gut Rehab,Single Family,2,1962600.0
30301,550,1,1.0,1973,0.011,None,Condo,0,142000.0
75001,1259,2,2.0,1984,0.024,None,Condo,0,291500.0
85001,3079,5,6.0,2004,0.25,Minor (Cosmetic),Single Family,0,1092600.0
60601,2442,4,5.5,2012,0.96,Minor (Cosmetic),Single Family,1,1155600.0
98101,5099,7,6.0,1991,0.75,Minor (Cosmetic),Multi-Family,2,2825500.0
33101,1987,3,3.5,1949,0.32,Minor (Cosmetic),Single Family,2,934100.0
33101,2229,3,3.5,1982,0.46,Minor (Cosmetic),Single Family,4,1055700.0
90210,2203,3,4.5,2021,1.08,None,Single Family,1,2129000.0
78701,1073,1,2.0,2020,0.044,Major (Structural/Systems),Condo,1,579600.0
60601,984,2,2.0,2009,0.036,None,Condo,1,389800.0
10001,607,1,1.5,1950,0.032,Minor (Cosmetic),Condo,0,457200.0
75001,2090,3,4.0,1975,0.23,None,Single Family,3,589300.0
78701,1756,3,4.0,1957,0.101,None,Townhouse,2,713700.0
85001,3421,5,6.0,2002,0.58,None,Single Family,3,1085200.0
90210,4151,7,6.0,1944,0.09,Minor (Cosmetic),Single Family,3,3095900.0
02108,3501,5,6.0,1970,0.22,Minor (Cosmetic),Single Family,3,2085100.0
33101,1918,3,3.5,1955,0.52,Major (Structural/Systems),Single Family,0,1027000.0
02108,1486,2,3.0,2005,0.094,Minor (Cosmetic),Townhouse,4,1051500.0
60601,1728,3,3.5,1948,0.087,None,Townhouse,1,577800.0
60601,3838,6,6.0,1941,0.14,Minor (Cosmetic),Single Family,3,1474700.0
94102,1725,3,4.0,1976,0.089,None,Townhouse,2,1133800.0
78701,635,1,1.0,2023,0.034,None,Condo,1,316900.0
78701,1574,3,3.5,1998,0.075,Full Gut Rehab,Townhouse,2,869500.0
98101,3067,4,5.5,2020,1.13,Minor (Cosmetic),Single Family,2,2054800.0
85001,1341,1,2.5,1997,0.036,Minor (Cosmetic),Condo,1,401900.0
75001,2349,3,4.5,2022,0.67,Major (Structural/Systems),Single Family,2,872900.0
60601,2107,3,4.0,1947,0.05,None,Townhouse,2,758000.0
60601,800,2,2.5,1991,0.49,Major (Structural/Systems),Single Family,2,422200.0
80202,1136,1,1.5,2014,0.034,Major (Structural/Systems),Condo,1,550800.0
30301,3145,5,6.0,2016,0.13,Major (Structural/Systems),Single Family,2,1193700.0
60601,1875,3,4.0,2016,0.08,None,Single Family,1,771900.0
60601,807,1,1.5,2012,0.025,Full Gut Rehab,Condo,1,376900.0
30301,960,2,2.5,2008,0.075,None,Townhouse,2,332600.0
02108,1656,3,4.0,2021,0.016,Major (Structural/Systems),Condo,1,1350100.0
75001,1475,3,3.5,1991,0.094,None,Townhouse,2,461700.0
10001,2680,5,6.0,2017,0.13,Full Gut Rehab,Single Family,3,3309000.0
98101,2952,4,5.0,1973,0.57,Minor (Cosmetic),Single Family,3,1633100.0
98101,3634,5,6.0,1987,0.37,Minor (Cosmetic),Single Family,4,1902500.0
85001,2384,3,3.5,1963,0.13,Major (Structural/Systems),Single Family,1,791400.0
30301,911,2,2.0,1952,0.024,None,Condo,0,252700.0
60601,1160,2,2.0,1989,0.048,None,Condo,1,407500.0
60601,1549,4,4.0,2004,0.048,None,Condo,2,627100.0
78701,1040,1,2.0,2010,0.027,None,Condo,1,459600.0
85001,765,1,1.5,1943,0.037,Minor (Cosmetic),Condo,1,232500.0
78701,1344,2,3.0,2003,1.37,Minor (Cosmetic),Single Family,2,758900.0
98101,1584,3,4.0,2013,1.79,None,Single Family,2,1068500.0
10001,1402,2,3.0,1978,0.013,Minor (Cosmetic),Condo,1,1043900.0
75001,2259,4,4.0,2002,0.28,Minor (Cosmetic),Single Family,2,709500.0
60601,2044,3,4.0,1997,0.45,Major (Structural/Systems),Single Family,2,939800.0
98101,1963,3,3.5,1955,0.08,Major (Structural/Systems),Single Family,2,1107400.0
90210,1129,1,2.0,2023,0.043,Major (Structural/Systems),Condo,1,1152800.0
75001,2320,4,4.5,2001,0.22,Major (Structural/Systems),Single Family,1,823600.0
90210,1004,1,1.5,1949,0.03,Full Gut Rehab,Condo,0,782800.0
60601,1572,2,3.0,2001,0.021,Minor (Cosmetic),Condo,1,575200.0
85001,3653,6,6.0,1972,0.12,Full Gut Rehab,Single Family,3,1265500.0
80202,550,2,2.0,2010,0.013,Full Gut Rehab,Condo,1,349400.0
10001,1214,1,2.0,1981,0.047,None,Condo,2,875400.0
60601,828,1,1.5,1983,0.025,Minor (Cosmetic),Condo,1,289900.0
75001,1013,1,2.0,1985,0.016,None,Condo,2,264900.0
78701,2731,4,5.0,2020,0.08,Minor (Cosmetic),Single Family,1,1465200.0
85001,1025,1,1.5,2012,0.026,Major (Structural/Systems),Condo,0,340700.0
90210,2672,4,5.0,2013,0.35,Major (Structural/Systems),Single Family,1,2612800.0
78701,2102,4,4.5,1970,0.102,Minor (Cosmetic),Townhouse,2,889600.0
60601,1932,2,3.0,1944,0.114,Minor (Cosmetic),Townhouse,2,678400.0
30301,873,2,2.0,1957,0.035,None,Condo,0,264300.0
10001,2028,3,4.0,1945,0.19,None,Single Family,2,1551900.0
75001,1420,2,2.5,1989,0.19,Minor (Cosmetic),Single Family,2,435100.0
78701,1859,2,3.0,1967,0.3,Major (Structural/Systems),Single Family,2,893000.0
98101,3971,7,6.0,1963,0.27,Major (Structural/Systems),Single Family,3,2315500.0
94102,1905,3,3.5,2008,0.36,Major (Structural/Systems),Single Family,3,1800900.0
30301,1604,3,3.5,1967,0.24,Major (Structural/Systems),Single Family,2,546200.0
94102,2739,5,6.0,1997,0.08,None,Single Family,1,2127500.0
02108,3111,4,6.0,2006,0.24,None,Multi-Family,2,2423900.0
02108,2353,3,4.5,1957,0.08,Minor (Cosmetic),Single Family,1,1534800.0
30301,2434,4,5.0,1943,0.054,None,Townhouse,0,668500.0
33101,2047,3,4.0,1988,0.071,None,Townhouse,4,896100.0
75001,2102,4,4.5,1971,0.28,None,Single Family,4,647800.0
02108,951,1,1.5,2022,0.017,None,Condo,1,659300.0
33101,2123,4,4.5,2005,0.11,Minor (Cosmetic),Single Family,3,1099000.0
78701,1406,3,3.0,1997,0.025,None,Condo,0,597600.0
75001,2268,3,4.0,1950,0.08,None,Single Family,2,597700.0
30301,1155,2,2.5,2004,2.34,None,Single Family,2,507600.0
90210,1083,2,2.0,1956,0.042,Minor (Cosmetic),Condo,1,775500.0
33101,1347,3,3.5,2019,0.58,Minor (Cosmetic),Single Family,3,889300.0
90210,1864,3,3.5,2005,0.033,Full Gut Rehab,Condo,2,1866400.0
78701,1775,2,3.0,1943,1.14,None,Single Family,0,722400.0
02108,2378,4,5.0,1971,0.46,None,Single Family,3,1555800.0
02108,2693,5,6.0,2010,0.14,Major (Structural/Systems),Single Family,2,2210100.0
98101,2283,3,4.0,1968,0.33,None,Single Family,2,1092800.0
33101,2282,4,5.0,2000,0.27,Minor (Cosmetic),Single Family,0,1248700.0
98101,2816,4,6.0,1999,0.3,Major (Structural/Systems),Single Family,3,1832100.0
60601,3644,6,6.0,2012,0.6,None,Single Family,2,1622000.0
98101,2145,3,4.0,1997,0.081,None,Townhouse,3,1086300.0
90210,3608,5,6.0,1992,0.46,None,Single Family,1,2897600.0
75001,733,1,1.5,1944,0.02,None,Condo,0,178700.0
02108,2738,3,4.5,2000,0.94,None,Single Family,2,1958500.0
80202,1869,2,3.5,1960,0.047,None,Townhouse,2,746100.0
60601,2763,5,5.5,1997,1.77,Major (Structural/Systems),Single Family,2,1334500.0
98101,3532,6,6.0,2020,0.35,None,Single Family,1,2189200.0
90210,2334,4,5.5,1953,0.22,None,Single Family,1,1743900.0
98101,2195,4,4.5,2018,0.13,Minor (Cosmetic),Single Family,1,1425000.0
85001,1286,2,2.5,2024,0.026,Minor (Cosmetic),Condo,1,474400.0
33101,1166,2,2.0,1993,0.53,Minor (Cosmetic),Single Family,2,644400.0
33101,3010,5,6.0,2017,0.08,Minor (Cosmetic),Multi-Family,2,1930600.0
33101,2399,5,5.5,1980,0.1,Major (Structural/Systems),Single Family,3,1279400.0
10001,1809,3,3.5,1955,0.08,Minor (Cosmetic),Single Family,2,1467500.0
80202,1469,3,3.5,1990,0.027,Minor (Cosmetic),Condo,2,619300.0
60601,1703,3,4.0,1940,0.17,None,Single Family,1,602500.0
94102,1738,3,4.0,1979,0.092,Full Gut Rehab,Townhouse,2,1461400.0
02108,2719,3,4.5,1957,1.91,None,Single Family,1,1766000.0
02108,1573,3,3.5,1973,0.046,Major (Structural/Systems),Condo,0,1001200.0
80202,2492,4,5.0,2000,0.74,None,Single Family,2,1110000.0
85001,2221,3,4.0,1960,0.092,Minor (Cosmetic),Townhouse,3,632900.0
90210,1345,1,2.5,1940,0.021,Minor (Cosmetic),Condo,0,918600.0
78701,2592,4,5.0,1966,0.17,None,Single Family,1,1026200.0
10001,1682,3,3.0,1990,0.1,Minor (Cosmetic),Single Family,2,1565400.0
85001,1424,2,2.0,1950,0.08,Minor (Cosmetic),Single Family,1,437800.0
94102,3285,4,5.0,1953,0.2,None,Multi-Family,2,2332500.0
98101,2092,3,4.0,1994,0.8,None,Single Family,3,1185900.0
60601,3189,5,6.0,1966,0.48,None,Single Family,2,1129500.0
60601,3059,5,6.0,1961,1.47,None,Single Family,3,1105000.0
80202,2361,4,4.5,1960,0.08,None,Single Family,0,928500.0
98101,694,1,1.5,1963,0.03,Full Gut Rehab,Condo,0,384500.0
98101,3608,6,6.0,1958,0.55,Minor (Cosmetic),Multi-Family,2,2101700.0
02108,1736,2,3.0,1963,0.22,Minor (Cosmetic),Single Family,4,1144500.0
10001,1458,1,2.0,1965,0.068,Minor (Cosmetic),Townhouse,4,1253100.0
80202,1765,4,4.0,1964,0.59,Full Gut Rehab,Single Family,0,879500.0
02108,2396,4,6.0,1984,0.2,Minor (Cosmetic),Single Family,2,1526700.0
02108,3377,4,6.0,1968,0.85,Minor (Cosmetic),Single Family,0,2161000.0
33101,1098,2,2.5,2013,0.021,None,Condo,1,573100.0
85001,2845,4,5.0,1950,0.79,Minor (Cosmetic),Multi-Family,2,926600.0
33101,1113,2,2.5,1963,0.062,Major (Structural/Systems),Townhouse,3,586200.0
90210,2914,4,5.5,1963,0.12,None,Single Family,2,2186000.0
90210,1914,3,4.0,1951,0.19,Minor (Cosmetic),Single Family,3,1421600.0
85001,2588,4,5.0,1946,0.25,Minor (Cosmetic),Single Family,3,891300.0
02108,1640,3,3.5,1979,0.073,None,Townhouse,2,981700.0
94102,2177,3,3.5,2020,0.109,None,Townhouse,2,1751800.0
33101,1044,2,2.5,2009,0.042,Minor (Cosmetic),Condo,1,564100.0
33101,2455,4,5.0,2015,0.13,Minor (Cosmetic),Single Family,2,1420300.0
33101,2864,5,6.0,2018,0.25,None,Single Family,2,1561900.0
02108,4080,6,6.0,1962,0.2,Minor (Cosmetic),Single Family,1,2621400.0
90210,3166,5,6.0,2010,0.08,Major (Structural/Systems),Single Family,2,3287200.0
85001,2433,4,4.5,1977,0.48,Minor (Cosmetic),Single Family,2,722700.0
02108,2502,4,4.5,1970,0.08,Full Gut Rehab,Single Family,1,1845700.0
33101,2106,4,4.5,1968,0.95,None,Single Family,2,986600.0
60601,1372,2,2.5,1983,0.072,None,Townhouse,2,473400.0
33101,906,1,1.0,1967,0.035,None,Condo,1,361700.0
02108,1920,3,3.5,2015,0.6,Minor (Cosmetic),Single Family,2,1421200.0
02108,2990,4,5.5,2007,0.08,None,Single Family,3,2179600.0
33101,1696,2,3.0,1960,0.27,Major (Structural/Systems),Single Family,2,863700.0
30301,1566,2,3.0,1948,0.019,Major (Structural/Systems),Condo,1,476100.0
85001,1363,1,2.0,1988,0.03,None,Condo,0,339400.0
94102,1107,1,2.0,1976,0.033,Major (Structural/Systems),Condo,1,784500.0
94102,1100,2,2.5,1960,0.017,Minor (Cosmetic),Condo,1,790200.0
85001,2082,3,4.0,1999,0.3,None,Single Family,2,664900.0
60601,2702,5,6.0,1962,0.21,Major (Structural/Systems),Single Family,2,1093600.0
30301,3316,4,5.5,1949,0.26,None,Single Family,2,899800.0
10001,1972,3,4.0,2009,0.82,Minor (Cosmetic),Single Family,2,2158000.0
78701,563,1,1.0,1960,0.029,Major (Structural/Systems),Condo,0,229300.0
60601,3027,4,5.5,1968,0.23,Full Gut Rehab,Single Family,1,1312700.0
60601,2743,5,6.0,1998,0.22,None,Single Family,4,1051400.0
98101,1659,3,3.0,1979,0.34,None,Single Family,2,807800.0
90210,2613,3,4.0,1960,0.16,Full Gut Rehab,Multi-Family,2,2536300.0
78701,1855,3,4.0,2002,0.57,Major (Structural/Systems),Single Family,2,1031200.0
02108,846,1,1.5,1985,0.021,Major (Structural/Systems),Condo,2,590100.0
80202,2257,3,4.0,1944,0.12,Major (Structural/Systems),Single Family,2,1018900.0
85001,2300,3,4.0,1954,0.31,Minor (Cosmetic),Single Family,2,727300.0
98101,2011,3,4.0,2022,0.11,Minor (Cosmetic),Single Family,2,1306200.0
75001,834,2,2.5,2019,0.014,Major (Structural/Systems),Condo,1,319000.0
10001,2328,3,4.0,1979,0.08,None,Single Family,1,1886800.0
33101,1875,4,4.5,1943,0.113,Major (Structural/Systems),Townhouse,2,985200.0
85001,2262,3,4.0,2024,0.08,Minor (Cosmetic),Single Family,3,902500.0
94102,3369,5,6.0,1963,0.08,Major (Structural/Systems),Single Family,1,2466800.0
90210,2028,4,5.0,1981,0.101,Full Gut Rehab,Townhouse,2,1795300.0
80202,1306,2,2.5,1965,1.37,None,Single Family,3,614900.0
94102,1283,2,3.0,2005,0.038,Major (Structural/Systems),Condo,2,1094300.0
60601,1311,2,2.5,1947,0.047,Full Gut Rehab,Condo,1,508400.0
30301,2173,4,5.0,2012,0.68,None,Single Family,2,760800.0
80202,576,1,1.5,2005,0.029,Major (Structural/Systems),Condo,1,305400.0
02108,2506,4,5.0,2017,0.14,Minor (Cosmetic),Single Family,0,1989000.0
80202,2494,4,5.0,1959,0.35,None,Single Family,2,1043200.0
60601,1658,4,4.5,2005,0.27,Major (Structural/Systems),Single Family,2,893100.0
90210,1146,2,2.5,2007,0.042,Major (Structural/Systems),Townhouse,0,1029300.0
78701,2434,3,4.5,1994,1.1,None,Single Family,2,1137400.0
33101,1018,1,1.5,2017,0.033,Major (Structural/Systems),Condo,1,571600.0
33101,1612,2,3.5,2024,0.11,None,Townhouse,1,908800.0
10001,2437,4,5.0,2018,0.46,Minor (Cosmetic),Single Family,2,2698700.0
60601,1672,3,3.5,1978,0.15,None,Single Family,2,607900.0
94102,2173,3,4.0,1989,0.81,None,Single Family,2,1612300.0
10001,2899,4,5.5,1959,0.55,Full Gut Rehab,Single Family,2,3016800.0
30301,2237,3,4.0,2009,0.2,Major (Structural/Systems),Single Family,3,886200.0
60601,550,1,1.0,1967,0.044,Major (Structural/Systems),Condo,1,227600.0
90210,2821,5,6.0,1982,0.11,None,Multi-Family,2,2317000.0
10001,1318,2,3.0,2005,0.094,Minor (Cosmetic),Townhouse,1,1232600.0
10001,1920,4,5.0,1967,0.049,None,Townhouse,1,1440400.0
02108,1943,3,4.0,2017,0.109,Major (Structural/Systems),Townhouse,2,1637800.0
10001,1255,2,2.5,2012,0.46,None,Single Family,2,1209200.0
90210,1365,3,3.5,1962,0.016,None,Condo,1,948400.0
80202,1299,2,2.5,1974,0.042,Major (Structural/Systems),Townhouse,2,620900.0
60601,3669,6,6.0,1961,0.17,None,Single Family,2,1303900.0
33101,3160,4,5.5,1944,0.39,Minor (Cosmetic),Multi-Family,2,1524300.0
33101,1565,3,4.0,1999,0.12,None,Single Family,3,777500.0
94102,700,1,1.5,1980,0.049,None,Condo,0,406500.0
85001,1221,2,3.0,1968,0.047,None,Condo,2,355500.0
75001,2886,5,6.0,1974,0.32,Major (Structural/Systems),Multi-Family,3,980100.0
75001,2427,3,5.0,2007,0.13,Major (Structural/Systems),Single Family,1,879300.0
75001,1664,2,3.0,1984,0.046,Minor (Cosmetic),Condo,1,445200.0
85001,1975,4,4.5,1948,0.57,Minor (Cosmetic),Single Family,1,664300.0
78701,2544,3,4.0,1990,0.08,Minor (Cosmetic),Single Family,3,1140800.0
10001,1596,4,4.5,1953,0.029,None,Condo,1,1172100.0
33101,1194,1,2.0,2008,0.049,None,Condo,0,528300.0
60601,550,1,1.0,1995,0.028,Minor (Cosmetic),Condo,1,223600.0
60601,2879,4,5.5,1950,0.95,Minor (Cosmetic),Single Family,2,1070100.0
78701,1627,4,4.5,1969,1.32,None,Single Family,2,748200.0
90210,1592,1,2.0,1978,0.025,Minor (Cosmetic),Condo,0,1078200.0
98101,1882,3,3.5,1963,1.17,Full Gut Rehab,Single Family,2,1283700.0
30301,4727,7,6.0,2019,0.08,None,Single Family,3,1572600.0
78701,4373,7,6.0,1997,0.08,None,Multi-Family,4,2111300.0
78701,1902,3,4.0,1969,0.11,Major (Structural/Systems),Single Family,2,880800.0
02108,1107,1,2.0,1963,0.029,None,Condo,2,629500.0
98101,3065,4,6.0,2006,0.08,Major (Structural/Systems),Single Family,4,2116400.0
30301,3087,5,6.0,1968,0.15,Minor (Cosmetic),Single Family,0,899100.0
33101,2831,4,5.0,1981,0.08,None,Single Family,2,1278200.0
75001,3439,5,6.0,2015,0.2,None,Single Family,1,960100.0
80202,2407,4,5.0,2001,0.62,Minor (Cosmetic),Single Family,2,1242900.0
33101,2224,3,4.0,1966,0.32,None,Single Family,3,1016600.0
10001,2239,4,5.0,1968,0.58,Major (Structural/Systems),Single Family,4,2106500.0
60601,3143,4,5.5,2005,0.08,Minor (Cosmetic),Single Family,3,1301200.0
80202,2773,4,5.0,1996,0.18,None,Single Family,1,1272600.0
80202,2718,5,6.0,2000,0.08,None,Single Family,3,1253700.0
33101,3096,4,5.5,1968,0.16,Major (Structural/Systems),Single Family,3,1606500.0
85001,900,2,2.0,1996,0.089,Minor (Cosmetic),Townhouse,2,327400.0
90210,1208,2,3.0,2012,0.033,Minor (Cosmetic),Condo,1,1038200.0
75001,1176,2,2.0,1994,0.012,None,Condo,2,313000.0
02108,3751,5,6.0,1983,0.08,Minor (Cosmetic),Single Family,4,2484300.0
80202,1112,2,2.5,1967,0.064,Major (Structural/Systems),Townhouse,0,480800.0
90210,1645,3,4.0,1976,0.041,Major (Structural/Systems),Condo,0,1285800.0
02108,1126,2,2.5,1962,0.011,None,Condo,2,671200.0
78701,2866,4,5.0,2016,0.33,Full Gut Rehab,Single Family,2,1833000.0
90210,4540,7,6.0,2008,0.08,None,Multi-Family,1,4146000.0
78701,2052,3,4.0,1997,0.116,Minor (Cosmetic),Townhouse,2,972600.0
30301,1980,2,3.0,2018,0.074,Full Gut Rehab,Townhouse,2,809700.0
94102,2681,4,5.5,1971,0.08,Major (Structural/Systems),Single Family,2,2076200.0
60601,2137,4,4.5,2024,0.44,Minor (Cosmetic),Single Family,2,1017600.0
98101,2478,4,5.0,2008,0.23,Major (Structural/Systems),Single Family,2,1691600.0
33101,1963,2,3.5,1975,0.75,Minor (Cosmetic),Single Family,2,976800.0
02108,1779,3,4.0,1971,0.092,None,Townhouse,4,1098800.0
94102,800,1,2.0,1998,0.41,None,Single Family,3,681500.0
10001,2821,3,5.0,1999,0.51,Minor (Cosmetic),Single Family,3,2649700.0
90210,2408,3,4.5,2019,0.19,Minor (Cosmetic),Single Family,2,2294900.0
10001,2247,4,5.0,2013,0.55,None,Single Family,2,2260800.0
33101,2664,4,5.5,1966,0.08,Major (Structural/Systems),Single Family,2,1340400.0
30301,598,1,1.0,1963,0.041,None,Condo,1,163700.0
75001,1775,3,3.5,2006,0.035,Minor (Cosmetic),Condo,2,513000.0
60601,2422,3,4.5,1975,0.29,Major (Structural/Systems),Single Family,2,952400.0
94102,2390,4,5.5,1953,0.13,Major (Structural/Systems),Single Family,2,1894900.0
02108,1775,3,4.0,2007,0.08,None,Single Family,3,1248100.0
02108,2517,3,4.0,1983,0.36,Full Gut Rehab,Single Family,2,1854400.0
10001,1585,2,2.5,1987,0.029,None,Condo,1,1177700.0
78701,1462,2,2.5,1971,0.019,None,Condo,0,539700.0
78701,1399,2,2.5,2023,0.012,None,Condo,1,672500.0
98101,1291,2,2.0,1956,0.032,Minor (Cosmetic),Condo,1,623400.0
98101,2231,4,5.0,1996,0.08,Major (Structural/Systems),Single Family,2,1468600.0
75001,2039,4,4.5,1978,0.93,None,Multi-Family,1,666200.0
75001,1709,3,4.0,1971,0.052,Full Gut Rehab,Townhouse,1,549700.0
02108,1693,3,3.5,2007,0.043,None,Townhouse,1,1129000.0
30301,3286,5,6.0,1941,0.11,None,Single Family,3,969200.0
85001,1939,3,3.5,2017,0.054,Minor (Cosmetic),Townhouse,2,667700.0
98101,2525,4,5.0,1981,0.103,Major (Structural/Systems),Townhouse,2,1379600.0
98101,2338,4,4.5,1977,0.063,None,Townhouse,2,1079400.0
78701,2157,3,3.5,1994,0.1,None,Single Family,2,928500.0
85001,550,1,1.0,1994,0.05,Minor (Cosmetic),Condo,2,191900.0
30301,4308,7,6.0,1973,0.08,Minor (Cosmetic),Multi-Family,2,1375200.0
94102,1575,4,4.5,1985,0.013,None,Condo,0,1111300.0
98101,621,1,1.5,1982,0.022,None,Condo,1,304700.0
78701,2479,3,4.0,1941,0.072,None,Townhouse,2,899800.0
78701,2786,5,6.0,1975,0.5,Major (Structural/Systems),Single Family,2,1354800.0
10001,1156,1,1.5,2009,0.048,None,Condo,0,936600.0
30301,3711,6,6.0,1975,0.5,None,Single Family,2,1013000.0
33101,2405,3,4.0,1961,0.098,None,Townhouse,2,1005300.0
75001,2988,5,6.0,2008,1.67,None,Single Family,2,971600.0
30301,2854,5,6.0,1977,0.51,Minor (Cosmetic),Single Family,3,883000.0
60601,1315,2,3.0,1993,0.016,None,Condo,1,472900.0
80202,959,2,2.0,1961,0.028,None,Condo,1,366600.0
33101,1080,1,1.5,2014,0.03,None,Condo,1,544800.0
10001,1393,2,2.5,1970,0.064,Major (Structural/Systems),Townhouse,2,1188200.0
33101,1650,2,2.5,1992,0.053,Minor (Cosmetic),Townhouse,2,750500.0
10001,2225,3,4.0,1998,0.44,Minor (Cosmetic),Single Family,2,2090400.0
60601,2023,2,3.0,1988,0.11,None,Single Family,3,719900.0
10001,2602,4,5.5,1966,0.34,Minor (Cosmetic),Single Family,3,2290800.0
94102,2257,4,4.5,2011,0.14,None,Single Family,1,1875500.0
10001,2876,5,6.0,1996,0.25,None,Single Family,0,2556800.0
90210,1069,1,1.5,1945,0.067,Major (Structural/Systems),Townhouse,2,832300.0
60601,1748,3,3.5,1985,0.073,Minor (Cosmetic),Townhouse,2,647600.0
60601,2598,4,5.5,1964,0.46,Major (Structural/Systems),Single Family,2,997800.0
78701,2267,4,4.5,1948,0.75,Major (Structural/Systems),Single Family,2,1167300.0
10001,1039,1,1.5,2003,0.03,Full Gut Rehab,Condo,2,1054700.0
94102,1311,1,1.5,1970,0.33,Minor (Cosmetic),Single Family,2,952600.0
90210,2767,4,6.0,1958,0.7,None,Single Family,2,1981700.0
10001,2091,3,4.0,2004,0.051,Minor (Cosmetic),Townhouse,2,1895100.0
30301,2022,3,4.0,1956,0.053,Minor (Cosmetic),Townhouse,3,604300.0
10001,3279,5,6.0,1973,0.16,None,Single Family,1,2567500.0
98101,1890,3,4.0,1975,0.065,None,Townhouse,0,882100.0
94102,2859,4,5.0,1952,1.5,Minor (Cosmetic),Single Family,2,2197300.0
10001,1154,2,2.5,1998,0.033,None,Condo,2,989300.0
78701,3015,4,5.5,2015,0.26,None,Single Family,3,1548500.0
33101,1317,2,2.5,1960,0.3,Major (Structural/Systems),Single Family,2,706400.0
10001,1397,2,3.0,2004,0.11,Major (Structural/Systems),Townhouse,1,1402000.0
90210,3690,6,6.0,1945,0.1,None,Single Family,2,2668700.0
98101,550,1,1.5,1950,0.03,None,Condo,2,282500.0
10001,2394,4,5.0,2019,0.11,Major (Structural/Systems),Single Family,2,2833200.0
10001,3379,5,5.5,1961,0.53,None,Single Family,2,2602600.0
85001,2430,4,5.0,1950,0.53,Minor (Cosmetic),Single Family,2,781500.0
33101,2196,3,4.0,1976,1.1,None,Single Family,4,1088500.0
78701,1145,1,1.5,1965,0.028,None,Condo,1,429500.0
80202,2235,4,4.5,1996,0.08,Minor (Cosmetic),Single Family,2,1028200.0
80202,1110,1,2.0,1965,0.046,Major (Structural/Systems),Condo,1,449500.0
78701,860,1,1.0,1960,0.046,Minor (Cosmetic),Condo,1,338100.0
60601,1488,3,3.5,1996,0.019,Full Gut Rehab,Condo,1,657100.0
60601,3567,5,6.0,1965,0.11,None,Single Family,1,1125800.0
10001,1739,3,3.5,1954,0.065,Major (Structural/Systems),Townhouse,2,1648500.0
78701,1460,2,3.0,2002,0.21,None,Single Family,0,657900.0
80202,2107,3,4.0,1974,0.62,None,Single Family,3,866900.0
30301,2362,3,4.5,1950,0.08,None,Single Family,0,614500.0
33101,2879,5,6.0,2012,0.42,Major (Structural/Systems),Single Family,4,1894400.0
78701,1743,2,3.5,2007,0.15,Major (Structural/Systems),Single Family,4,980800.0
94102,830,2,2.5,1989,0.018,None,Condo,1,583300.0
33101,2883,4,5.5,1968,0.14,None,Single Family,2,1305600.0
94102,3204,6,6.0,2003,0.27,Major (Structural/Systems),Single Family,1,2851000.0
98101,882,2,2.0,1980,0.047,Full Gut Rehab,Condo,0,484900.0
94102,1500,1,2.0,1965,0.35,Minor (Cosmetic),Single Family,1,1083000.0
60601,4963,7,6.0,1967,0.33,Minor (Cosmetic),Single Family,2,1624800.0
10001,3087,5,6.0,2023,0.08,None,Single Family,2,3209700.0
98101,1006,2,2.0,1987,0.013,None,Condo,1,476700.0
30301,3151,5,6.0,2005,0.08,None,Single Family,2,994400.0
10001,2406,3,4.5,1962,0.08,None,Single Family,2,1864900.0
78701,3150,6,6.0,1978,0.3,None,Single Family,0,1279200.0
80202,1155,2,2.0,2008,0.028,Minor (Cosmetic),Condo,0,498300.0
90210,1131,1,1.0,1960,0.01,Full Gut Rehab,Condo,1,970200.0
75001,1748,3,3.5,1988,0.068,Major (Structural/Systems),Townhouse,1,519000.0
90210,1414,2,2.0,2014,0.08,Minor (Cosmetic),Single Family,2,1311300.0
80202,3953,7,6.0,1975,1.55,None,Single Family,2,1608400.0
78701,1793,2,3.5,2020,0.22,None,Single Family,2,965100.0
33101,1479,3,3.0,2024,0.19,Major (Structural/Systems),Single Family,1,971500.0
60601,2340,3,4.0,1976,0.36,None,Single Family,3,806300.0
02108,1778,2,3.5,1981,0.15,None,Single Family,2,1083700.0
90210,2461,3,4.5,2001,0.44,None,Single Family,2,2118700.0
60601,1340,2,2.5,2024,0.046,None,Condo,0,535500.0
78701,3246,6,6.0,1945,0.24,None,Single Family,2,1286900.0
75001,1385,2,2.5,2024,0.025,Minor (Cosmetic),Condo,0,441200.0
75001,2270,3,4.0,1947,0.26,Minor (Cosmetic),Single Family,2,636800.0
75001,2537,4,5.0,2008,0.32,None,Single Family,3,777800.0
80202,2805,3,5.0,1979,0.66,Minor (Cosmetic),Single Family,1,1206600.0
98101,1181,2,2.5,1949,0.18,None,Single Family,1,563600.0
75001,2927,4,5.5,1970,0.08,None,Single Family,1,729600.0
80202,1407,2,2.5,1969,0.35,None,Single Family,1,587700.0
10001,2718,4,5.5,1990,0.119,None,Townhouse,1,2064700.0
30301,958,1,2.0,2024,0.044,None,Condo,1,309600.0
30301,2361,3,4.5,1975,0.5,Major (Structural/Systems),Single Family,1,743300.0
80202,1453,2,2.5,2000,0.054,None,Townhouse,1,604900.0
90210,879,1,1.5,1966,0.04,None,Condo,1,575700.0
98101,1895,4,4.5,1974,0.013,Major (Structural/Systems),Condo,1,972000.0
75001,2223,3,4.5,1999,0.08,Minor (Cosmetic),Townhouse,1,671900.0
30301,1338,1,2.0,1971,0.16,Full Gut Rehab,Single Family,4,504300.0
10001,3628,5,6.0,1943,0.82,None,Single Family,2,2804200.0
90210,3394,6,6.0,1966,0.08,None,Single Family,2,2526300.0
30301,2289,4,5.0,1986,0.54,None,Single Family,3,793800.0
98101,2730,5,6.0,1945,0.08,Major (Structural/Systems),Single Family,3,1590400.0
78701,1094,1,1.5,2021,0.038,None,Condo,0,485500.0
85001,2687,4,5.0,1965,0.064,None,Townhouse,1,739700.0
90210,1441,2,2.5,1963,0.118,Minor (Cosmetic),Townhouse,2,1094400.0
33101,1865,3,3.5,2010,0.094,Major (Structural/Systems),Townhouse,2,1094900.0
90210,1607,3,3.5,1983,0.065,Full Gut Rehab,Townhouse,1,1361600.0
98101,1155,1,2.0,1953,0.059,Full Gut Rehab,Townhouse,2,688800.0
75001,4143,6,6.0,1952,0.36,Minor (Cosmetic),Single Family,2,1108300.0
80202,1613,2,3.0,1965,0.11,None,Single Family,2,623700.0
85001,2665,4,5.0,1982,0.08,Minor (Cosmetic),Single Family,2,788500.0
78701,1016,2,2.5,1982,0.092,Minor (Cosmetic),Townhouse,2,447400.0
98101,2200,3,4.5,2005,0.45,None,Single Family,1,1332100.0
10001,1247,2,2.5,1967,0.02,None,Condo,1,886000.0
98101,1881,2,3.0,1940,0.27,None,Single Family,1,892800.0
98101,2940,4,5.0,1951,0.38,None,Single Family,4,1520500.0
90210,1005,2,2.0,1989,0.048,Full Gut Rehab,Condo,2,947600.0
98101,3370,5,6.0,1992,0.57,Major (Structural/Systems),Single Family,2,2017300.0
80202,3521,6,6.0,1999,0.19,Minor (Cosmetic),Single Family,1,1561500.0
60601,2059,3,4.0,1994,0.65,None,Single Family,2,849100.0
33101,2557,3,4.5,1974,0.2,Major (Structural/Systems),Single Family,3,1339100.0
60601,1164,2,3.0,2000,0.015,None,Condo,2,440200.0
90210,2964,4,5.5,1965,0.15,Minor (Cosmetic),Single Family,2,2434400.0
10001,1105,1,1.5,1970,0.042,Major (Structural/Systems),Condo,1,901200.0
33101,2642,5,6.0,1996,1.09,None,Single Family,2,1330300.0
80202,1690,2,3.0,1951,0.119,Major (Structural/Systems),Townhouse,2,715500.0
90210,2586,4,5.0,1944,0.36,None,Single Family,2,1838300.0
75001,1554,2,3.0,1946,0.029,Full Gut Rehab,Condo,2,481400.0
75001,1326,2,2.5,1955,0.016,None,Condo,0,279900.0
78701,3025,4,5.5,1991,0.08,None,Single Family,3,1266400.0
90210,2125,3,4.0,2020,0.081,Minor (Cosmetic),Townhouse,2,2007900.0
60601,1046,1,2.0,1960,0.039,None,Condo,1,347500.0
78701,2739,4,5.0,1966,0.14,Minor (Cosmetic),Single Family,2,1218600.0
75001,1686,2,3.0,2018,0.39,Minor (Cosmetic),Single Family,2,619300.0
60601,2370,4,5.0,1962,0.086,Minor (Cosmetic),Townhouse,3,869400.0
75001,550,1,1.0,2011,0.048,Full Gut Rehab,Condo,0,205100.0
78701,2434,3,4.5,1964,0.08,None,Single Family,2,939000.0
94102,3355,5,6.0,1950,0.31,None,Single Family,2,2223500.0
33101,1186,2,2.5,2002,0.073,Major (Structural/Systems),Townhouse,3,720700.0
33101,1239,2,2.5,1996,0.02,None,Condo,1,559600.0
60601,861,1,1.5,2024,0.024,None,Condo,0,321200.0
10001,2223,3,4.0,1993,0.12,Minor (Cosmetic),Single Family,3,2062200.0
10001,1431,3,3.5,1949,0.031,Minor (Cosmetic),Condo,2,1113500.0
30301,2648,4,5.0,1989,0.29,Minor (Cosmetic),Single Family,1,814400.0
60601,974,2,2.5,2012,0.7,None,Single Family,4,531600.0
30301,758,2,2.0,1940,0.041,Full Gut Rehab,Condo,1,280400.0
60601,3980,6,6.0,2009,0.13,Major (Structural/Systems),Multi-Family,3,2036600.0
33101,2836,5,6.0,1969,0.94,Major (Structural/Systems),Single Family,2,1544100.0
33101,3811,7,6.0,1994,0.71,Major (Structural/Systems),Single Family,0,2012900.0
30301,1688,3,3.5,2016,0.035,None,Condo,1,521500.0
78701,2243,4,5.0,1945,0.08,Minor (Cosmetic),Single Family,3,1043000.0
33101,2926,5,6.0,1963,0.057,Major (Structural/Systems),Townhouse,1,1480300.0
94102,1108,2,2.5,2024,0.042,None,Condo,1,929200.0
80202,1777,2,3.0,1944,0.21,Major (Structural/Systems),Single Family,3,815100.0
60601,2693,4,5.5,1946,0.08,Full Gut Rehab,Multi-Family,2,1215300.0
02108,550,1,1.5,1942,0.026,Minor (Cosmetic),Condo,1,346600.0
10001,2523,5,6.0,1952,0.057,Minor (Cosmetic),Townhouse,2,1965700.0
02108,1658,2,3.0,1993,0.046,Minor (Cosmetic),Condo,1,1016500.0
10001,1343,3,3.0,2002,0.111,Minor (Cosmetic),Townhouse,3,1341300.0
10001,2329,3,4.0,2015,0.17,Minor (Cosmetic),Single Family,2,2363300.0
80202,2571,4,5.5,1945,0.08,Major (Structural/Systems),Single Family,2,1217500.0
30301,1367,2,2.0,2018,0.069,Minor (Cosmetic),Townhouse,2,448900.0
78701,1183,1,1.5,1986,0.08,Minor (Cosmetic),Single Family,2,525000.0
10001,2342,4,5.0,2021,0.13,Major (Structural/Systems),Single Family,2,2663200.0
90210,987,2,2.5,1994,0.041,Minor (Cosmetic),Condo,2,748900.0
60601,1625,3,4.0,1988,0.063,Major (Structural/Systems),Townhouse,1,655300.0
98101,2667,4,5.0,1996,0.27,Major (Structural/Systems),Single Family,2,1665000.0
75001,2443,4,5.5,1942,0.05,None,Townhouse,4,678200.0
33101,993,2,2.5,1961,0.024,None,Condo,0,412900.0
75001,2627,4,4.5,1974,0.08,Minor (Cosmetic),Single Family,3,767700.0
02108,2127,3,4.0,1967,0.084,Full Gut Rehab,Townhouse,2,1555400.0
60601,2915,5,6.0,1981,0.15,Major (Structural/Systems),Single Family,2,1180400.0
02108,2039,4,5.0,1951,0.72,Minor (Cosmetic),Single Family,2,1396200.0
85001,2572,5,6.0,1940,0.17,Minor (Cosmetic),Single Family,1,778800.0
33101,2910,5,6.0,1962,0.29,Minor (Cosmetic),Single Family,2,1331100.0
98101,1653,2,2.5,1967,1.31,Minor (Cosmetic),Single Family,4,914500.0
02108,2368,3,4.0,2008,0.091,None,Townhouse,3,1609600.0
10001,1601,2,2.0,1975,0.03,None,Condo,2,1178300.0
60601,847,1,1.5,1993,0.014,None,Condo,1,308500.0
10001,1167,3,3.5,1986,0.043,Minor (Cosmetic),Condo,0,967000.0
33101,2981,5,6.0,1995,0.36,None,Single Family,2,1378700.0
02108,2090,4,5.0,1949,0.08,Major (Structural/Systems),Single Family,2,1514100.0
33101,2016,3,4.5,1944,0.06,Minor (Cosmetic),Townhouse,1,939100.0
75001,2622,4,5.0,1953,0.27,None,Single Family,3,718500.0
75001,1399,2,2.5,1963,0.08,None,Single Family,2,385100.0
60601,1260,1,2.0,2002,0.039,None,Condo,1,452700.0
10001,1674,3,3.5,1967,0.09,None,Single Family,1,1329900.0
94102,2222,3,3.5,1960,0.079,None,Townhouse,1,1428000.0
60601,1996,3,4.0,2015,0.1,Full Gut Rehab,Single Family,4,1065700.0
98101,2379,4,4.5,1959,0.24,Full Gut Rehab,Single Family,3,1543300.0
80202,3529,5,6.0,2001,0.08,Major (Structural/Systems),Single Family,2,1691100.0
90210,1273,2,2.5,1990,0.034,None,Condo,2,917000.0
02108,1690,3,3.5,1979,0.84,Major (Structural/Systems),Single Family,1,1211900.0
90210,1738,2,3.0,2024,0.58,None,Single Family,3,1660700.0
30301,1530,3,3.0,2020,0.059,None,Townhouse,2,514800.0
10001,1977,3,3.5,2004,0.08,Major (Structural/Systems),Townhouse,3,2130200.0
78701,2768,4,6.0,1967,0.19,Minor (Cosmetic),Single Family,2,1209400.0
90210,1867,3,4.0,1993,1.18,None,Single Family,2,1538900.0
33101,1624,2,3.0,1941,0.56,Major (Structural/Systems),Single Family,1,871600.0
98101,1926,4,4.5,2020,0.049,None,Townhouse,2,1167000.0
30301,3054,5,6.0,1953,0.08,None,Multi-Family,2,884300.0
30301,4117,7,6.0,1953,0.42,Major (Structural/Systems),Single Family,2,1224800.0
98101,1112,2,2.5,1983,0.016,None,Condo,1,517800.0
30301,3860,6,6.0,2021,1.05,Minor (Cosmetic),Single Family,3,1474400.0
85001,1622,3,4.0,1979,1.73,Minor (Cosmetic),Single Family,1,588800.0
75001,1320,1,2.0,1973,0.53,None,Single Family,2,351000.0
75001,1659,2,3.0,2004,0.08,Major (Structural/Systems),Single Family,3,615200.0
10001,3391,6,6.0,1957,0.23,Minor (Cosmetic),Single Family,2,2783900.0
78701,3817,7,6.0,1973,0.18,Minor (Cosmetic),Single Family,1,1757700.0
90210,826,1,1.0,1988,0.042,None,Condo,1,572000.0
94102,2154,4,5.0,2019,0.12,None,Single Family,2,1903900.0
85001,690,1,1.5,2022,0.025,None,Condo,1,250300.0
98101,1141,3,3.0,1994,0.08,Minor (Cosmetic),Single Family,2,701100.0
60601,3038,4,5.5,2001,0.15,None,Single Family,2,1171400.0
75001,2667,4,5.5,2009,1.28,None,Single Family,0,877900.0
30301,2507,3,4.5,1963,1.0,Major (Structural/Systems),Single Family,3,847000.0
85001,1449,2,3.0,2020,0.49,Minor (Cosmetic),Single Family,2,588400.0
10001,3729,6,6.0,1987,0.83,Minor (Cosmetic),Single Family,1,3259000.0
90210,2122,4,5.0,2019,0.08,None,Single Family,3,2011700.0
80202,2900,4,5.0,1978,0.34,Full Gut Rehab,Single Family,3,1472700.0
94102,590,1,1.5,1987,0.03,None,Condo,1,382300.0
90210,1033,2,2.5,2009,0.027,None,Condo,1,828300.0
98101,2718,4,5.0,2019,0.14,None,Single Family,1,1613000.0
75001,2745,5,6.0,1948,0.7,Full Gut Rehab,Single Family,2,979100.0
78701,2615,3,4.5,1968,0.23,None,Single Family,1,1047400.0
02108,1273,2,2.5,2007,0.039,Minor (Cosmetic),Condo,1,845800.0
33101,1652,2,3.0,1999,0.43,Major (Structural/Systems),Single Family,2,899500.0
10001,2648,5,5.5,1965,0.08,Full Gut Rehab,Single Family,2,2764600.0
90210,2585,4,5.0,1977,0.08,Minor (Cosmetic),Single Family,2,2029700.0
60601,1904,3,3.5,2001,0.107,None,Townhouse,2,719800.0
33101,2554,4,5.0,1965,0.24,Full Gut Rehab,Single Family,1,1400500.0
60601,654,1,1.0,1953,0.042,None,Condo,1,223500.0
90210,1511,3,3.5,1988,0.12,Major (Structural/Systems),Single Family,2,1416800.0
75001,900,1,1.5,1982,0.109,None,Townhouse,1,220000.0
33101,1386,2,2.0,1947,0.043,Major (Structural/Systems),Condo,2,666900.0
78701,3120,5,6.0,1979,0.17,None,Single Family,1,1196400.0
33101,2179,3,4.5,1964,0.073,None,Townhouse,0,930400.0
30301,2730,4,5.5,2002,0.15,None,Single Family,2,865400.0
78701,900,1,2.0,1943,0.043,None,Townhouse,3,403200.0
78701,1337,2,3.0,1954,0.095,Minor (Cosmetic),Townhouse,1,587300.0
85001,2627,3,4.0,1955,0.11,Major (Structural/Systems),Single Family,1,819300.0
60601,1147,1,1.5,1993,0.045,Major (Structural/Systems),Condo,0,419600.0
80202,2332,3,4.0,1950,0.8,None,Single Family,2,957300.0
60601,2776,5,6.0,1967,0.45,None,Single Family,2,981300.0
98101,2508,3,4.5,1946,0.08,Full Gut Rehab,Single Family,2,1481900.0
10001,1142,2,3.0,1977,0.014,Major (Structural/Systems),Condo,0,980500.0
33101,2020,4,4.5,1963,0.59,Minor (Cosmetic),Single Family,1,1038000.0
30301,3236,5,6.0,2007,0.78,Minor (Cosmetic),Single Family,1,1079600.0
30301,949,2,3.0,1976,0.024,None,Condo,1,289000.0
98101,1502,2,2.5,1974,0.15,None,Single Family,2,741400.0
78701,1921,4,4.5,1945,0.17,None,Single Family,2,854900.0
10001,2238,3,4.5,1972,0.62,Minor (Cosmetic),Single Family,2,1962100.0
85001,3245,5,6.0,2020,0.43,Minor (Cosmetic),Single Family,2,1251200.0
85001,2468,4,5.0,1993,0.08,None,Single Family,3,761000.0
33101,2360,4,5.0,1953,0.35,Major (Structural/Systems),Single Family,2,1323100.0
75001,2201,3,4.0,1958,0.08,Full Gut Rehab,Multi-Family,2,772300.0
60601,1374,2,2.5,1950,0.038,Major (Structural/Systems),Condo,1,498000.0
33101,2011,3,4.0,2010,0.51,None,Single Family,2,1114200.0
90210,2424,4,4.5,1984,0.59,None,Single Family,3,1755200.0
80202,3610,6,6.0,1999,0.34,Major (Structural/Systems),Single Family,2,1875600.0
33101,1278,2,2.5,1997,0.017,Minor (Cosmetic),Condo,0,614300.0
33101,1278,2,2.5,2017,0.55,Major (Structural/Systems),Single Family,2,812600.0
98101,1172,1,1.0,1963,0.81,None,Single Family,2,610700.0
85001,1771,2,2.5,1950,0.091,Minor (Cosmetic),Townhouse,3,529800.0
10001,1590,2,2.5,2011,0.11,Minor (Cosmetic),Single Family,1,1621100.0
78701,2986,5,6.0,1983,0.08,None,Single Family,4,1217800.0
60601,1819,3,3.0,2018,0.059,Minor (Cosmetic),Townhouse,2,827000.0
60601,1157,2,2.5,2005,0.011,Minor (Cosmetic),Condo,2,485600.0
33101,1969,2,3.0,1984,0.08,Minor (Cosmetic),Single Family,2,894700.0
02108,1709,3,3.5,2013,0.022,None,Condo,2,1135200.0
94102,4631,7,6.0,1971,0.9,Major (Structural/Systems),Single Family,2,3775000.0
33101,1002,2,2.5,1956,0.035,None,Condo,0,419900.0
33101,2764,4,5.0,1993,0.17,Full Gut Rehab,Single Family,2,1598800.0
10001,1843,3,4.0,1949,0.041,Major (Structural/Systems),Townhouse,2,1658800.0
60601,2992,5,5.5,1945,1.6,None,Multi-Family,4,1202700.0
80202,1425,1,2.0,1959,0.076,Minor (Cosmetic),Townhouse,2,539600.0
33101,1311,2,2.5,1940,0.119,None,Townhouse,1,558900.0
75001,1648,3,3.5,2003,0.45,Minor (Cosmetic),Single Family,2,576200.0
10001,2803,4,5.0,2020,0.08,Major (Structural/Systems),Single Family,2,3187700.0
90210,2110,3,4.0,1940,0.69,Minor (Cosmetic),Single Family,0,1699900.0
75001,550,1,1.0,2000,0.031,None,Condo,0,152400.0
33101,2000,3,4.0,2018,0.076,None,Townhouse,0,1056300.0
60601,2471,3,4.5,1940,0.5,None,Single Family,2,885600.0
75001,2406,3,4.5,2020,0.102,Minor (Cosmetic),Townhouse,1,749900.0
75001,1967,3,4.0,1985,0.104,Full Gut Rehab,Townhouse,1,628200.0
85001,2017,3,4.0,1999,0.5,Minor (Cosmetic),Multi-Family,3,791600.0
78701,900,1,1.5,1982,0.091,Major (Structural/Systems),Townhouse,0,396900.0
80202,1960,3,4.0,1983,0.39,None,Single Family,2,838900.0
98101,2031,3,4.0,1977,0.68,Minor (Cosmetic),Single Family,2,1096700.0
94102,3207,5,6.0,1941,0.41,None,Single Family,2,2279700.0
78701,2493,4,5.0,2021,0.08,Major (Structural/Systems),Single Family,1,1524600.0
02108,1496,2,3.0,1951,0.036,None,Condo,2,822900.0
30301,1203,2,3.0,1962,0.054,Minor (Cosmetic),Townhouse,2,365900.0
78701,2234,4,5.5,1948,0.041,Major (Structural/Systems),Townhouse,0,1052100.0
33101,1352,2,2.5,1947,0.019,Minor (Cosmetic),Condo,1,607100.0
98101,986,2,2.5,1989,0.08,None,Single Family,3,556700.0
90210,3491,6,6.0,2019,0.08,Minor (Cosmetic),Single Family,2,3471600.0
90210,2570,4,5.5,2001,0.08,Minor (Cosmetic),Single Family,2,2374500.0
80202,2794,4,5.5,1962,0.29,Full Gut Rehab,Single Family,2,1308100.0
94102,1851,3,4.0,1998,0.08,Minor (Cosmetic),Single Family,0,1564300.0
33101,3456,5,6.0,1949,0.11,None,Single Family,2,1495700.0
30301,1610,2,3.0,1951,0.66,None,Single Family,3,533300.0
30301,3124,5,6.0,2001,0.77,Minor (Cosmetic),Single Family,2,1104700.0
33101,1387,2,2.5,2015,0.023,Full Gut Rehab,Condo,0,840800.0
10001,1769,3,3.5,1969,0.8,Minor (Cosmetic),Single Family,2,1653300.0
30301,3987,6,6.0,2013,0.31,None,Single Family,3,1341500.0
30301,2673,4,5.5,2017,0.09,Major (Structural/Systems),Single Family,2,1109100.0
10001,3723,5,6.0,2007,0.49,None,Multi-Family,1,3845500.0
60601,1354,2,2.5,1986,0.89,None,Single Family,2,527800.0
02108,4088,6,6.0,2023,0.38,None,Single Family,2,2989200.0
75001,671,1,1.0,1980,0.018,Major (Structural/Systems),Condo,0,186400.0
85001,1458,2,2.5,1946,0.013,Major (Structural/Systems),Condo,2,458200.0
90210,1352,2,2.0,2013,0.058,None,Townhouse,2,1187900.0
30301,2035,3,3.5,1991,0.14,Minor (Cosmetic),Single Family,3,677300.0
33101,3091,5,6.0,1984,0.14,Minor (Cosmetic),Single Family,2,1513600.0
85001,3270,6,6.0,1977,0.24,Minor (Cosmetic),Single Family,2,1048300.0
80202,655,1,1.5,1975,0.03,None,Condo,1,251700.0
75001,3317,5,6.0,2020,0.22,None,Single Family,1,1122900.0
90210,3283,4,5.5,2024,0.15,Minor (Cosmetic),Single Family,2,3427800.0
98101,1796,3,3.5,1997,0.08,Major (Structural/Systems),Single Family,1,1110700.0
90210,3698,5,6.0,1985,0.19,None,Single Family,2,2723300.0
85001,1407,3,3.0,2006,1.49,None,Single Family,2,540400.0
75001,881,2,2.0,2004,0.036,None,Condo,0,269100.0
30301,1267,2,3.0,1957,0.028,Minor (Cosmetic),Condo,2,376500.0
85001,1859,3,4.0,1941,0.08,None,Single Family,2,577700.0
94102,2697,4,5.0,1943,0.08,Major (Structural/Systems),Single Family,1,2087400.0
98101,1184,1,2.0,2022,0.033,Minor (Cosmetic),Condo,0,695200.0
90210,2359,4,5.0,2023,0.24,Minor (Cosmetic),Single Family,1,2452600.0
10001,3124,6,6.0,1981,0.08,None,Single Family,4,2623800.0
10001,2328,4,5.5,1988,0.08,None,Single Family,1,2015300.0
80202,1181,2,2.0,1988,0.024,None,Condo,0,412100.0
02108,2315,4,5.0,1946,0.051,Major (Structural/Systems),Townhouse,1,1594100.0
94102,1376,2,2.5,1948,0.048,None,Condo,1,910900.0
10001,3089,5,6.0,2010,0.08,None,Single Family,2,2894200.0
94102,1638,3,4.0,1966,1.28,None,Single Family,1,1264500.0
85001,2036,3,4.0,1960,0.093,Major (Structural/Systems),Townhouse,1,629100.0
60601,1841,3,4.0,1974,0.18,None,Single Family,4,713100.0
85001,2174,4,5.0,2015,0.27,None,Multi-Family,2,860800.0
80202,1767,3,3.5,1975,0.073,Minor (Cosmetic),Townhouse,1,667600.0
02108,1821,2,3.5,2006,0.3,Minor (Cosmetic),Single Family,2,1346400.0
75001,2155,3,4.0,1982,0.052,None,Townhouse,1,569600.0
98101,3110,5,6.0,1947,0.08,Minor (Cosmetic),Single Family,4,1684500.0
02108,943,1,2.0,2017,0.082,None,Townhouse,2,690300.0
10001,1878,3,4.5,1975,0.08,None,Single Family,1,1545200.0
94102,1405,2,2.5,1987,0.12,Minor (Cosmetic),Single Family,2,1017900.0
02108,938,2,2.0,1985,0.047,Major (Structural/Systems),Condo,0,612300.0
98101,1259,1,2.5,1971,0.045,Full Gut Rehab,Condo,1,675100.0
33101,2318,4,5.0,1946,0.62,Major (Structural/Systems),Single Family,3,1174500.0
90210,893,2,2.0,2013,0.03,None,Condo,1,769800.0
10001,3475,6,6.0,1951,0.08,Minor (Cosmetic),Single Family,2,2965300.0
75001,800,1,1.0,1994,0.08,Minor (Cosmetic),Single Family,1,238200.0
94102,3427,5,6.0,1962,0.88,Minor (Cosmetic),Single Family,2,2468100.0
98101,2091,3,4.0,2014,0.63,None,Single Family,1,1200700.0
30301,2441,4,5.0,1991,0.17,None,Single Family,2,750200.0
94102,2104,3,4.5,1952,0.46,Full Gut Rehab,Single Family,3,1889600.0
94102,3657,6,6.0,2015,0.67,Minor (Cosmetic),Single Family,1,3180300.0
80202,1576,2,3.0,2010,0.34,None,Single Family,3,804800.0
02108,2508,4,5.0,1992,0.67,Major (Structural/Systems),Single Family,2,1823800.0
78701,3621,5,6.0,2002,0.1,Minor (Cosmetic),Multi-Family,1,1756500.0
75001,1291,2,2.5,2013,0.22,Minor (Cosmetic),Single Family,1,443700.0
94102,1386,2,2.5,2010,0.086,Minor (Cosmetic),Townhouse,2,1185500.0
78701,1048,3,3.5,1990,0.035,Minor (Cosmetic),Condo,1,500500.0
78701,789,2,2.0,1997,0.049,Full Gut Rehab,Condo,1,412400.0
94102,814,2,2.5,1966,0.044,Minor (Cosmetic),Condo,1,567900.0
33101,1642,3,3.5,1946,0.044,Minor (Cosmetic),Townhouse,2,773900.0
02108,2987,5,6.0,1989,0.08,Minor (Cosmetic),Single Family,0,2047200.0
80202,2242,4,4.5,1963,0.37,Minor (Cosmetic),Single Family,2,909200.0
94102,1477,2,2.5,1964,0.02,Major (Structural/Systems),Condo,1,1056200.0
80202,750,1,2.0,1983,0.016,None,Condo,1,295300.0
02108,1236,2,2.5,1975,0.093,Minor (Cosmetic),Townhouse,1,737900.0
75001,3944,6,6.0,1996,0.27,Minor (Cosmetic),Single Family,1,1177200.0
90210,869,1,1.5,1976,0.042,None,Condo,2,583700.0
80202,1516,3,3.5,1991,0.13,Major (Structural/Systems),Single Family,3,806600.0
80202,1193,2,2.5,2002,0.14,None,Single Family,4,617300.0
60601,3306,5,6.0,1946,0.08,Minor (Cosmetic),Single Family,2,1165700.0
78701,980,1,2.0,1999,0.036,Full Gut Rehab,Condo,0,479000.0
33101,1685,3,3.0,1976,0.097,None,Townhouse,2,763300.0
75001,2380,3,4.0,1960,0.08,None,Single Family,2,638400.0
30301,2255,4,4.5,1985,0.06,None,Townhouse,0,630300.0
02108,2365,4,5.0,1960,0.08,Full Gut Rehab,Single Family,2,1725800.0
78701,4258,7,6.0,2023,0.48,None,Single Family,1,2196800.0
75001,2600,4,5.0,2011,0.08,None,Single Family,1,809000.0
85001,3296,5,6.0,1991,0.08,None,Single Family,2,1044000.0
30301,3103,5,6.0,1968,0.08,Major (Structural/Systems),Single Family,1,1019100.0
98101,2472,4,5.0,2008,0.62,Major (Structural/Systems),Single Family,2,1679000.0
10001,894,1,1.5,2015,0.015,None,Condo,0,756100.0
80202,1216,2,2.5,1978,0.011,Full Gut Rehab,Condo,1,566700.0
60601,2882,6,6.0,1966,0.08,None,Single Family,3,1065000.0
78701,2070,4,4.5,2016,0.16,None,Single Family,2,1010700.0
80202,2624,4,5.5,1949,0.32,None,Single Family,3,1045700.0
75001,3427,4,6.0,1975,0.18,Minor (Cosmetic),Single Family,2,974900.0
98101,4052,7,6.0,1955,0.21,Minor (Cosmetic),Single Family,2,1950300.0
30301,3140,5,6.0,1975,0.88,Full Gut Rehab,Single Family,3,1100200.0
98101,2638,5,5.5,2023,0.101,Minor (Cosmetic),Townhouse,0,1725700.0
98101,1516,2,2.5,1973,0.067,Major (Structural/Systems),Townhouse,2,802800.0
80202,3026,5,6.0,1976,0.08,None,Single Family,4,1163500.0
60601,3503,6,6.0,2011,0.48,Major (Structural/Systems),Single Family,1,1606100.0
94102,1827,3,4.0,2007,0.3,None,Single Family,2,1459000.0
10001,930,1,1.5,1998,0.048,None,Condo,1,730600.0
85001,3803,5,6.0,1968,0.84,None,Single Family,3,1105100.0
10001,1768,3,3.5,1970,0.29,None,Single Family,3,1470100.0
78701,630,1,1.0,2005,0.013,Major (Structural/Systems),Condo,1,335600.0
78701,3645,5,6.0,1942,0.08,Minor (Cosmetic),Single Family,2,1493700.0
80202,3397,5,6.0,2008,0.64,None,Single Family,2,1521300.0
33101,2824,5,6.0,1961,0.42,None,Single Family,1,1314800.0
10001,2465,5,6.0,2019,0.29,Major (Structural/Systems),Single Family,4,3112900.0
78701,2171,4,5.0,2012,0.41,Minor (Cosmetic),Single Family,4,1148300.0
98101,2711,4,5.5,1992,0.27,Minor (Cosmetic),Single Family,2,1536200.0
33101,3684,6,6.0,1987,0.3,Full Gut Rehab,Single Family,2,2130000.0
94102,2678,4,5.0,2012,0.09,Full Gut Rehab,Single Family,2,2753200.0
78701,1858,3,4.0,2015,0.028,Major (Structural/Systems),Condo,1,927700.0
10001,1826,3,4.0,1986,0.08,Minor (Cosmetic),Single Family,3,1721000.0
02108,2485,5,5.5,1981,0.39,None,Single Family,2,1413800.0
10001,969,1,1.0,1943,0.023,Minor (Cosmetic),Condo,2,684900.0
10001,720,1,1.0,2021,0.036,Major (Structural/Systems),Condo,1,778100.0
75001,1731,4,4.5,2021,0.114,Major (Structural/Systems),Townhouse,4,700600.0
02108,2812,4,5.5,1981,0.31,Minor (Cosmetic),Single Family,2,1862800.0
30301,2893,5,6.0,1982,0.14,Minor (Cosmetic),Single Family,2,840400.0
85001,1859,2,3.0,1981,0.018,Minor (Cosmetic),Condo,2,525000.0
78701,1262,2,2.0,1942,0.02,Major (Structural/Systems),Condo,0,563400.0
94102,3362,5,6.0,1998,1.53,None,Single Family,4,2589100.0
98101,1829,3,3.5,2020,0.089,Minor (Cosmetic),Townhouse,0,1153900.0
75001,3758,6,6.0,2015,0.2,None,Single Family,2,1206600.0
98101,5118,7,6.0,1950,0.09,Major (Structural/Systems),Multi-Family,0,2993600.0
94102,2038,4,4.5,2020,0.102,None,Townhouse,1,1787800.0
78701,752,1,1.0,1974,0.025,Major (Structural/Systems),Condo,1,325700.0
75001,1553,3,4.0,1989,0.064,None,Townhouse,1,438400.0
75001,1198,1,2.0,2002,0.019,None,Condo,2,336400.0
10001,2842,5,6.0,2009,0.08,None,Single Family,2,2468600.0
33101,3023,5,6.0,1945,0.11,Full Gut Rehab,Single Family,3,1573700.0
10001,2845,4,5.5,1971,0.35,Minor (Cosmetic),Single Family,4,2438000.0
10001,2505,3,4.0,1950,0.1,None,Single Family,2,2003200.0
30301,877,1,1.5,1982,0.012,None,Condo,0,207900.0
10001,2800,5,6.0,1978,0.16,None,Single Family,2,2100000.0
02108,3891,7,6.0,1952,0.31,None,Single Family,2,2277700.0
90210,1456,2,3.0,1952,0.012,Minor (Cosmetic),Condo,0,1018500.0
30301,2040,2,3.5,1978,0.076,None,Townhouse,2,587000.0
75001,3272,5,6.0,1985,0.08,Minor (Cosmetic),Single Family,2,956200.0
33101,2221,3,4.0,1973,0.51,None,Single Family,2,1027900.0
60601,2118,3,3.5,2006,0.72,Major (Structural/Systems),Single Family,1,1042300.0
94102,838,1,1.5,1971,0.049,None,Condo,1,560600.0
80202,2406,3,4.5,2007,0.41,Minor (Cosmetic),Single Family,1,1203100.0
98101,952,2,2.5,2004,0.035,Major (Structural/Systems),Condo,2,625900.0
94102,3406,5,6.0,2012,0.41,None,Single Family,2,2726400.0
80202,2143,4,5.5,1946,0.68,None,Single Family,2,910500.0
30301,1438,1,1.5,1942,0.105,None,Townhouse,3,381300.0
90210,3956,5,6.0,2019,0.2,Major (Structural/Systems),Single Family,2,4321000.0
02108,2161,3,3.5,2011,0.37,None,Single Family,2,1593500.0
10001,2615,4,5.5,2008,0.08,Minor (Cosmetic),Single Family,2,2733600.0
10001,2838,5,6.0,1988,0.42,Major (Structural/Systems),Single Family,1,2865500.0
30301,1647,1,2.0,1997,0.46,Minor (Cosmetic),Single Family,2,524400.0
80202,3426,6,6.0,1967,0.57,Minor (Cosmetic),Single Family,1,1460800.0
80202,2977,5,6.0,1966,0.6,None,Single Family,1,1278300.0
60601,3668,6,6.0,1961,0.2,Major (Structural/Systems),Single Family,2,1443600.0
94102,862,1,2.0,2010,0.046,Minor (Cosmetic),Condo,1,691800.0
80202,1134,2,2.0,1952,0.049,Minor (Cosmetic),Condo,0,423000.0
80202,2529,4,5.0,1961,1.34,Major (Structural/Systems),Single Family,2,1230000.0
33101,1192,2,2.5,2014,0.033,Minor (Cosmetic),Condo,2,650200.0
85001,1409,2,2.5,1944,0.29,Minor (Cosmetic),Single Family,2,471900.0
60601,2583,4,5.0,1961,0.21,Minor (Cosmetic),Single Family,3,959500.0
98101,1430,3,4.0,2018,0.12,Major (Structural/Systems),Single Family,3,1083800.0
75001,2768,4,4.5,1992,0.14,Minor (Cosmetic),Single Family,2,786300.0
10001,903,2,2.0,1978,0.09,Major (Structural/Systems),Single Family,2,835400.0
90210,1111,1,1.0,1976,1.09,Minor (Cosmetic),Single Family,2,961800.0
10001,1386,2,2.5,1970,0.035,Minor (Cosmetic),Condo,1,1008500.0
98101,1553,3,4.5,2001,0.115,None,Townhouse,4,923000.0
78701,1759,2,3.0,2020,0.17,Minor (Cosmetic),Single Family,2,928300.0
33101,1544,2,3.0,1945,0.022,None,Condo,1,596000.0
30301,1947,3,4.0,2020,0.051,Minor (Cosmetic),Townhouse,3,730300.0
78701,1405,2,3.0,1973,0.022,None,Condo,2,596000.0
78701,2375,4,4.5,1991,0.77,Minor (Cosmetic),Single Family,0,1132300.0
90210,4509,7,6.0,1969,0.31,None,Single Family,2,3223300.0
90210,2046,3,3.5,1952,0.21,Major (Structural/Systems),Single Family,4,1753100.0
78701,3808,6,6.0,1997,0.29,None,Single Family,2,1650100.0
80202,1078,2,2.5,1992,0.046,Major (Structural/Systems),Condo,0,480100.0
75001,1259,1,2.0,1959,0.08,Minor (Cosmetic),Single Family,2,368800.0
10001,2862,4,5.5,1945,1.18,Major (Structural/Systems),Single Family,1,2710500.0
90210,1210,3,3.0,1994,0.037,None,Condo,1,906700.0
80202,732,1,1.5,1970,0.044,Minor (Cosmetic),Condo,0,260300.0
10001,1808,2,3.5,1998,0.26,Minor (Cosmetic),Single Family,2,1638200.0
90210,1091,2,2.0,1958,0.019,None,Condo,2,726200.0
60601,2762,4,5.5,2009,0.29,Minor (Cosmetic),Single Family,2,1187000.0
94102,800,1,1.0,1967,0.08,None,Single Family,1,541100.0
33101,3289,5,6.0,1952,0.67,Minor (Cosmetic),Single Family,2,1658700.0
02108,926,1,2.0,1991,0.036,None,Condo,1,552300.0
10001,1200,2,2.5,2013,0.063,None,Townhouse,4,1142200.0
98101,3205,5,6.0,2000,0.11,None,Single Family,1,1796900.0
75001,2482,3,5.0,1980,0.82,Major (Structural/Systems),Single Family,2,815500.0
98101,3412,4,6.0,1984,0.64,Minor (Cosmetic),Single Family,2,1818800.0
60601,2828,5,6.0,1946,0.5,Major (Structural/Systems),Single Family,2,1161700.0
94102,2498,3,4.0,2021,0.19,Major (Structural/Systems),Single Family,1,2604800.0
75001,2385,3,4.5,1953,0.72,None,Single Family,3,684600.0
10001,2017,2,3.5,1975,0.06,None,Townhouse,2,1452600.0
33101,955,1,2.0,1947,0.011,Major (Structural/Systems),Condo,2,459600.0
78701,1860,3,4.0,1951,0.2,Minor (Cosmetic),Single Family,2,851100.0
30301,2957,5,6.0,1979,0.88,Major (Structural/Systems),Single Family,1,976200.0
98101,2391,5,5.5,2001,0.3,Minor (Cosmetic),Single Family,0,1452900.0
90210,2525,4,5.0,1953,0.09,Minor (Cosmetic),Single Family,2,1886000.0
90210,2290,3,4.5,1988,0.092,None,Townhouse,4,1775300.0
75001,3108,4,6.0,1990,0.48,None,Multi-Family,3,951400.0
78701,2511,5,5.5,2001,0.28,Minor (Cosmetic),Single Family,3,1262600.0
75001,2050,4,4.5,1944,0.65,None,Single Family,2,622600.0
10001,1993,3,4.0,2022,0.087,None,Townhouse,1,1918700.0
98101,2762,4,5.5,2006,0.08,None,Single Family,0,1513800.0
90210,1415,2,2.5,1940,0.042,None,Condo,2,956700.0
85001,2065,2,3.5,1988,0.08,Minor (Cosmetic),Single Family,1,634200.0
33101,939,2,2.0,1956,0.045,Major (Structural/Systems),Condo,0,434600.0
85001,3094,5,6.0,2012,0.26,Major (Structural/Systems),Single Family,2,1248700.0
02108,1913,2,3.0,1974,0.099,Major (Structural/Systems),Townhouse,0,1235200.0
33101,782,1,1.5,2006,0.049,Minor (Cosmetic),Condo,1,407600.0
33101,3479,6,6.0,1952,0.2,Minor (Cosmetic),Single Family,1,1524900.0
02108,550,1,1.0,1976,0.028,Major (Structural/Systems),Condo,1,362800.0
75001,2152,4,5.0,1977,0.106,None,Townhouse,1,605200.0
85001,1551,2,2.0,2017,0.08,None,Single Family,2,532100.0
30301,3914,6,6.0,1945,0.08,None,Single Family,2,1070800.0
60601,1341,1,2.0,2002,0.32,Major (Structural/Systems),Single Family,1,624200.0
02108,3364,5,6.0,1988,0.08,None,Single Family,0,1903100.0
02108,2438,3,3.5,1948,0.1,Minor (Cosmetic),Single Family,4,1652400.0
85001,971,2,1.5,1975,0.049,Major (Structural/Systems),Condo,1,311200.0
90210,2639,4,5.5,1962,0.37,None,Single Family,2,1973500.0
60601,2084,3,4.0,2018,0.108,Major (Structural/Systems),Townhouse,2,1022000.0
60601,1821,2,3.0,1996,0.8,None,Single Family,2,709700.0
33101,1888,4,5.0,1989,0.08,Major (Structural/Systems),Single Family,2,1026700.0
85001,2987,4,5.5,1998,0.92,Minor (Cosmetic),Single Family,3,1039900.0
02108,1219,1,2.0,1946,0.7,None,Single Family,1,747400.0
98101,2061,3,4.0,1986,0.08,None,Single Family,3,1052500.0
90210,4780,7,6.0,2014,1.32,None,Single Family,2,4332500.0
80202,1773,3,4.0,1995,0.21,Minor (Cosmetic),Single Family,2,844100.0
02108,1501,2,3.0,1947,0.049,None,Condo,1,831600.0
98101,894,1,1.5,1975,0.043,Minor (Cosmetic),Condo,2,462700.0
75001,2881,5,6.0,1981,0.2,Major (Structural/Systems),Single Family,2,894900.0
85001,1329,2,2.5,1978,0.03,None,Condo,0,362800.0
10001,1495,2,2.0,2004,0.021,Major (Structural/Systems),Condo,1,1495900.0
98101,2349,4,5.0,1983,0.23,None,Single Family,4,1138100.0
30301,4791,7,6.0,2016,0.08,Full Gut Rehab,Multi-Family,2,2004500.0
90210,1534,3,3.5,2019,0.113,None,Townhouse,4,1357700.0
94102,2675,5,6.0,1985,0.44,Minor (Cosmetic),Single Family,2,2153400.0
10001,2683,4,5.5,1952,0.57,Full Gut Rehab,Single Family,2,2708700.0
33101,1658,2,3.0,1976,0.27,Major (Structural/Systems),Single Family,2,850800.0
94102,2285,4,4.5,1953,0.08,Minor (Cosmetic),Single Family,2,1595700.0
85001,1156,2,2.5,1952,0.031,None,Condo,1,336500.0
80202,2175,3,4.0,1951,0.14,Minor (Cosmetic),Single Family,2,905100.0
78701,1954,3,4.0,1994,0.01,Minor (Cosmetic),Condo,2,795400.0
10001,806,1,1.0,1967,0.035,None,Condo,1,611900.0
80202,1512,3,3.5,1961,0.044,Major (Structural/Systems),Condo,2,665900.0
33101,1399,2,3.0,2023,0.038,Major (Structural/Systems),Condo,1,870800.0
60601,2489,5,6.0,1958,0.09,Minor (Cosmetic),Single Family,3,974400.0
60601,1851,3,3.5,2014,0.6,Minor (Cosmetic),Single Family,2,838600.0
78701,831,2,2.0,1969,0.022,None,Condo,2,352200.0
30301,2111,3,4.0,1993,0.09,None,Single Family,2,659400.0
75001,1160,2,2.5,1954,1.14,Minor (Cosmetic),Single Family,1,373000.0
60601,1348,2,2.0,1969,0.041,None,Townhouse,2,427900.0
90210,581,1,1.0,1968,0.017,Full Gut Rehab,Condo,1,458800.0
90210,3509,6,6.0,1971,0.22,Major (Structural/Systems),Single Family,2,3011000.0
10001,1316,3,3.5,1969,0.017,Minor (Cosmetic),Condo,1,1054600.0
33101,1375,2,2.5,1955,0.017,Full Gut Rehab,Condo,0,669800.0
80202,2941,5,6.0,1975,0.35,None,Single Family,4,1178300.0
98101,2625,4,5.0,2021,0.6,Major (Structural/Systems),Single Family,1,1857500.0
30301,2457,4,4.5,1987,0.093,None,Townhouse,2,704800.0
30301,2041,3,4.0,1967,0.08,Minor (Cosmetic),Single Family,2,631100.0
30301,2580,4,5.0,2001,0.79,Minor (Cosmetic),Single Family,3,911400.0
02108,3060,5,6.0,2022,0.9,Minor (Cosmetic),Single Family,2,2474100.0
60601,637,1,1.0,1995,0.021,Major (Structural/Systems),Condo,1,271400.0
02108,4822,7,6.0,1995,0.28,None,Single Family,1,2982300.0
10001,2521,4,5.0,2014,0.23,Minor (Cosmetic),Single Family,2,2527900.0
10001,2606,4,5.0,1956,0.39,None,Single Family,2,2063800.0
98101,4205,7,6.0,2001,1.33,Major (Structural/Systems),Multi-Family,1,3054300.0
80202,3186,5,6.0,1960,1.5,Minor (Cosmetic),Single Family,2,1433000.0
75001,1113,2,2.5,1976,0.03,None,Condo,0,276500.0
94102,1858,2,3.0,1973,0.047,None,Townhouse,3,1171600.0
60601,1371,2,2.0,1968,0.14,None,Single Family,3,485600.0
78701,2754,5,6.0,2007,0.19,Minor (Cosmetic),Multi-Family,2,1527300.0
02108,2032,3,4.0,1999,0.083,Minor (Cosmetic),Townhouse,2,1380300.0
78701,1999,4,5.0,1950,0.117,Major (Structural/Systems),Townhouse,0,908800.0
02108,3415,4,5.5,2021,0.11,Minor (Cosmetic),Single Family,2,2853300.0
33101,1057,2,2.0,1999,0.031,None,Condo,1,539400.0
80202,614,1,1.0,2019,0.022,Full Gut Rehab,Condo,1,338300.0
10001,4045,6,6.0,2013,0.88,Major (Structural/Systems),Multi-Family,2,5075200.0
94102,3577,6,6.0,1973,1.61,None,Single Family,1,2576700.0
78701,1414,2,3.0,1972,0.045,Major (Structural/Systems),Condo,0,593900.0
30301,2377,4,5.5,1949,0.14,Major (Structural/Systems),Single Family,1,766500.0
98101,3283,5,6.0,1999,0.11,Minor (Cosmetic),Single Family,1,1823800.0
60601,5071,7,6.0,1965,0.2,Minor (Cosmetic),Single Family,1,1793400.0
33101,1140,2,3.0,1964,0.04,Minor (Cosmetic),Condo,0,508500.0
85001,1516,2,2.5,1941,0.08,Major (Structural/Systems),Single Family,2,531800.0
75001,2060,4,4.5,2023,1.86,None,Single Family,1,825700.0
78701,3700,5,6.0,1942,0.75,None,Multi-Family,2,1674200.0
33101,1296,1,2.0,1971,0.08,Minor (Cosmetic),Single Family,2,610300.0
30301,1159,2,2.5,1940,0.025,None,Condo,1,306800.0
98101,2785,4,5.0,1963,0.41,Minor (Cosmetic),Single Family,1,1485100.0
98101,3651,6,6.0,1989,0.1,Full Gut Rehab,Single Family,0,2060500.0
90210,1558,2,3.0,1982,0.016,Minor (Cosmetic),Condo,0,1083900.0
75001,2189,4,5.0,1983,0.09,Full Gut Rehab,Townhouse,4,702900.0
75001,877,1,1.5,1972,0.82,Major (Structural/Systems),Single Family,2,309400.0
94102,1422,3,4.0,1977,0.048,None,Condo,1,944800.0
78701,3029,6,6.0,1991,0.08,Major (Structural/Systems),Single Family,4,1673700.0
80202,2691,4,5.5,1974,0.73,None,Single Family,2,1012500.0
94102,1202,2,2.5,1956,0.29,Major (Structural/Systems),Single Family,1,1018000.0
85001,1917,3,4.0,1997,0.09,Major (Structural/Systems),Single Family,2,713600.0
10001,1624,2,3.0,1987,0.34,Major (Structural/Systems),Single Family,3,1599300.0
90210,988,2,2.5,1982,1.91,None,Single Family,2,918900.0
33101,2497,4,5.0,1987,0.11,Major (Structural/Systems),Single Family,1,1318500.0
60601,1901,3,3.5,1983,0.11,Minor (Cosmetic),Single Family,3,716300.0
90210,4468,6,6.0,1972,0.42,None,Single Family,2,3173100.0
33101,1040,2,2.5,2014,0.012,Major (Structural/Systems),Condo,1,589300.0
78701,2382,3,4.0,2022,0.106,Major (Structural/Systems),Townhouse,2,1359000.0
94102,550,2,2.0,2015,0.036,Minor (Cosmetic),Condo,1,508300.0
10001,2102,3,4.5,1941,0.64,Minor (Cosmetic),Single Family,2,1881500.0
78701,1843,2,3.0,1949,0.058,Minor (Cosmetic),Townhouse,3,781300.0
02108,782,1,1.0,2022,0.044,Minor (Cosmetic),Condo,1,562800.0
85001,2183,3,4.5,1967,0.21,Major (Structural/Systems),Single Family,0,723300.0
75001,2336,5,6.0,1986,0.08,Minor (Cosmetic),Single Family,2,779500.0
85001,1018,1,2.0,1947,0.046,None,Condo,0,252400.0
02108,1749,3,3.0,1962,0.038,None,Condo,1,982500.0
85001,1232,2,2.5,1987,0.017,Minor (Cosmetic),Condo,1,375500.0
80202,1267,2,3.0,2002,0.02,Minor (Cosmetic),Condo,1,549200.0
98101,1288,2,3.0,2016,0.021,Minor (Cosmetic),Condo,0,753500.0
90210,3690,5,6.0,1976,1.16,None,Multi-Family,0,2914800.0
90210,2437,4,5.5,1951,0.76,None,Single Family,1,1792200.0
60601,2259,3,4.5,2013,0.15,Minor (Cosmetic),Single Family,2,967600.0
80202,1875,3,3.0,2020,0.077,None,Townhouse,1,848200.0
10001,3367,5,6.0,2004,0.12,None,Single Family,2,2939700.0
33101,1494,3,3.5,1954,0.04,Major (Structural/Systems),Condo,1,770200.0
02108,3007,4,5.5,2019,0.08,Minor (Cosmetic),Multi-Family,2,2513900.0
78701,1368,2,2.5,2023,0.024,Minor (Cosmetic),Condo,0,708600.0
98101,1031,1,2.0,1949,0.034,Minor (Cosmetic),Condo,1,497200.0
75001,2525,4,5.0,1981,0.73,Minor (Cosmetic),Single Family,2,705900.0
75001,2144,3,4.0,1965,0.35,None,Single Family,2,574600.0
80202,2363,4,5.0,1988,0.98,Full Gut Rehab,Single Family,2,1284600.0
98101,1569,3,4.0,1962,0.047,None,Condo,1,714000.0
98101,1132,2,2.5,2003,0.039,Minor (Cosmetic),Condo,1,633000.0
75001,1147,2,2.5,1956,0.021,Minor (Cosmetic),Condo,1,292500.0
98101,1414,1,2.0,1973,0.4,None,Single Family,2,703400.0
10001,2268,4,4.5,1996,0.08,Full Gut Rehab,Single Family,4,2525300.0
94102,1015,1,2.0,1943,0.023,None,Condo,2,688400.0
80202,1878,2,3.0,2010,0.5,None,Single Family,1,851400.0
80202,2516,4,5.5,2008,0.67,Minor (Cosmetic),Single Family,2,1310200.0
75001,949,2,2.0,2022,0.027,Major (Structural/Systems),Condo,0,346600.0
10001,1127,2,2.0,2007,0.031,None,Condo,1,995600.0
98101,2591,4,5.5,1989,0.17,Minor (Cosmetic),Single Family,2,1495700.0
75001,1369,2,2.5,2006,0.078,None,Townhouse,1,402800.0
75001,2200,3,3.5,2007,0.25,Minor (Cosmetic),Single Family,1,709600.0
98101,3261,5,6.0,1998,0.41,Minor (Cosmetic),Multi-Family,0,1980700.0
80202,3388,5,6.0,2017,0.49,None,Single Family,2,1675300.0
02108,2692,5,6.0,2002,1.29,None,Single Family,2,1864500.0
85001,1502,3,4.0,2006,0.075,None,Townhouse,2,513900.0
94102,2799,5,5.5,2024,0.08,Major (Structural/Systems),Single Family,2,3074900.0
85001,1697,1,2.0,1965,0.038,Full Gut Rehab,Condo,1,532000.0
60601,2212,3,4.0,1940,0.08,Minor (Cosmetic),Townhouse,1,725700.0
78701,2046,3,3.5,2007,0.107,Major (Structural/Systems),Townhouse,1,1083900.0
90210,3780,6,6.0,2017,0.08,Minor (Cosmetic),Multi-Family,3,3849500.0
80202,3579,5,6.0,1957,0.36,Minor (Cosmetic),Single Family,2,1521700.0
98101,1476,2,3.0,1951,0.028,Minor (Cosmetic),Condo,1,713600.0
10001,2925,5,6.0,1977,0.19,Major (Structural/Systems),Single Family,2,2740100.0
33101,3301,5,6.0,1981,0.29,None,Single Family,0,1402400.0
85001,1313,2,2.5,1975,0.095,None,Townhouse,3,425000.0
78701,1373,2,3.0,1955,0.67,Major (Structural/Systems),Single Family,2,687700.0
60601,1154,2,2.0,2004,0.019,Major (Structural/Systems),Condo,0,474000.0
90210,2551,4,5.5,2006,0.12,None,Single Family,1,2179700.0
80202,909,2,2.0,1978,0.032,Minor (Cosmetic),Condo,0,336300.0
94102,3860,6,6.0,1998,0.15,None,Multi-Family,1,3096200.0
33101,1102,2,2.0,2018,0.29,None,Single Family,2,597900.0
85001,912,2,2.0,1977,0.018,None,Condo,0,254900.0
33101,1581,3,3.5,1955,0.065,Minor (Cosmetic),Townhouse,1,712400.0
90210,1272,2,2.5,2020,0.14,None,Single Family,2,1191400.0
98101,3621,6,6.0,2013,1.7,None,Single Family,1,2237600.0
78701,624,1,1.0,1950,0.044,None,Condo,0,223600.0
98101,2058,3,3.5,1967,0.64,None,Single Family,2,960700.0
75001,3180,5,6.0,2021,0.25,None,Single Family,2,1064900.0
75001,2090,2,3.5,2016,0.077,None,Townhouse,3,633000.0
33101,1668,3,3.5,2019,0.08,Major (Structural/Systems),Single Family,2,1074200.0
98101,2107,4,5.0,1941,0.056,Minor (Cosmetic),Townhouse,1,1092800.0
02108,1930,3,3.5,1959,0.112,Major (Structural/Systems),Townhouse,2,1255200.0
94102,1916,3,3.5,2015,0.031,Minor (Cosmetic),Condo,2,1577100.0
98101,2802,5,6.0,2011,1.53,None,Single Family,3,1752600.0
80202,2394,4,5.0,1977,0.31,None,Single Family,2,975700.0
33101,1857,3,4.0,1995,0.17,Major (Structural/Systems),Single Family,2,1053100.0
33101,1465,3,3.5,2023,0.062,None,Townhouse,2,830700.0
90210,1880,3,3.5,1978,0.88,Major (Structural/Systems),Single Family,1,1698200.0
98101,3528,6,6.0,1970,0.16,Minor (Cosmetic),Single Family,2,1718300.0
10001,2513,4,5.0,2019,0.08,Full Gut Rehab,Single Family,2,3246600.0
94102,2923,5,6.0,1962,0.11,Major (Structural/Systems),Single Family,1,2287200.0
75001,3635,5,6.0,1973,0.36,Major (Structural/Systems),Single Family,3,1041900.0
90210,550,1,1.0,1956,0.015,None,Condo,0,362500.0
80202,3459,5,6.0,1963,0.08,None,Single Family,1,1287000.0
10001,2541,4,4.5,1974,0.21,None,Single Family,1,2081700.0
30301,2826,4,5.0,1962,0.08,Minor (Cosmetic),Single Family,2,797900.0
78701,810,1,2.0,1947,0.026,Minor (Cosmetic),Condo,1,339200.0
10001,835,1,1.5,1993,0.023,None,Condo,0,643100.0
78701,2866,5,6.0,1960,0.17,Major (Structural/Systems),Single Family,2,1400600.0
60601,1934,3,4.0,1958,0.03,None,Condo,0,620800.0
85001,3252,6,6.0,1970,0.08,Minor (Cosmetic),Single Family,2,992600.0
10001,2369,3,4.5,1989,0.075,Minor (Cosmetic),Townhouse,2,1927800.0
30301,2355,3,4.5,2010,0.16,Major (Structural/Systems),Single Family,3,846000.0
85001,889,2,2.5,1963,0.042,Minor (Cosmetic),Condo,2,299500.0
30301,1448,2,3.0,1985,0.096,Full Gut Rehab,Townhouse,1,489200.0
33101,1580,2,3.5,1947,0.11,Full Gut Rehab,Townhouse,2,888000.0
33101,960,1,1.5,2016,0.39,Minor (Cosmetic),Single Family,4,621200.0
98101,1956,2,3.0,1942,0.08,None,Single Family,2,992900.0
60601,903,1,1.0,1973,0.03,None,Condo,0,250000.0
78701,2368,4,5.0,2016,0.47,Major (Structural/Systems),Single Family,2,1363100.0
33101,1859,3,4.5,1996,0.107,Minor (Cosmetic),Townhouse,2,964500.0
80202,1226,2,3.0,1997,0.017,None,Condo,2,544200.0
60601,1094,2,2.0,1974,0.019,None,Condo,1,387600.0
75001,2063,3,4.0,1960,0.69,None,Single Family,2,597100.0
94102,550,1,1.0,2004,0.029,None,Condo,2,420400.0
75001,898,2,2.0,2005,0.028,None,Condo,1,280400.0
78701,1362,2,2.5,1996,0.08,Minor (Cosmetic),Townhouse,2,624500.0
75001,2849,4,5.0,1981,0.08,None,Single Family,3,750000.0
80202,3181,4,5.5,1982,0.35,Full Gut Rehab,Single Family,2,1585900.0
98101,3203,4,6.0,1965,0.58,Minor (Cosmetic),Single Family,1,1704300.0
30301,3067,5,6.0,2006,0.64,Major (Structural/Systems),Single Family,2,1168600.0
02108,1053,2,2.0,1965,0.011,None,Condo,1,570200.0
75001,1565,3,3.0,1947,0.097,Minor (Cosmetic),Townhouse,4,498300.0
80202,1939,3,3.5,1986,0.08,None,Single Family,1,748100.0
78701,1121,1,1.0,1976,0.117,Major (Structural/Systems),Townhouse,2,505600.0
02108,3243,5,6.0,2011,0.23,None,Single Family,0,2337200.0
78701,2368,4,5.5,2021,0.52,Major (Structural/Systems),Single Family,2,1426700.0
98101,1565,2,3.0,1957,0.34,Full Gut Rehab,Single Family,2,1030700.0
90210,1880,3,3.5,2015,1.06,Minor (Cosmetic),Single Family,3,1894600.0
02108,1409,2,2.5,1975,0.118,None,Townhouse,2,813600.0
90210,2532,4,5.0,1941,0.11,Minor (Cosmetic),Single Family,3,1859000.0
85001,1473,2,3.0,2023,0.029,Major (Structural/Systems),Condo,1,627700.0
85001,2239,4,5.0,1942,0.25,Minor (Cosmetic),Single Family,2,723300.0
98101,900,1,1.5,1973,0.054,None,Townhouse,2,413400.0
60601,2358,5,5.5,1985,0.82,Major (Structural/Systems),Single Family,1,988900.0
98101,2382,3,4.0,2001,0.15,None,Single Family,0,1331000.0
33101,2331,4,5.0,2009,0.08,Minor (Cosmetic),Single Family,0,1236000.0
75001,2029,3,4.0,1996,0.08,None,Single Family,1,596700.0
85001,2663,4,5.0,1949,0.25,Full Gut Rehab,Single Family,2,979300.0
98101,1829,2,3.0,1957,0.111,Minor (Cosmetic),Townhouse,4,927600.0
75001,1091,3,3.0,1972,0.035,Minor (Cosmetic),Condo,1,315100.0
02108,1244,2,2.5,1946,0.019,None,Condo,0,680000.0
85001,2177,3,4.5,1984,0.12,Major (Structural/Systems),Single Family,2,768200.0
90210,2135,3,4.0,1968,1.31,None,Single Family,2,1564500.0
33101,3535,5,6.0,2022,0.08,Minor (Cosmetic),Single Family,2,1908200.0
33101,3647,7,6.0,1977,1.81,Full Gut Rehab,Multi-Family,2,2341200.0
60601,2172,4,4.5,1978,0.112,None,Townhouse,1,752200.0
94102,2351,4,5.0,1964,0.094,Minor (Cosmetic),Townhouse,3,1683800.0
85001,2036,3,4.0,1956,0.115,None,Townhouse,2,571400.0
10001,3196,5,6.0,2000,0.08,Minor (Cosmetic),Single Family,2,3153800.0
33101,1315,3,3.5,1990,1.0,Minor (Cosmetic),Single Family,2,777100.0
10001,2653,3,4.0,1976,0.08,Full Gut Rehab,Single Family,1,2602700.0
02108,2362,4,5.0,2006,0.28,None,Single Family,2,1667200.0
78701,3758,6,6.0,1963,0.23,None,Single Family,3,1563300.0
80202,3195,4,5.0,2021,0.25,Major (Structural/Systems),Single Family,2,1813200.0
10001,879,2,2.0,1988,0.021,Major (Structural/Systems),Condo,0,762300.0
10001,1967,4,5.5,1960,0.102,None,Townhouse,2,1460200.0
80202,1158,2,2.5,2014,0.04,None,Condo,1,521800.0
60601,2004,4,5.5,1996,0.116,Minor (Cosmetic),Townhouse,2,822000.0
30301,1735,4,4.0,1980,0.25,Major (Structural/Systems),Single Family,3,643300.0
94102,2770,4,5.5,1956,0.28,None,Single Family,2,2014400.0
98101,1020,1,1.0,1960,0.046,Major (Structural/Systems),Condo,1,489600.0
94102,2711,4,5.5,2007,0.88,Minor (Cosmetic),Single Family,2,2396200.0
90210,1956,3,4.0,2021,0.37,None,Single Family,1,1752100.0
33101,2061,2,3.5,2003,0.6,Minor (Cosmetic),Single Family,2,1173400.0
33101,3380,5,6.0,1983,0.25,Minor (Cosmetic),Single Family,2,1547000.0
10001,1711,3,4.0,1967,0.17,Minor (Cosmetic),Single Family,0,1413900.0
10001,1766,3,3.5,1975,0.7,Major (Structural/Systems),Single Family,2,1658200.0
90210,2461,3,4.5,1976,0.53,None,Single Family,2,1852300.0
75001,829,1,1.5,1983,0.02,Minor (Cosmetic),Condo,1,224300.0
85001,1836,3,3.5,1989,0.08,Major (Structural/Systems),Single Family,2,671500.0
94102,2578,3,5.0,1994,0.29,Minor (Cosmetic),Single Family,0,2091700.0
10001,1371,2,2.5,1949,0.64,Minor (Cosmetic),Single Family,1,1182800.0
30301,1744,2,3.5,1977,0.1,Major (Structural/Systems),Single Family,1,548200.0
30301,1818,3,4.0,1988,0.041,None,Condo,1,490500.0
80202,1260,1,1.5,2011,0.027,None,Condo,1,519200.0
90210,838,2,2.5,1941,0.023,Major (Structural/Systems),Condo,0,671300.0
90210,2813,4,5.5,1983,0.08,Minor (Cosmetic),Single Family,2,2125100.0
78701,1298,2,2.5,1974,0.047,Major (Structural/Systems),Condo,1,582400.0
98101,1448,2,3.0,1960,0.019,None,Condo,2,657900.0
90210,2404,3,4.0,1996,0.11,None,Single Family,1,2025000.0
78701,3232,5,6.0,1962,0.14,Major (Structural/Systems),Single Family,2,1522000.0
90210,971,1,2.0,1971,0.12,None,Single Family,2,710100.0
75001,730,1,1.5,2010,0.017,Major (Structural/Systems),Condo,0,235900.0
02108,1157,2,3.0,1972,0.024,None,Condo,2,696400.0
90210,2747,4,5.0,1956,0.22,Full Gut Rehab,Single Family,2,2581400.0
78701,780,1,1.0,2011,0.032,Major (Structural/Systems),Condo,0,401500.0
98101,2694,4,5.0,1981,0.08,Minor (Cosmetic),Single Family,2,1364000.0
85001,2032,3,4.5,1956,0.53,Major (Structural/Systems),Single Family,1,718700.0
78701,2978,5,6.0,1987,0.13,Minor (Cosmetic),Multi-Family,3,1549600.0
02108,4019,6,6.0,1987,0.88,Major (Structural/Systems),Multi-Family,1,3196300.0
60601,3181,5,6.0,2021,0.14,Minor (Cosmetic),Single Family,3,1526100.0
02108,1752,3,4.0,1996,0.7,Full Gut Rehab,Single Family,3,1535000.0
30301,1707,3,3.5,2000,0.15,None,Single Family,2,587900.0
98101,2191,2,3.5,1983,0.25,Minor (Cosmetic),Single Family,2,1172800.0
78701,1787,2,3.0,1962,0.07,None,Townhouse,1,680800.0
90210,2673,5,6.0,2015,0.17,None,Multi-Family,2,2629900.0
80202,1464,2,3.0,1992,0.035,Minor (Cosmetic),Condo,0,600000.0
75001,2760,5,6.0,1972,0.41,None,Single Family,2,770300.0
75001,1242,2,2.5,1995,0.045,None,Condo,1,342900.0
10001,1550,2,2.5,1967,0.29,Minor (Cosmetic),Single Family,2,1325900.0
10001,2325,3,4.5,1962,0.057,Full Gut Rehab,Townhouse,2,2144100.0
75001,900,3,3.5,2002,0.119,Minor (Cosmetic),Townhouse,3,365000.0
85001,1391,2,2.5,1946,0.037,None,Condo,1,367300.0
94102,3200,5,5.5,1941,0.16,Full Gut Rehab,Single Family,3,2763900.0
80202,2175,3,4.5,2004,1.21,Minor (Cosmetic),Single Family,3,1129200.0
98101,3454,6,6.0,1943,1.11,None,Single Family,1,1710500.0
30301,1771,3,4.0,1947,0.046,Major (Structural/Systems),Townhouse,2,577100.0
94102,2546,4,5.0,1988,0.08,None,Single Family,2,1734400.0
10001,2754,5,6.0,1968,0.08,None,Single Family,2,2264500.0
60601,4889,7,6.0,2021,0.4,None,Single Family,1,1986800.0
90210,2404,4,5.5,1994,0.097,None,Townhouse,2,1932500.0
78701,3025,4,5.5,1976,0.45,Minor (Cosmetic),Single Family,1,1223300.0
80202,1389,2,3.5,1945,0.09,Minor (Cosmetic),Townhouse,3,622100.0
98101,1864,3,3.5,1963,0.063,Major (Structural/Systems),Townhouse,3,1029500.0
98101,1434,2,2.5,2018,0.053,Minor (Cosmetic),Townhouse,2,936400.0
78701,3116,5,6.0,1979,0.92,None,Single Family,2,1383600.0
10001,2605,4,5.5,1951,0.86,None,Single Family,2,2304300.0
78701,1656,3,3.0,2003,0.1,None,Single Family,1,804100.0
75001,2560,3,4.0,1985,0.08,Minor (Cosmetic),Single Family,1,686100.0
60601,1862,3,3.5,1953,0.16,Major (Structural/Systems),Single Family,3,801900.0
94102,1152,2,2.5,1966,0.012,None,Condo,1,733000.0
94102,1855,2,3.0,1976,0.08,Full Gut Rehab,Single Family,2,1536700.0
02108,1812,3,3.5,2016,0.07,None,Townhouse,2,1339200.0
98101,3062,5,6.0,2001,0.1,Full Gut Rehab,Single Family,3,2140600.0
98101,1081,2,2.5,2006,0.039,Major (Structural/Systems),Condo,0,712800.0
33101,963,1,2.0,2019,0.046,None,Condo,2,509900.0
90210,1171,2,2.5,2015,0.046,None,Condo,1,968000.0
90210,2113,3,4.0,1953,0.088,None,Townhouse,3,1400700.0
98101,712,1,2.0,1978,0.038,None,Condo,1,315500.0
60601,1917,3,4.0,1944,0.08,Minor (Cosmetic),Townhouse,1,672500.0
10001,3488,6,6.0,2015,0.08,Minor (Cosmetic),Single Family,1,3678900.0
33101,2930,5,6.0,1965,0.35,Major (Structural/Systems),Single Family,4,1615800.0
02108,2543,4,5.5,2020,0.15,Minor (Cosmetic),Single Family,1,2118000.0
30301,2979,5,6.0,1992,0.08,None,Single Family,2,851500.0
30301,2839,5,6.0,2002,0.3,Major (Structural/Systems),Single Family,2,1039800.0
02108,3065,4,5.5,1950,0.08,None,Single Family,2,1773900.0
10001,982,1,1.5,1972,0.76,Major (Structural/Systems),Single Family,2,993300.0
80202,1334,1,2.5,1980,0.95,Minor (Cosmetic),Single Family,2,598600.0
10001,3253,5,6.0,1979,0.08,None,Single Family,1,2664700.0
33101,1122,2,2.0,1985,0.042,None,Townhouse,2,510100.0
75001,2801,4,5.5,1943,0.08,None,Single Family,2,746800.0
33101,976,2,2.5,1950,0.047,None,Condo,0,404100.0
75001,1752,2,2.5,2020,0.08,Minor (Cosmetic),Single Family,2,568000.0
98101,1957,3,3.5,1966,0.075,None,Townhouse,2,911200.0
94102,1890,3,4.0,1947,0.045,None,Townhouse,2,1272700.0
60601,1838,2,3.0,1960,0.025,None,Condo,0,549600.0
98101,881,1,1.5,1944,0.041,Minor (Cosmetic),Condo,1,398600.0
33101,3580,4,6.0,2001,0.18,Minor (Cosmetic),Single Family,2,1685500.0
02108,3481,5,6.0,1971,0.52,Full Gut Rehab,Multi-Family,3,2727700.0
94102,1502,3,3.5,1997,0.095,None,Townhouse,3,1091300.0
85001,2159,4,5.0,2011,0.081,Major (Structural/Systems),Townhouse,2,876300.0
94102,1298,2,2.5,1966,0.04,None,Condo,1,775700.0
85001,2526,4,6.0,1965,0.74,None,Single Family,2,781600.0
85001,1919,2,3.5,1979,0.103,Minor (Cosmetic),Townhouse,2,544700.0
75001,2052,3,4.5,1968,0.41,Minor (Cosmetic),Single Family,1,606200.0
33101,810,3,3.0,2012,0.038,None,Condo,1,458600.0
78701,3069,6,6.0,2021,0.08,None,Single Family,2,1625800.0
30301,1699,3,3.5,1946,0.116,Minor (Cosmetic),Townhouse,1,500200.0
02108,2439,4,5.0,1960,0.08,Minor (Cosmetic),Single Family,1,1571200.0
80202,2709,4,5.0,2019,0.15,None,Single Family,1,1351600.0
33101,1192,1,1.5,2006,0.031,Full Gut Rehab,Condo,1,666400.0
80202,599,1,1.5,1949,0.015,None,Condo,1,233100.0
80202,1550,2,3.0,2001,0.034,None,Condo,0,635000.0
98101,2590,4,5.0,1947,0.08,Minor (Cosmetic),Single Family,3,1365000.0
78701,2348,4,5.0,1943,0.9,None,Single Family,2,1030800.0
30301,1250,2,2.5,1968,0.046,None,Condo,1,351700.0
10001,3389,5,6.0,1951,0.28,Full Gut Rehab,Multi-Family,3,3637900.0
85001,2145,2,3.5,1990,0.076,None,Townhouse,1,620600.0
60601,2903,5,6.0,1958,0.08,Minor (Cosmetic),Single Family,2,1111200.0
75001,2123,3,4.0,1970,0.106,None,Townhouse,2,561800.0
78701,3513,5,6.0,1965,0.17,None,Single Family,2,1434700.0
75001,3162,5,6.0,1945,0.1,None,Single Family,2,806600.0
90210,2379,4,5.5,1968,1.88,Minor (Cosmetic),Single Family,3,2156600.0
75001,1657,2,2.5,1956,0.39,Minor (Cosmetic),Single Family,1,459700.0
90210,1683,2,2.5,1959,0.013,None,Condo,1,1131700.0
30301,2321,3,4.5,1981,0.57,Minor (Cosmetic),Single Family,4,775000.0
85001,2145,3,4.0,1986,0.49,Minor (Cosmetic),Single Family,1,696700.0
02108,1197,2,2.5,2013,0.18,Minor (Cosmetic),Single Family,2,1000500.0
10001,2753,3,5.0,2009,0.08,None,Single Family,4,2685800.0
60601,1152,2,3.0,1941,0.03,None,Condo,0,351600.0
02108,1363,2,2.5,2013,0.5,Major (Structural/Systems),Single Family,2,1192500.0
30301,2839,5,6.0,1976,0.08,Minor (Cosmetic),Single Family,2,808200.0
94102,925,1,1.5,1958,0.017,None,Condo,1,565100.0
94102,2041,3,4.0,1980,0.035,Minor (Cosmetic),Condo,1,1302500.0
85001,900,1,1.0,1955,0.032,None,Condo,1,225200.0
33101,2173,3,3.5,2023,0.82,None,Single Family,2,1254200.0
75001,1406,2,2.5,1999,0.105,None,Townhouse,2,423800.0
98101,2375,4,4.5,1996,0.114,Minor (Cosmetic),Townhouse,1,1222100.0
33101,1632,3,4.0,2003,0.077,Minor (Cosmetic),Townhouse,2,940600.0
33101,846,2,2.0,1944,0.042,None,Condo,2,388500.0
33101,3030,6,6.0,1957,0.08,Major (Structural/Systems),Single Family,2,1566400.0
60601,2095,4,5.0,2011,0.12,Minor (Cosmetic),Multi-Family,3,1036400.0
78701,2968,5,6.0,1952,0.36,Major (Structural/Systems),Single Family,1,1332500.0
80202,3836,5,6.0,2013,0.5,None,Single Family,2,1750800.0
02108,2924,5,6.0,1975,0.3,Full Gut Rehab,Single Family,2,2142800.0
60601,2978,4,5.5,1958,0.23,Major (Structural/Systems),Single Family,1,1142800.0
10001,3896,5,6.0,1970,0.09,Minor (Cosmetic),Multi-Family,2,3598800.0
60601,1698,3,4.0,1962,0.017,Major (Structural/Systems),Condo,0,606800.0
10001,1523,2,3.0,1971,0.045,Minor (Cosmetic),Condo,2,1198800.0
33101,1253,1,2.0,1950,0.016,Minor (Cosmetic),Condo,1,534900.0
60601,3177,5,6.0,2005,0.2,Full Gut Rehab,Single Family,0,1548100.0
10001,1835,2,2.5,1944,0.77,None,Single Family,2,1590000.0
90210,1371,2,2.5,1952,0.016,None,Condo,2,942600.0
94102,748,1,1.5,2003,0.015,Major (Structural/Systems),Condo,1,658000.0
33101,2224,4,5.0,1974,0.41,Minor (Cosmetic),Single Family,1,1146600.0
75001,550,1,1.0,2022,0.023,None,Condo,1,177900.0
90210,2801,5,5.5,1968,0.2,None,Single Family,2,2302000.0
60601,2017,4,4.5,1962,0.34,None,Single Family,3,796900.0
98101,3333,5,6.0,2022,0.17,None,Single Family,0,1952300.0
80202,2792,5,6.0,2019,0.56,None,Single Family,1,1454600.0
30301,2305,4,5.5,1955,0.118,None,Townhouse,3,666700.0
98101,1312,3,4.0,1965,0.115,Major (Structural/Systems),Townhouse,1,771900.0
80202,3278,5,6.0,1942,0.28,None,Single Family,2,1349900.0
90210,1837,2,3.0,1962,0.024,Minor (Cosmetic),Condo,1,1328100.0
94102,1367,2,3.0,1996,0.027,Minor (Cosmetic),Condo,2,992200.0
02108,3092,5,6.0,1948,0.14,Full Gut Rehab,Single Family,2,2263800.0
90210,2627,4,5.0,1990,0.2,Minor (Cosmetic),Single Family,2,2111800.0
33101,2780,4,5.0,1972,0.08,None,Multi-Family,2,1400100.0
80202,1366,2,3.0,2017,0.012,None,Condo,0,615600.0
78701,1995,2,3.5,1963,0.52,Major (Structural/Systems),Multi-Family,2,1083800.0
10001,2186,3,4.0,1989,0.14,None,Single Family,2,1717600.0
02108,550,1,1.0,1991,0.042,Full Gut Rehab,Condo,0,410300.0
33101,1972,3,4.0,2010,0.23,Minor (Cosmetic),Single Family,0,1064500.0
85001,2981,3,4.5,1977,0.57,Minor (Cosmetic),Single Family,1,851400.0
90210,2879,4,5.5,1983,0.38,Minor (Cosmetic),Single Family,2,2193800.0
30301,2538,4,5.0,1995,0.08,None,Single Family,4,822300.0
78701,2627,4,5.0,2005,0.21,None,Single Family,4,1270800.0
78701,1085,1,2.5,1984,0.43,None,Single Family,2,502400.0
78701,2220,4,5.0,1991,0.14,Major (Structural/Systems),Single Family,3,1171800.0
90210,861,1,2.0,1940,0.018,Minor (Cosmetic),Condo,2,654000.0
94102,2005,4,5.0,2021,0.27,Major (Structural/Systems),Single Family,3,2072700.0
33101,2949,4,5.5,2003,0.11,Major (Structural/Systems),Single Family,2,1666700.0
98101,1854,3,4.0,1947,0.32,Minor (Cosmetic),Single Family,2,1035300.0
30301,2046,3,4.0,1982,0.11,None,Single Family,0,579500.0
98101,550,1,1.0,1947,0.046,Minor (Cosmetic),Condo,1,274500.0
94102,2279,4,4.5,1968,0.15,None,Single Family,2,1573700.0
60601,719,1,1.5,1952,0.046,Minor (Cosmetic),Condo,1,250200.0
02108,2559,4,5.0,1940,0.11,Minor (Cosmetic),Single Family,2,1681900.0
78701,1786,3,4.5,1968,0.32,None,Single Family,1,785500.0
60601,1847,2,3.0,1989,0.05,Major (Structural/Systems),Townhouse,3,723900.0
30301,1049,2,3.0,1976,0.041,Minor (Cosmetic),Condo,0,321600.0
75001,3754,6,6.0,1940,0.08,None,Single Family,0,948100.0
33101,2023,3,4.5,2008,0.109,Major (Structural/Systems),Townhouse,2,1168200.0
33101,1120,2,2.5,1987,0.21,Major (Structural/Systems),Single Family,1,643900.0
85001,1230,2,2.5,1994,0.048,Minor (Cosmetic),Townhouse,4,455900.0
02108,1119,1,1.5,2005,0.025,Full Gut Rehab,Condo,0,875300.0
90210,774,1,1.5,2002,0.041,Full Gut Rehab,Condo,0,752400.0
02108,1600,3,4.0,1961,0.08,Major (Structural/Systems),Multi-Family,1,1290100.0
10001,3512,6,6.0,1950,0.34,None,Single Family,1,2666800.0
33101,1352,3,3.5,1968,0.03,None,Condo,0,552400.0
33101,2890,5,6.0,1942,0.13,Minor (Cosmetic),Single Family,2,1452500.0
33101,2044,3,4.5,1984,0.49,Major (Structural/Systems),Single Family,0,1049800.0
90210,2820,4,5.5,2016,0.08,Major (Structural/Systems),Single Family,2,2875400.0
60601,1971,4,5.0,1942,0.24,Major (Structural/Systems),Single Family,2,851600.0
98101,1171,2,2.5,2013,0.03,Minor (Cosmetic),Condo,1,672200.0
33101,777,1,1.5,2007,0.013,None,Condo,2,395300.0
78701,1630,2,3.0,1953,0.015,None,Condo,1,603100.0
98101,1322,3,3.5,2020,0.18,Minor (Cosmetic),Single Family,1,885300.0
94102,3424,6,6.0,2004,0.27,Full Gut Rehab,Single Family,4,3295600.0
94102,1817,2,3.5,1996,0.044,None,Townhouse,3,1341300.0
75001,2132,3,4.0,1954,0.08,Minor (Cosmetic),Single Family,2,604900.0
30301,1158,2,1.5,1999,0.018,Major (Structural/Systems),Condo,1,378500.0
33101,1356,2,3.0,1993,0.03,None,Condo,1,583800.0
94102,1578,3,3.0,1941,0.012,Major (Structural/Systems),Condo,2,1176800.0
98101,2734,4,5.5,2021,0.46,Minor (Cosmetic),Single Family,2,1813000.0
60601,1399,2,3.0,2003,0.052,Minor (Cosmetic),Townhouse,1,564300.0
75001,2541,4,5.0,1967,0.52,Major (Structural/Systems),Single Family,1,802500.0
94102,2617,4,5.5,2016,0.056,None,Townhouse,2,1956400.0
90210,3510,5,6.0,2006,0.15,Minor (Cosmetic),Single Family,2,3073500.0
60601,3181,5,6.0,1942,0.23,None,Single Family,0,1075600.0
98101,3096,5,6.0,1992,0.15,None,Single Family,1,1625600.0
02108,1344,2,3.0,1965,0.011,Minor (Cosmetic),Condo,0,787200.0
90210,3369,5,6.0,1943,0.84,None,Single Family,2,2457500.0
78701,2157,3,3.5,1955,0.12,Minor (Cosmetic),Single Family,2,947400.0
30301,1483,2,3.0,2011,0.08,Minor (Cosmetic),Single Family,1,516800.0
85001,1831,3,3.5,1993,0.051,Minor (Cosmetic),Townhouse,2,580200.0
78701,1432,2,2.5,1955,0.118,Major (Structural/Systems),Townhouse,1,662300.0
78701,730,1,1.5,1970,0.015,None,Condo,1,291900.0
94102,847,2,2.0,1941,0.024,None,Condo,1,561600.0
78701,4363,7,6.0,2012,0.08,None,Single Family,3,2114800.0
98101,2602,5,6.0,1984,0.47,Minor (Cosmetic),Single Family,3,1468900.0
33101,1962,3,4.0,1993,0.088,Major (Structural/Systems),Townhouse,1,1049500.0
98101,1583,2,3.0,1998,0.27,None,Single Family,1,894300.0
10001,1117,2,2.0,1998,0.68,Major (Structural/Systems),Single Family,3,1293800.0
94102,1885,2,3.0,1961,0.3,None,Single Family,2,1336100.0
02108,3578,6,6.0,1973,1.09,Minor (Cosmetic),Single Family,2,2213500.0
94102,2750,5,6.0,2012,0.34,None,Single Family,1,2243700.0
10001,2948,5,6.0,1995,0.15,None,Single Family,2,2724900.0
85001,3053,5,6.0,1973,0.08,None,Single Family,1,836500.0
80202,2056,3,3.5,1965,0.45,None,Single Family,0,790400.0
78701,3540,6,6.0,2010,0.16,Full Gut Rehab,Single Family,2,2267900.0
30301,2025,2,3.5,1984,0.32,None,Single Family,2,563500.0
85001,3554,5,6.0,2015,0.73,None,Single Family,1,1195600.0
78701,1254,1,2.0,2020,0.01,Full Gut Rehab,Condo,1,709800.0
75001,1158,2,2.0,1960,0.5,Minor (Cosmetic),Single Family,1,332300.0
98101,838,1,2.0,1982,0.027,None,Condo,0,386400.0
02108,550,2,2.0,1978,0.015,Minor (Cosmetic),Condo,0,353400.0
98101,1507,3,3.0,1952,0.033,Minor (Cosmetic),Condo,1,758400.0
33101,2481,4,5.0,1981,0.27,Major (Structural/Systems),Single Family,2,1219800.0
60601,828,1,1.0,1984,0.65,None,Single Family,3,349800.0
02108,2781,5,6.0,1990,0.26,Full Gut Rehab,Single Family,1,2234000.0
94102,911,1,1.5,1956,0.043,None,Condo,2,547600.0
33101,1387,2,2.5,2023,0.28,Minor (Cosmetic),Single Family,2,907400.0
94102,2555,4,5.0,2002,0.076,Minor (Cosmetic),Townhouse,1,1938900.0
78701,1848,3,4.0,1946,0.07,Minor (Cosmetic),Townhouse,2,808400.0
60601,2279,4,5.0,1994,0.08,None,Single Family,1,855800.0
60601,2200,2,3.5,1943,0.31,Major (Structural/Systems),Single Family,1,871000.0
60601,570,1,1.0,1970,0.032,Minor (Cosmetic),Condo,2,214200.0
30301,1521,3,3.0,1995,1.3,None,Single Family,1,543600.0
78701,3463,6,6.0,1943,0.19,Major (Structural/Systems),Single Family,1,1713000.0
60601,1586,3,4.0,2021,0.074,None,Townhouse,2,699500.0
33101,2516,4,5.5,2023,0.08,None,Single Family,2,1346700.0
10001,900,1,2.5,1979,0.088,None,Townhouse,2,685600.0
90210,638,1,1.5,1986,0.044,Minor (Cosmetic),Condo,0,501500.0
02108,1313,2,2.5,1989,0.02,None,Condo,0,760800.0
80202,2783,5,5.5,1962,0.08,Full Gut Rehab,Single Family,3,1380400.0
33101,3815,6,6.0,1990,0.41,Minor (Cosmetic),Single Family,2,1952700.0
75001,3507,6,6.0,1977,0.08,Full Gut Rehab,Single Family,1,1108400.0
10001,2326,4,5.0,1948,0.18,Major (Structural/Systems),Single Family,1,2228500.0
94102,2854,5,6.0,2000,0.33,None,Single Family,1,2059300.0
85001,2262,3,4.0,2019,0.17,None,Single Family,2,795400.0
94102,4041,6,6.0,1960,0.11,None,Single Family,3,2641900.0
80202,3361,5,6.0,1948,0.56,Major (Structural/Systems),Single Family,2,1464100.0
78701,1159,1,1.5,1964,0.022,Minor (Cosmetic),Condo,1,434300.0
78701,2650,4,5.5,1975,0.08,None,Single Family,2,1095800.0
94102,3583,6,6.0,1982,0.17,Full Gut Rehab,Single Family,2,3003800.0
90210,1302,2,3.0,2017,0.015,Major (Structural/Systems),Condo,1,1295100.0
94102,4446,7,6.0,2020,0.41,Minor (Cosmetic),Multi-Family,2,4388600.0
78701,854,1,1.5,1967,0.43,None,Single Family,2,379900.0
78701,2845,5,5.5,2003,0.08,None,Single Family,2,1395500.0
10001,919,1,1.5,1984,0.038,Minor (Cosmetic),Condo,1,736400.0
33101,2590,5,6.0,1995,0.064,Minor (Cosmetic),Townhouse,2,1321200.0
75001,1641,2,3.0,1987,0.036,Minor (Cosmetic),Condo,1,416300.0
90210,1111,1,1.5,1947,0.038,Major (Structural/Systems),Condo,1,863000.0
78701,3651,5,6.0,1953,0.11,None,Single Family,2,1504900.0
60601,3837,5,6.0,1954,0.08,None,Single Family,2,1330900.0
02108,2555,3,5.0,1978,0.61,Minor (Cosmetic),Single Family,3,1648300.0
02108,1965,3,4.0,1964,0.04,Minor (Cosmetic),Condo,0,1180800.0
33101,1089,1,2.0,2002,0.043,Minor (Cosmetic),Condo,2,562300.0
30301,3028,3,4.5,1998,0.2,Major (Structural/Systems),Multi-Family,2,1189700.0
75001,3149,5,6.0,2014,0.21,Minor (Cosmetic),Single Family,1,1002000.0
78701,2234,3,4.0,1968,0.15,Minor (Cosmetic),Single Family,0,933400.0
60601,2564,4,5.0,1942,0.24,None,Single Family,1,851300.0
98101,1593,2,3.0,1978,0.036,None,Condo,2,704200.0
33101,1106,3,3.5,1961,0.043,Full Gut Rehab,Condo,2,587000.0
80202,1228,2,2.5,1980,0.08,Minor (Cosmetic),Single Family,2,518700.0
10001,2775,4,5.0,1959,0.18,Major (Structural/Systems),Single Family,1,2603400.0
60601,1977,3,3.5,1958,0.22,Minor (Cosmetic),Single Family,3,743600.0
78701,3148,6,6.0,1952,0.23,None,Single Family,1,1248000.0
98101,2113,3,4.0,1958,0.083,None,Townhouse,4,1103300.0
30301,3603,6,6.0,2019,0.57,None,Single Family,2,1266900.0
90210,1417,2,2.5,2005,0.045,Minor (Cosmetic),Condo,1,1125200.0
02108,1481,2,3.0,2004,0.016,None,Condo,1,926700.0
90210,865,2,2.5,1942,0.039,None,Condo,0,601100.0
60601,3102,5,6.0,1963,0.23,None,Single Family,1,1063800.0
60601,2685,4,5.5,1977,0.073,Minor (Cosmetic),Townhouse,4,970200.0
98101,1983,3,4.5,1941,0.08,Full Gut Rehab,Single Family,2,1207900.0
33101,3849,6,6.0,1995,0.08,None,Single Family,1,1853400.0
98101,2087,3,4.0,2019,1.33,None,Single Family,2,1374600.0
60601,1861,3,3.5,1976,0.36,Minor (Cosmetic),Single Family,3,700100.0
80202,2722,4,5.5,1943,0.21,Minor (Cosmetic),Single Family,1,1069300.0
80202,3036,4,5.5,2017,0.5,Minor (Cosmetic),Single Family,2,1514300.0
85001,3929,6,6.0,2020,0.08,None,Multi-Family,1,1529900.0
02108,1778,3,3.5,1983,0.33,Major (Structural/Systems),Single Family,3,1293100.0
94102,1252,2,2.5,1984,0.036,Full Gut Rehab,Condo,0,972500.0
78701,2651,4,5.5,2020,0.21,Minor (Cosmetic),Multi-Family,2,1602000.0
85001,1383,3,4.0,2023,0.1,Minor (Cosmetic),Single Family,2,559500.0
98101,774,1,1.5,1986,0.048,None,Condo,1,368500.0
90210,1936,3,3.5,1965,0.13,None,Single Family,1,1403900.0
98101,2891,5,6.0,2020,0.08,None,Single Family,2,1755200.0
78701,3364,5,6.0,2015,0.35,None,Single Family,2,1622500.0
10001,1137,2,2.0,1948,0.086,Major (Structural/Systems),Townhouse,3,1084000.0
33101,2763,5,6.0,2019,0.49,Major (Structural/Systems),Single Family,2,1812500.0
85001,688,1,1.5,1987,0.04,Major (Structural/Systems),Condo,0,220000.0
80202,2971,5,6.0,1970,0.34,Major (Structural/Systems),Single Family,1,1346000.0
98101,1519,2,2.5,1994,0.057,Minor (Cosmetic),Townhouse,3,865800.0
98101,1711,4,4.0,1940,0.76,Minor (Cosmetic),Single Family,4,1041700.0
94102,1379,2,2.5,1998,0.02,Major (Structural/Systems),Condo,0,1087300.0
30301,894,1,2.0,1950,0.014,Minor (Cosmetic),Condo,1,245200.0
80202,989,2,2.5,1941,0.022,None,Condo,0,375000.0
98101,900,1,1.0,1985,0.079,Minor (Cosmetic),Townhouse,3,455100.0
33101,2225,3,5.0,1940,0.057,None,Townhouse,1,931700.0
80202,3115,5,6.0,2009,0.14,Minor (Cosmetic),Single Family,2,1547300.0
33101,2504,5,5.5,2010,0.25,Minor (Cosmetic),Single Family,2,1431700.0
90210,1354,2,3.0,2005,0.14,Minor (Cosmetic),Single Family,3,1375400.0
75001,3407,6,6.0,1941,0.08,None,Single Family,3,942100.0
85001,2000,3,4.0,2008,0.08,None,Single Family,1,686800.0
33101,2159,3,3.5,1952,0.55,None,Single Family,4,1018000.0
85001,4234,7,6.0,1958,1.08,None,Single Family,2,1233100.0
94102,2637,4,5.0,2022,0.08,None,Multi-Family,2,2527500.0
80202,3056,4,5.5,1986,0.4,Full Gut Rehab,Single Family,3,1561300.0
33101,2052,4,5.0,1940,0.112,Major (Structural/Systems),Townhouse,2,1023700.0
78701,2792,5,6.0,1957,0.12,None,Single Family,2,1239800.0
98101,1198,2,2.5,1971,0.043,None,Condo,2,559700.0
98101,1969,3,3.5,2011,0.112,Major (Structural/Systems),Townhouse,0,1187200.0
94102,2703,4,5.5,1950,0.12,Full Gut Rehab,Single Family,3,2162100.0
98101,2461,4,5.5,1959,0.08,Minor (Cosmetic),Single Family,3,1294800.0
10001,3633,6,6.0,1947,0.87,Minor (Cosmetic),Single Family,1,3111400.0
60601,1515,2,2.5,2024,0.14,None,Single Family,3,694400.0
10001,2259,4,5.0,1977,0.041,Minor (Cosmetic),Townhouse,2,1704500.0
90210,2170,3,4.5,1945,0.078,Minor (Cosmetic),Townhouse,2,1713400.0
78701,3023,6,6.0,1941,0.08,None,Single Family,2,1277000.0
33101,3337,6,6.0,2013,0.81,Minor (Cosmetic),Single Family,1,1914200.0
30301,2430,3,4.5,2012,0.08,None,Single Family,3,848200.0
78701,1098,2,2.5,1994,0.13,Major (Structural/Systems),Single Family,2,612900.0
98101,1074,2,3.0,1942,0.042,Major (Structural/Systems),Condo,1,605200.0
75001,1756,3,3.5,2005,0.57,Minor (Cosmetic),Single Family,3,604000.0
78701,1951,3,4.0,2011,0.81,None,Single Family,2,1026000.0
90210,1568,2,3.0,2012,0.24,None,Single Family,2,1467200.0
78701,2141,3,4.0,1965,1.51,Major (Structural/Systems),Single Family,3,1108300.0
30301,891,1,1.5,1987,0.031,None,Condo,1,239200.0
98101,800,1,1.5,1947,0.55,Minor (Cosmetic),Single Family,2,465500.0
02108,3760,6,6.0,2006,0.16,Minor (Cosmetic),Multi-Family,2,3086000.0
94102,2799,3,5.0,2014,0.115,Full Gut Rehab,Townhouse,1,2849900.0
94102,2954,5,6.0,2008,0.4,None,Single Family,0,2206500.0
80202,2347,4,5.0,2015,0.08,Major (Structural/Systems),Single Family,2,1318700.0
33101,1775,3,3.5,1969,0.049,Minor (Cosmetic),Townhouse,1,808700.0
94102,1610,3,3.5,1966,0.111,None,Townhouse,3,1091600.0
85001,1840,3,4.0,1982,0.105,Major (Structural/Systems),Townhouse,1,606700.0
60601,2472,3,4.0,1944,0.14,Major (Structural/Systems),Single Family,2,968800.0
78701,2527,4,4.5,1959,0.26,None,Multi-Family,1,1096000.0
75001,3762,6,6.0,1991,0.67,Minor (Cosmetic),Single Family,2,1107300.0
94102,579,1,1.5,1960,0.014,None,Condo,1,366400.0
80202,2123,4,4.5,1942,0.051,Minor (Cosmetic),Townhouse,3,880500.0
33101,2424,3,4.5,1980,0.44,Minor (Cosmetic),Single Family,2,1223300.0
75001,2655,5,6.0,2003,0.047,Minor (Cosmetic),Townhouse,1,850400.0
75001,2755,5,6.0,2007,0.15,None,Single Family,3,882200.0
02108,2912,5,6.0,2010,0.1,Minor (Cosmetic),Multi-Family,2,2384600.0
85001,2314,4,5.0,1963,0.5,None,Single Family,3,736800.0
94102,3231,5,6.0,1991,0.08,Major (Structural/Systems),Multi-Family,4,2929500.0
30301,1642,3,3.5,2014,0.08,None,Single Family,1,597900.0
85001,831,2,2.0,1941,0.014,Major (Structural/Systems),Condo,0,267800.0
10001,1161,3,3.0,1983,0.13,Major (Structural/Systems),Single Family,3,1094200.0
60601,1807,3,4.0,1980,0.09,None,Single Family,3,637000.0
90210,2570,4,5.5,2009,0.09,Major (Structural/Systems),Single Family,2,2543900.0
98101,1205,1,2.5,1946,0.025,Minor (Cosmetic),Condo,2,580800.0
78701,1015,1,1.5,1977,0.08,Major (Structural/Systems),Single Family,3,476400.0
78701,1051,1,1.5,2021,0.014,Minor (Cosmetic),Condo,1,516700.0
85001,2922,4,5.5,1984,0.31,None,Single Family,2,865900.0
33101,3069,5,6.0,1948,1.06,None,Multi-Family,2,1491100.0
80202,2024,3,4.0,1992,0.33,Major (Structural/Systems),Single Family,1,999700.0
75001,2190,4,4.5,1967,0.5,Major (Structural/Systems),Single Family,2,762700.0
85001,2094,3,3.0,1958,1.25,Minor (Cosmetic),Single Family,2,666900.0
90210,2022,3,4.5,2007,0.08,None,Single Family,2,1880900.0
85001,2630,4,5.0,1943,0.22,Minor (Cosmetic),Single Family,1,795800.0
94102,4230,7,6.0,1952,0.31,Minor (Cosmetic),Single Family,3,2982000.0
75001,1465,2,3.0,1950,0.066,None,Townhouse,2,388200.0
02108,988,2,2.0,1941,0.035,Full Gut Rehab,Condo,0,701000.0
94102,1081,1,2.0,2009,0.035,None,Condo,1,790500.0
80202,1984,3,3.5,1951,0.65,Major (Structural/Systems),Single Family,4,953800.0
33101,1484,3,3.0,1976,0.043,Minor (Cosmetic),Condo,1,595300.0
98101,800,2,2.5,1995,0.08,Major (Structural/Systems),Single Family,2,519900.0
90210,914,1,2.0,1991,0.017,None,Condo,0,668100.0
33101,3113,4,6.0,2012,0.09,None,Single Family,2,1712200.0
30301,2279,4,5.0,1943,0.11,Minor (Cosmetic),Single Family,3,762200.0
98101,1884,3,4.0,1943,0.29,None,Single Family,2,922300.0
10001,1998,3,3.5,1988,0.066,Major (Structural/Systems),Townhouse,3,1902500.0
80202,3179,5,6.0,1991,1.07,Full Gut Rehab,Single Family,0,1618400.0
90210,1173,2,2.0,1973,0.015,Minor (Cosmetic),Condo,1,876200.0
75001,1899,3,3.5,1961,0.1,None,Single Family,1,522400.0
75001,1259,2,2.5,1952,0.045,Minor (Cosmetic),Condo,2,353100.0
78701,1619,2,3.0,2002,0.087,Minor (Cosmetic),Townhouse,3,761300.0
98101,3058,5,6.0,1954,0.28,Major (Structural/Systems),Single Family,2,1828900.0
75001,3612,6,6.0,1979,0.32,None,Single Family,1,955000.0
78701,900,1,1.0,1977,0.06,Major (Structural/Systems),Townhouse,2,424200.0
75001,2583,5,6.0,1994,0.5,None,Single Family,2,757200.0
33101,1198,2,2.5,1983,0.24,Minor (Cosmetic),Single Family,3,593800.0
75001,1954,3,4.0,2005,0.012,Minor (Cosmetic),Condo,1,571000.0
33101,936,1,1.5,2005,0.017,Minor (Cosmetic),Condo,1,505900.0
80202,3059,5,6.0,1982,0.59,None,Single Family,2,1192100.0
85001,1784,3,3.5,2011,0.068,None,Townhouse,2,596200.0
78701,1897,3,4.0,1977,0.52,Minor (Cosmetic),Single Family,3,874400.0
33101,1808,2,3.5,2021,0.38,Major (Structural/Systems),Single Family,3,1254500.0
10001,1654,3,3.5,1968,0.022,Minor (Cosmetic),Condo,2,1308500.0
33101,3216,5,6.0,2014,0.08,Minor (Cosmetic),Single Family,2,1722800.0
78701,3957,7,6.0,1995,0.58,Minor (Cosmetic),Single Family,2,1846800.0
10001,1119,3,3.0,1945,0.036,Major (Structural/Systems),Condo,2,974000.0
90210,1929,3,4.0,1948,0.064,None,Townhouse,2,1303200.0
33101,1679,3,3.5,1961,0.082,None,Townhouse,2,739800.0
60601,2970,4,5.0,1985,0.33,Minor (Cosmetic),Multi-Family,2,1212400.0
78701,1331,3,4.0,1970,0.04,None,Townhouse,1,586800.0
10001,2563,4,5.0,1960,0.39,Minor (Cosmetic),Single Family,2,2227200.0
33101,1908,3,3.5,1977,0.37,Minor (Cosmetic),Single Family,2,883800.0
94102,1998,4,4.0,1991,0.047,None,Townhouse,1,1388100.0
80202,2627,4,5.0,1958,0.54,None,Single Family,2,1130800.0
10001,1200,1,1.5,1949,0.043,Full Gut Rehab,Condo,1,1081900.0
10001,1686,2,3.5,1985,0.022,Full Gut Rehab,Condo,1,1590000.0
10001,2471,4,5.0,2015,0.08,Minor (Cosmetic),Single Family,2,2497900.0
98101,2140,4,5.0,2022,0.095,Minor (Cosmetic),Townhouse,1,1337800.0
90210,4038,6,6.0,2005,0.08,None,Single Family,0,3274500.0
98101,3479,6,6.0,2018,0.68,None,Single Family,2,2133400.0
78701,4122,6,6.0,1977,0.23,Major (Structural/Systems),Multi-Family,4,2115500.0
80202,2269,3,4.0,2001,0.84,Major (Structural/Systems),Single Family,3,1216600.0
98101,2672,4,5.0,2011,0.36,Minor (Cosmetic),Single Family,2,1737900.0
75001,1511,2,2.5,1985,0.12,None,Single Family,2,425800.0
94102,2024,4,4.0,1974,0.077,Minor (Cosmetic),Townhouse,3,1339900.0
78701,1196,2,3.0,1982,0.031,Minor (Cosmetic),Condo,1,492200.0
90210,1108,3,3.0,1969,0.043,Full Gut Rehab,Condo,0,950400.0
90210,1459,2,2.5,2012,0.044,Minor (Cosmetic),Condo,1,1226900.0
78701,1594,2,3.0,2002,0.4,None,Single Family,2,760900.0
78701,2535,5,5.5,1969,0.064,None,Townhouse,2,1007500.0
30301,2205,3,3.5,2022,0.082,None,Townhouse,2,768400.0
78701,2447,5,6.0,1968,0.08,None,Single Family,3,1017500.0
85001,2388,4,5.0,2005,0.09,None,Single Family,1,762500.0
90210,3584,4,6.0,2011,0.13,Minor (Cosmetic),Multi-Family,2,3437800.0
94102,2484,4,4.5,2013,0.046,None,Townhouse,2,2013900.0
90210,1845,3,3.5,1961,0.111,Full Gut Rehab,Townhouse,2,1558500.0
10001,1864,3,4.5,1974,0.05,Minor (Cosmetic),Townhouse,2,1560500.0
78701,2513,3,5.0,1981,0.42,Major (Structural/Systems),Single Family,3,1216600.0
33101,1723,2,3.0,1963,0.03,None,Condo,1,679300.0
90210,2223,3,4.0,1965,0.62,Major (Structural/Systems),Single Family,2,1967200.0
85001,2477,3,5.0,1970,0.47,Minor (Cosmetic),Single Family,1,813300.0
75001,1612,3,3.5,1941,0.04,None,Condo,2,411800.0
02108,2610,4,5.5,1978,0.19,Minor (Cosmetic),Single Family,2,1645800.0
90210,1497,2,3.0,1951,0.043,None,Condo,1,949900.0
10001,1816,3,3.5,2012,0.08,None,Single Family,2,1765600.0
94102,2346,4,4.5,1983,0.21,Minor (Cosmetic),Single Family,2,1710400.0
94102,3613,4,6.0,1982,1.83,Minor (Cosmetic),Single Family,1,2578600.0
78701,1992,3,4.0,2006,1.04,Major (Structural/Systems),Single Family,2,1136300.0
10001,2386,3,4.0,1977,0.08,Full Gut Rehab,Single Family,2,2278800.0
98101,2692,4,5.0,2005,0.3,Minor (Cosmetic),Single Family,0,1643100.0
85001,2408,4,5.0,1979,0.13,Major (Structural/Systems),Multi-Family,1,810900.0
60601,2189,3,4.5,1961,0.46,None,Single Family,3,844500.0
85001,2584,3,4.5,2014,0.47,None,Single Family,4,975400.0
94102,1116,2,2.0,2002,0.01,None,Condo,1,769600.0
98101,1548,3,4.0,1998,0.044,None,Condo,0,790200.0
78701,3656,6,6.0,2015,0.09,Minor (Cosmetic),Single Family,3,2090100.0
90210,800,2,2.5,1958,0.049,Major (Structural/Systems),Condo,2,681300.0
90210,1138,1,1.5,1959,0.046,None,Condo,1,722000.0
33101,3005,5,6.0,2012,0.08,Minor (Cosmetic),Single Family,2,1753600.0
33101,3637,6,6.0,1982,0.35,None,Single Family,1,1634400.0
80202,2123,3,4.0,1997,0.064,Minor (Cosmetic),Townhouse,3,922600.0
80202,1930,2,3.5,2021,0.048,None,Townhouse,3,893600.0
80202,1333,3,3.5,1993,0.045,None,Condo,1,547300.0
90210,3005,4,5.5,2021,0.08,None,Single Family,3,2967100.0
98101,1804,3,4.0,1979,0.19,Major (Structural/Systems),Single Family,1,999500.0
10001,1167,2,2.0,1966,0.047,None,Condo,0,821600.0
94102,3594,6,6.0,1952,0.08,None,Single Family,1,2555700.0
85001,2344,4,5.0,1986,0.28,Full Gut Rehab,Single Family,1,862100.0
33101,1145,2,2.0,2011,0.033,Minor (Cosmetic),Condo,2,626600.0
60601,2318,4,5.0,1962,0.5,Major (Structural/Systems),Single Family,3,977600.0
02108,550,1,1.5,1998,0.043,Major (Structural/Systems),Condo,0,417800.0
98101,1809,3,4.0,2016,0.074,None,Townhouse,2,1103800.0
10001,2726,4,5.5,1946,0.48,None,Single Family,2,2205000.0
94102,1569,2,3.0,1989,0.113,Minor (Cosmetic),Townhouse,1,1139500.0
10001,1634,3,3.5,2005,0.76,Minor (Cosmetic),Single Family,3,1637000.0
75001,1403,3,3.5,1942,0.08,None,Townhouse,2,381800.0
33101,3073,5,6.0,1978,0.33,Minor (Cosmetic),Single Family,2,1460700.0
78701,3979,7,6.0,1946,0.39,Major (Structural/Systems),Single Family,1,1886600.0
80202,1583,2,3.0,2007,0.043,None,Condo,1,679200.0
30301,1491,2,2.5,1994,0.25,None,Single Family,2,507200.0
90210,2184,3,4.5,1947,0.049,Minor (Cosmetic),Townhouse,2,1566300.0
02108,2002,2,3.0,1971,0.17,None,Single Family,1,1172400.0
98101,2063,3,4.5,1958,0.45,Minor (Cosmetic),Single Family,2,1130400.0
75001,2153,3,3.5,1951,0.34,Minor (Cosmetic),Single Family,2,593600.0
85001,3029,5,6.0,1996,0.49,Full Gut Rehab,Single Family,1,1212300.0
10001,3219,4,6.0,1949,0.24,Minor (Cosmetic),Single Family,1,2719800.0
30301,1065,1,1.0,2017,0.017,Minor (Cosmetic),Condo,0,314500.0
75001,1071,1,1.5,1960,0.015,None,Condo,2,254400.0
10001,2008,4,5.0,1959,0.079,None,Townhouse,1,1545100.0
98101,3654,5,6.0,1943,0.08,None,Multi-Family,0,1908100.0
98101,3382,5,6.0,1958,1.41,None,Single Family,3,1619800.0
85001,650,1,1.5,1968,0.018,Major (Structural/Systems),Condo,2,226000.0
10001,2515,4,5.0,2010,0.29,None,Single Family,2,2376000.0
75001,726,1,2.0,2003,0.01,Major (Structural/Systems),Condo,1,256200.0
98101,2461,4,5.0,2011,0.1,Major (Structural/Systems),Single Family,2,1617900.0
60601,3019,4,5.5,1950,0.1,Minor (Cosmetic),Multi-Family,1,1192300.0
80202,1083,1,1.5,1972,0.04,Major (Structural/Systems),Condo,1,449300.0
78701,2560,4,4.5,1964,0.24,Major (Structural/Systems),Multi-Family,2,1328700.0
75001,1130,2,2.0,1972,0.041,Major (Structural/Systems),Townhouse,0,332500.0
75001,900,1,1.0,1965,0.07,Minor (Cosmetic),Townhouse,1,252900.0
30301,1740,2,3.5,1975,0.092,Full Gut Rehab,Townhouse,3,625100.0
90210,2176,3,4.0,1950,0.35,Major (Structural/Systems),Single Family,2,1855700.0
60601,1993,3,4.0,1969,0.08,None,Single Family,2,723000.0
94102,3491,5,6.0,1996,0.93,Minor (Cosmetic),Single Family,3,2938600.0
80202,1855,3,4.0,1949,0.1,Minor (Cosmetic),Single Family,1,765200.0
78701,3562,5,6.0,1964,0.78,Minor (Cosmetic),Single Family,1,1579200.0
98101,3717,6,6.0,2007,0.08,None,Single Family,3,2133800.0
78701,1036,1,1.5,1996,0.29,Minor (Cosmetic),Single Family,1,505900.0
85001,3273,5,6.0,1973,0.18,None,Multi-Family,2,977000.0
94102,1620,2,3.0,2016,0.087,Minor (Cosmetic),Townhouse,2,1383900.0
33101,800,2,2.0,1993,0.24,Minor (Cosmetic),Single Family,1,430400.0
98101,1416,2,2.5,1990,0.08,Major (Structural/Systems),Single Family,1,856500.0
94102,3081,5,6.0,1945,0.15,Minor (Cosmetic),Single Family,2,2296500.0
94102,4014,5,6.0,1998,0.08,None,Single Family,2,2796400.0
85001,1415,1,2.0,1993,0.037,None,Condo,1,388600.0
30301,2742,5,6.0,1956,0.67,Major (Structural/Systems),Single Family,1,973700.0
30301,1092,1,1.5,1965,0.025,None,Condo,1,288100.0
85001,2557,4,6.0,1948,0.082,Minor (Cosmetic),Townhouse,2,830100.0
10001,2766,5,6.0,1941,0.045,Full Gut Rehab,Townhouse,3,2746100.0
98101,2059,4,4.5,1959,0.17,None,Single Family,1,1079000.0
33101,550,1,1.0,1945,0.016,None,Condo,2,246300.0
80202,926,1,2.0,2018,0.08,Minor (Cosmetic),Single Family,2,498800.0
80202,3491,6,6.0,1994,0.08,Major (Structural/Systems),Single Family,1,1606000.0
98101,2464,4,5.0,1987,0.72,None,Single Family,2,1279900.0
33101,2637,4,5.0,1997,1.41,None,Single Family,2,1398600.0
78701,1157,1,1.5,1981,0.74,None,Single Family,2,516900.0
10001,1935,3,4.5,2013,1.22,Minor (Cosmetic),Single Family,3,1915400.0
80202,996,2,2.0,1960,0.039,Major (Structural/Systems),Condo,2,446300.0
78701,1172,2,2.5,1945,0.016,Full Gut Rehab,Condo,0,532900.0
78701,2201,3,4.5,1969,0.29,Major (Structural/Systems),Single Family,1,1039600.0
10001,1722,2,3.0,1962,0.46,Minor (Cosmetic),Single Family,3,1571500.0
60601,1446,3,3.5,1975,0.081,None,Townhouse,3,519200.0
90210,3406,5,6.0,1942,0.28,Full Gut Rehab,Single Family,1,3028400.0
98101,1910,3,4.0,1973,0.087,Minor (Cosmetic),Townhouse,3,1048600.0
75001,1314,2,2.5,1969,0.029,Minor (Cosmetic),Condo,1,344300.0
78701,1825,3,4.0,2021,0.12,Minor (Cosmetic),Single Family,1,1042400.0
02108,800,2,2.0,2020,0.35,None,Single Family,3,681200.0
60601,2107,3,4.0,1981,0.08,Minor (Cosmetic),Single Family,2,785500.0
78701,1850,4,4.5,1960,0.08,Major (Structural/Systems),Single Family,2,893600.0
75001,2761,4,5.5,1943,0.91,None,Single Family,2,809700.0
60601,2250,3,4.0,1988,0.03,Minor (Cosmetic),Condo,0,781800.0
33101,3021,5,6.0,1987,0.6,None,Single Family,2,1404100.0
80202,4551,7,6.0,1990,0.45,Full Gut Rehab,Single Family,2,2304300.0
94102,1299,2,3.0,1963,0.023,Full Gut Rehab,Condo,0,1028500.0
02108,2027,2,3.0,1985,0.57,None,Single Family,2,1224400.0
80202,2760,4,5.5,1966,0.08,Minor (Cosmetic),Single Family,2,1093100.0
33101,3835,6,6.0,1990,0.73,None,Single Family,3,1819400.0
78701,3872,6,6.0,1959,0.4,None,Single Family,3,1548200.0
02108,898,1,1.5,2019,0.047,Minor (Cosmetic),Condo,0,658200.0
90210,2689,4,5.0,2010,0.79,Minor (Cosmetic),Single Family,2,2536500.0
78701,599,1,2.0,1957,0.025,None,Condo,0,226700.0
02108,3118,3,5.0,1947,0.68,None,Single Family,1,1866800.0
60601,3665,7,6.0,1966,0.29,Minor (Cosmetic),Single Family,2,1290900.0
90210,2529,4,5.0,1953,0.08,Full Gut Rehab,Single Family,1,2369500.0
78701,866,1,1.5,1957,0.043,None,Condo,2,318200.0
85001,2770,4,5.0,2004,0.83,Minor (Cosmetic),Single Family,3,1010800.0
10001,2813,3,4.5,1970,0.08,None,Single Family,2,2228400.0
80202,1128,1,2.0,1959,0.047,Minor (Cosmetic),Condo,1,409600.0
94102,2634,4,5.5,2009,0.32,None,Single Family,3,2263300.0
33101,2369,4,5.0,1984,0.08,None,Single Family,1,1017000.0
78701,1448,3,3.0,1940,0.032,None,Condo,0,552900.0
98101,3052,5,6.0,1958,0.56,Minor (Cosmetic),Single Family,2,1530300.0
78701,755,2,1.5,1978,0.031,None,Condo,1,293500.0
30301,1742,3,4.0,1966,0.43,None,Single Family,4,577000.0
10001,1010,2,2.0,1995,0.045,None,Condo,0,808800.0
90210,1357,2,2.5,1955,0.045,None,Condo,1,916300.0
30301,2611,4,5.0,2017,0.08,Minor (Cosmetic),Single Family,3,991900.0
78701,874,1,1.5,1946,0.027,Major (Structural/Systems),Condo,1,362900.0
30301,1917,2,3.0,1959,0.049,Major (Structural/Systems),Townhouse,2,555200.0
33101,2251,4,4.5,1970,0.32,None,Single Family,2,1051900.0
75001,3160,4,6.0,2023,1.08,Full Gut Rehab,Single Family,1,1218900.0
80202,1216,1,1.5,2018,0.017,None,Condo,2,511000.0
60601,989,2,2.0,1964,0.026,None,Condo,0,314300.0
30301,2673,4,5.0,1940,1.08,Full Gut Rehab,Single Family,3,993000.0
78701,2391,4,4.5,1956,0.1,Minor (Cosmetic),Townhouse,3,1036200.0
10001,2072,3,4.5,2019,0.08,None,Single Family,2,1980000.0
02108,1240,2,2.0,2024,0.027,Major (Structural/Systems),Condo,2,1027200.0
10001,1075,2,3.0,1966,0.05,Major (Structural/Systems),Condo,0,881400.0
10001,3541,6,6.0,1963,0.21,Major (Structural/Systems),Multi-Family,3,3611400.0
02108,2009,3,4.5,2001,0.35,None,Single Family,2,1411400.0
78701,1138,1,2.5,1991,0.038,Major (Structural/Systems),Condo,0,527700.0
78701,3330,5,6.0,1990,0.38,Minor (Cosmetic),Single Family,2,1524100.0
80202,1797,4,4.0,2005,0.26,Major (Structural/Systems),Single Family,3,988000.0
33101,1502,2,2.5,1996,0.08,None,Single Family,2,779600.0
94102,647,2,2.0,1994,0.038,None,Condo,1,441800.0
94102,1622,2,2.5,1992,0.95,Minor (Cosmetic),Single Family,2,1397400.0
10001,2946,5,6.0,1958,0.99,Minor (Cosmetic),Single Family,2,2538800.0
78701,607,1,1.0,1952,0.034,Minor (Cosmetic),Condo,1,238800.0
10001,995,2,2.0,1968,0.03,Minor (Cosmetic),Condo,1,760600.0
02108,1316,2,2.5,1945,0.023,Minor (Cosmetic),Condo,1,791600.0
98101,1987,4,5.0,2012,0.048,Minor (Cosmetic),Townhouse,2,1263700.0
75001,2210,4,5.0,1940,0.75,Minor (Cosmetic),Single Family,1,715400.0
90210,3352,6,6.0,1963,0.08,None,Multi-Family,3,2711400.0
33101,1848,2,3.0,2013,0.063,Minor (Cosmetic),Townhouse,2,1002200.0
33101,2331,4,5.0,1945,0.47,Major (Structural/Systems),Single Family,1,1257800.0
75001,2341,4,4.5,1987,0.43,Major (Structural/Systems),Single Family,1,700200.0
85001,4176,6,6.0,1959,0.4,Minor (Cosmetic),Single Family,1,1229700.0
90210,3106,5,6.0,2015,0.47,Full Gut Rehab,Single Family,0,3555200.0
94102,1968,2,3.5,2006,0.032,None,Condo,1,1327300.0
30301,926,1,1.5,1994,0.016,None,Condo,2,271300.0
80202,1070,1,1.5,1957,0.05,Minor (Cosmetic),Condo,0,376400.0
78701,1500,3,4.0,1960,0.78,Minor (Cosmetic),Single Family,4,760700.0
33101,1892,3,4.0,2003,0.2,Minor (Cosmetic),Single Family,1,1083500.0
33101,2655,5,6.0,1976,0.082,Minor (Cosmetic),Townhouse,2,1317200.0
85001,2108,4,5.0,1958,0.18,Minor (Cosmetic),Single Family,2,689300.0
85001,4735,7,6.0,1995,0.36,None,Multi-Family,2,1573500.0
60601,1567,2,3.0,2001,0.46,None,Single Family,2,662800.0
02108,2357,3,4.0,1957,0.09,Full Gut Rehab,Multi-Family,2,1944600.0
30301,2244,4,5.0,1969,0.2,Major (Structural/Systems),Single Family,2,721000.0
90210,2452,4,5.0,1995,0.36,Major (Structural/Systems),Single Family,1,2321100.0
10001,3192,4,6.0,1981,1.55,None,Single Family,1,2545200.0
30301,1257,1,2.5,1992,0.023,Minor (Cosmetic),Condo,0,358700.0
02108,1612,2,3.0,2013,0.1,Full Gut Rehab,Townhouse,2,1385400.0
10001,2400,5,6.0,1989,0.15,Full Gut Rehab,Single Family,2,2577900.0
94102,1656,4,4.5,1943,0.047,Full Gut Rehab,Townhouse,4,1450900.0
30301,779,1,1.5,2002,0.041,Minor (Cosmetic),Condo,0,225900.0
78701,789,1,2.0,2006,0.036,None,Condo,1,344200.0
33101,2262,3,4.0,1995,0.081,Minor (Cosmetic),Townhouse,1,1044100.0
10001,1128,1,2.0,1988,0.39,Minor (Cosmetic),Single Family,2,1087300.0
60601,3713,6,6.0,1961,0.74,Major (Structural/Systems),Single Family,3,1536100.0
60601,1645,3,4.0,1951,0.101,None,Townhouse,1,572700.0
02108,1452,2,3.0,1988,0.109,None,Townhouse,3,939700.0
80202,3791,6,6.0,1952,0.12,None,Multi-Family,1,1647000.0
10001,2468,4,5.5,1972,0.104,None,Townhouse,1,1875900.0
85001,3338,5,6.0,1986,0.16,Minor (Cosmetic),Single Family,1,1052100.0
33101,2025,4,5.0,2003,0.042,Major (Structural/Systems),Townhouse,1,1129300.0
85001,3315,4,6.0,2022,0.08,None,Single Family,1,1230800.0
02108,1826,3,4.0,1956,0.46,None,Multi-Family,2,1240300.0
75001,2108,4,5.0,1973,0.11,None,Single Family,2,629600.0
60601,781,1,2.0,2007,0.022,Minor (Cosmetic),Condo,0,318100.0
60601,3418,6,6.0,1978,0.34,Minor (Cosmetic),Single Family,1,1256900.0
85001,2212,3,4.0,2011,0.47,Minor (Cosmetic),Single Family,1,835200.0
98101,3134,5,6.0,1940,0.29,None,Single Family,3,1494000.0
94102,2041,2,3.5,1944,0.097,Major (Structural/Systems),Townhouse,1,1500400.0
33101,1411,2,2.5,1979,0.115,Minor (Cosmetic),Townhouse,1,654300.0
60601,2059,3,4.0,2002,0.67,Minor (Cosmetic),Single Family,0,848500.0
78701,1552,1,2.5,1940,0.02,Full Gut Rehab,Condo,0,711700.0
10001,828,1,2.0,1974,0.046,Major (Structural/Systems),Condo,1,719100.0
78701,2593,4,5.0,1956,0.12,Major (Structural/Systems),Single Family,1,1315200.0
02108,1913,3,4.0,1999,0.38,None,Single Family,1,1303100.0
80202,1658,2,3.0,1940,0.11,Major (Structural/Systems),Townhouse,3,746500.0
33101,1083,1,2.0,1943,0.035,Minor (Cosmetic),Condo,2,482300.0
60601,1912,3,4.0,1948,0.57,None,Single Family,3,741800.0
10001,763,1,2.0,1984,0.047,Full Gut Rehab,Condo,2,704500.0
98101,2714,3,4.5,1971,1.19,None,Single Family,2,1367500.0
02108,1866,3,4.5,2008,0.19,Full Gut Rehab,Single Family,4,1736800.0
10001,1892,2,3.0,1953,1.73,None,Single Family,2,1588700.0
75001,1795,2,2.5,1990,0.11,Minor (Cosmetic),Single Family,2,527600.0
30301,1072,2,3.0,1962,0.028,None,Condo,2,316000.0
98101,2224,4,5.0,1985,0.101,Major (Structural/Systems),Townhouse,2,1198300.0
60601,3629,6,6.0,1966,1.23,None,Single Family,4,1312900.0
30301,1955,4,4.5,1975,0.08,Minor (Cosmetic),Single Family,1,571800.0
75001,1852,3,4.0,2007,0.048,Minor (Cosmetic),Condo,1,563800.0
10001,1347,1,1.5,1971,0.12,Major (Structural/Systems),Townhouse,2,1126800.0
85001,1479,3,3.0,2012,0.046,Major (Structural/Systems),Condo,1,568100.0
98101,1475,2,2.5,2005,0.049,None,Townhouse,3,804400.0
98101,1846,2,2.5,1981,0.64,None,Single Family,3,976700.0
90210,839,2,2.5,1989,0.036,None,Condo,1,615400.0
80202,2460,3,3.5,1996,0.08,Full Gut Rehab,Single Family,1,1307900.0
94102,2934,4,5.5,2003,1.46,Major (Structural/Systems),Single Family,1,2749800.0
10001,3002,5,6.0,1985,0.08,Minor (Cosmetic),Single Family,2,2685800.0
02108,1792,3,3.5,2013,0.18,Minor (Cosmetic),Single Family,2,1412900.0
75001,1354,2,3.0,1993,0.042,Major (Structural/Systems),Townhouse,1,454400.0
30301,1387,2,2.0,1992,0.065,None,Townhouse,1,394700.0
02108,2416,4,5.0,1968,0.29,None,Single Family,2,1512800.0
30301,2342,4,5.0,1976,0.94,Minor (Cosmetic),Single Family,3,750700.0
30301,1787,3,4.0,2008,1.62,Minor (Cosmetic),Single Family,1,714300.0
60601,2702,4,5.5,1953,0.19,Minor (Cosmetic),Single Family,2,1072700.0
94102,1891,3,4.5,1966,0.027,Minor (Cosmetic),Condo,1,1265000.0
60601,1572,3,3.5,1944,0.053,None,Townhouse,2,542000.0
85001,2853,5,5.5,1983,0.24,None,Multi-Family,4,920100.0
60601,1295,2,3.0,1954,0.048,None,Condo,0,393300.0
98101,1548,2,2.5,2006,0.053,Minor (Cosmetic),Townhouse,3,872100.0
78701,3001,5,6.0,1940,0.11,Major (Structural/Systems),Single Family,2,1397300.0
33101,1961,3,3.5,1963,0.78,Minor (Cosmetic),Single Family,2,912000.0
78701,3874,6,6.0,2015,0.34,Major (Structural/Systems),Single Family,1,2221600.0
94102,1220,1,1.5,2001,0.023,None,Condo,2,827400.0
02108,882,2,2.5,2017,0.043,None,Condo,0,628800.0
75001,2058,4,4.5,1996,0.08,None,Single Family,2,655800.0
30301,2114,3,4.0,1959,0.68,Minor (Cosmetic),Single Family,3,689500.0
94102,3529,5,6.0,1997,0.26,None,Single Family,2,2720600.0
85001,2184,3,3.5,1953,0.5,Major (Structural/Systems),Multi-Family,3,793100.0
98101,1999,3,4.0,2017,0.26,None,Single Family,3,1175900.0
33101,903,2,2.5,1992,0.02,Minor (Cosmetic),Condo,0,403300.0
60601,1094,2,2.5,1974,0.036,Minor (Cosmetic),Condo,1,380900.0
75001,2296,3,4.0,2001,0.08,None,Single Family,2,682000.0
85001,578,1,1.5,2000,0.019,Minor (Cosmetic),Condo,2,215000.0
02108,1620,3,3.5,1958,0.084,None,Townhouse,1,955800.0
30301,2425,4,5.5,2023,0.17,None,Single Family,2,913200.0
94102,1517,3,4.0,1981,0.1,Major (Structural/Systems),Townhouse,1,1245100.0
60601,3015,4,5.5,1983,0.31,Minor (Cosmetic),Single Family,2,1144600.0
60601,3189,6,6.0,1940,0.17,None,Single Family,1,1122900.0
33101,1764,2,2.5,2007,0.066,Minor (Cosmetic),Townhouse,1,885700.0
02108,1903,3,3.5,2020,0.113,None,Townhouse,2,1314800.0
30301,1600,2,2.5,2017,0.08,Major (Structural/Systems),Multi-Family,3,680600.0
10001,952,1,1.5,1985,0.038,Major (Structural/Systems),Condo,1,810100.0
90210,2252,4,5.0,1990,0.071,Minor (Cosmetic),Townhouse,2,1696600.0
60601,1609,3,4.0,1971,0.07,None,Townhouse,2,563800.0
80202,1468,2,3.0,2023,0.092,Full Gut Rehab,Townhouse,2,925800.0
75001,1897,3,4.0,2019,0.044,None,Condo,1,574000.0
98101,3864,6,6.0,1958,0.45,Minor (Cosmetic),Single Family,2,2022000.0
10001,2010,3,4.0,1978,0.094,Minor (Cosmetic),Townhouse,2,1709800.0
75001,3354,6,6.0,1953,0.24,Minor (Cosmetic),Single Family,1,944800.0
78701,830,1,2.0,1968,0.22,Major (Structural/Systems),Single Family,3,445100.0
10001,1909,2,3.0,1981,0.22,Major (Structural/Systems),Single Family,2,1791100.0
60601,935,2,1.5,1953,0.016,None,Condo,1,337300.0
78701,2323,3,4.5,1950,0.29,Minor (Cosmetic),Single Family,2,1025600.0
33101,2132,3,4.5,2014,0.13,None,Single Family,1,1137400.0
80202,900,2,2.0,1986,0.089,Major (Structural/Systems),Townhouse,2,450800.0
75001,2789,4,5.0,1963,0.27,Major (Structural/Systems),Single Family,2,874700.0
75001,1290,2,2.5,1961,0.048,None,Condo,2,338900.0
60601,3701,5,6.0,1988,0.2,Major (Structural/Systems),Single Family,2,1514600.0
94102,1908,3,3.0,1994,0.38,Minor (Cosmetic),Single Family,2,1514100.0
75001,1847,2,3.5,1994,0.31,Minor (Cosmetic),Single Family,2,588700.0
33101,550,1,1.0,2024,0.037,Minor (Cosmetic),Condo,1,291200.0
60601,2279,3,4.5,2009,0.11,None,Single Family,0,945300.0
98101,2205,4,5.0,2017,0.061,Minor (Cosmetic),Townhouse,3,1404600.0
30301,2041,4,5.0,2012,0.29,None,Single Family,2,677400.0
60601,4107,7,6.0,1974,0.66,Minor (Cosmetic),Single Family,4,1410700.0
94102,2307,4,4.5,1983,0.45,Minor (Cosmetic),Single Family,2,1724900.0
98101,2610,6,6.0,1975,0.23,None,Single Family,2,1242900.0
30301,622,1,1.0,1954,0.02,None,Condo,1,179100.0
90210,1929,4,4.0,1984,0.101,Minor (Cosmetic),Townhouse,1,1606400.0
85001,550,1,1.0,2001,0.047,Minor (Cosmetic),Condo,2,192000.0
33101,3020,5,6.0,1989,0.08,Major (Structural/Systems),Single Family,2,1575900.0
33101,3043,6,6.0,2017,0.56,None,Single Family,2,1663300.0
02108,3519,5,6.0,1952,0.08,Minor (Cosmetic),Single Family,1,2212100.0
10001,2384,3,4.0,1970,0.81,None,Multi-Family,4,2139800.0
85001,2620,4,5.5,1944,0.36,None,Single Family,3,779000.0
02108,1297,2,2.5,2022,0.017,Minor (Cosmetic),Condo,1,1007000.0
75001,2831,5,6.0,1947,0.08,Minor (Cosmetic),Single Family,1,828300.0
98101,1851,4,4.5,1952,0.42,None,Single Family,0,980000.0
94102,800,1,1.5,1980,0.33,Minor (Cosmetic),Single Family,1,601600.0
90210,2760,4,5.0,1956,0.33,Minor (Cosmetic),Single Family,2,2281300.0
78701,1046,2,2.0,1971,0.029,Minor (Cosmetic),Condo,2,441700.0
85001,2074,3,4.5,1944,0.33,Minor (Cosmetic),Single Family,2,636300.0
98101,1367,1,2.0,1948,0.045,None,Condo,1,616400.0
98101,2466,4,5.5,1973,1.06,Minor (Cosmetic),Single Family,2,1305800.0
98101,2144,4,5.0,1940,0.15,Minor (Cosmetic),Multi-Family,0,1200900.0
78701,1051,2,2.5,1979,0.23,None,Single Family,1,446800.0
80202,1291,1,2.0,2018,0.062,Major (Structural/Systems),Townhouse,2,726300.0
30301,2876,4,5.0,1993,0.073,Minor (Cosmetic),Townhouse,1,847000.0
78701,3778,6,6.0,1971,0.56,None,Multi-Family,2,1693200.0
78701,2641,3,4.0,1989,0.19,None,Single Family,1,1146200.0
94102,1036,1,1.5,1998,0.026,None,Condo,2,703600.0
85001,2314,3,4.0,2020,0.66,Major (Structural/Systems),Single Family,2,982500.0
10001,3375,6,6.0,2001,0.08,None,Single Family,2,2993100.0
90210,2132,3,4.0,1950,0.67,Minor (Cosmetic),Single Family,2,1726800.0
33101,2932,5,6.0,1962,0.08,Minor (Cosmetic),Single Family,2,1392500.0
33101,2921,5,6.0,1965,0.11,Minor (Cosmetic),Multi-Family,2,1554300.0
80202,3955,6,6.0,2002,0.16,Major (Structural/Systems),Single Family,2,1995800.0
80202,1359,2,2.5,1985,0.045,Major (Structural/Systems),Condo,2,596400.0
75001,1535,2,3.0,2008,0.046,Minor (Cosmetic),Condo,1,489800.0
10001,2061,3,4.0,1945,0.38,None,Single Family,1,1567900.0
75001,1470,2,2.5,1990,0.028,None,Condo,1,385400.0
33101,2265,3,4.0,1982,0.25,Full Gut Rehab,Single Family,0,1308300.0
80202,1138,2,2.5,1981,0.033,None,Condo,1,425500.0
80202,3726,6,6.0,1952,1.08,Major (Structural/Systems),Single Family,1,1626400.0
02108,1330,2,2.5,1964,0.118,Minor (Cosmetic),Townhouse,2,816000.0
60601,1171,1,1.5,1941,0.044,None,Condo,1,353900.0
78701,3550,5,6.0,1953,0.31,Major (Structural/Systems),Multi-Family,0,1871400.0
98101,2890,4,5.0,1956,0.17,Full Gut Rehab,Single Family,1,1645800.0
33101,2161,3,4.0,1979,0.09,Minor (Cosmetic),Single Family,2,1034600.0
85001,4064,6,6.0,1978,0.27,None,Single Family,2,1093100.0
80202,1528,2,3.0,1964,0.15,Minor (Cosmetic),Single Family,2,645600.0
30301,3594,6,6.0,1987,0.08,Minor (Cosmetic),Single Family,4,1178000.0
98101,1525,2,3.0,1988,0.029,Minor (Cosmetic),Condo,1,772600.0
90210,3925,7,6.0,1972,0.3,Major (Structural/Systems),Single Family,2,3398000.0
10001,1308,2,3.0,1966,0.33,None,Single Family,2,1119900.0
80202,1409,2,2.5,1984,0.046,None,Townhouse,2,556200.0
10001,1622,2,3.5,1970,0.029,None,Condo,2,1192400.0
90210,1092,2,2.0,2002,0.37,None,Single Family,2,956300.0
30301,1295,2,3.0,1977,1.14,Minor (Cosmetic),Single Family,2,466900.0
75001,2133,3,4.5,2018,0.08,None,Single Family,1,701400.0
60601,2643,3,4.0,1979,0.39,Minor (Cosmetic),Single Family,3,1029200.0
10001,1657,3,4.0,1997,0.012,None,Condo,1,1269000.0
94102,2361,4,5.0,2004,0.08,None,Single Family,2,1864100.0
90210,1526,3,4.0,1950,0.054,Full Gut Rehab,Townhouse,3,1395800.0
60601,1208,2,2.5,1954,0.023,Major (Structural/Systems),Condo,2,488400.0
30301,1264,2,2.5,1996,0.043,Full Gut Rehab,Condo,0,416500.0
80202,2830,5,6.0,1964,0.68,Minor (Cosmetic),Single Family,1,1206900.0
94102,2366,4,4.5,1978,0.16,Minor (Cosmetic),Single Family,3,1746000.0
78701,550,1,1.0,1972,0.027,Major (Structural/Systems),Condo,1,254500.0
98101,1811,2,3.0,1968,0.09,None,Single Family,3,894800.0
98101,3565,5,6.0,1997,0.2,Full Gut Rehab,Single Family,2,2337100.0
33101,2640,4,5.0,2011,0.11,Minor (Cosmetic),Single Family,2,1445100.0
60601,2258,3,4.0,1950,0.08,Minor (Cosmetic),Single Family,2,796900.0
94102,1491,1,2.0,1952,0.016,Major (Structural/Systems),Condo,0,997300.0
90210,1652,3,4.0,2008,0.52,Minor (Cosmetic),Single Family,4,1602600.0
85001,2330,3,3.5,2022,0.08,Major (Structural/Systems),Single Family,2,926500.0
10001,2603,4,5.5,1960,0.34,None,Single Family,2,2237500.0
90210,945,2,2.0,1942,0.017,Minor (Cosmetic),Condo,0,686000.0
10001,1845,2,3.0,1965,0.107,Minor (Cosmetic),Townhouse,2,1428900.0
90210,1715,2,2.0,1972,0.062,Minor (Cosmetic),Townhouse,3,1302300.0
98101,1450,2,3.0,1961,0.08,None,Single Family,3,705000.0
75001,2636,4,5.0,2001,0.21,Major (Structural/Systems),Single Family,3,964300.0
98101,1503,2,2.5,1944,2.98,Minor (Cosmetic),Single Family,1,909200.0
80202,1157,3,3.5,1958,0.043,Minor (Cosmetic),Condo,0,490900.0
33101,1580,3,3.5,1948,0.033,Minor (Cosmetic),Condo,1,697400.0
78701,1001,2,2.5,1997,0.018,Minor (Cosmetic),Condo,2,480700.0
30301,1621,3,3.5,1963,0.08,Minor (Cosmetic),Single Family,2,518100.0
30301,1055,1,1.5,1978,0.044,Full Gut Rehab,Condo,0,280700.0
90210,1876,2,3.0,2015,0.54,None,Single Family,2,1748200.0
75001,1308,1,2.0,2000,0.028,None,Condo,1,329500.0
80202,2389,4,5.0,1987,0.19,Minor (Cosmetic),Single Family,1,1048100.0
85001,1698,3,3.5,1989,0.04,Major (Structural/Systems),Condo,0,550700.0
80202,3372,5,6.0,2001,0.27,Minor (Cosmetic),Single Family,1,1645700.0
85001,2385,3,4.0,1992,0.18,Full Gut Rehab,Single Family,1,920000.0
60601,1350,3,4.0,1960,0.02,None,Condo,0,439300.0
10001,2205,3,4.5,1977,0.08,Minor (Cosmetic),Single Family,1,1765300.0
78701,1111,2,2.5,1998,0.034,Major (Structural/Systems),Condo,1,552000.0
85001,973,1,1.0,1982,0.043,Major (Structural/Systems),Condo,0,276900.0
30301,1368,2,2.5,1956,0.04,Minor (Cosmetic),Condo,1,388000.0
94102,3574,6,6.0,2008,0.42,None,Single Family,1,2946900.0
60601,3098,5,6.0,1983,0.93,Full Gut Rehab,Single Family,2,1357100.0
98101,1422,2,2.5,2023,0.026,Major (Structural/Systems),Condo,2,951200.0
90210,3192,5,6.0,2002,0.08,Minor (Cosmetic),Single Family,3,2740400.0
98101,1292,2,2.5,1962,0.014,Minor (Cosmetic),Condo,1,646400.0
10001,1645,3,3.5,2007,1.09,None,Single Family,2,1695100.0
75001,3775,6,6.0,1965,0.31,Minor (Cosmetic),Single Family,1,1032900.0
98101,3853,6,6.0,1987,0.58,Minor (Cosmetic),Single Family,3,2037000.0
75001,2324,3,4.0,1986,0.27,None,Single Family,0,589800.0
90210,2221,3,4.0,1985,0.18,Major (Structural/Systems),Single Family,1,1962600.0
02108,1314,2,2.5,1968,0.018,Minor (Cosmetic),Condo,1,739800.0
10001,1292,2,3.0,1973,0.044,Minor (Cosmetic),Condo,0,1014200.0
10001,2348,3,4.5,1949,0.08,None,Single Family,2,1863800.0
90210,2199,3,4.0,1959,0.81,None,Multi-Family,0,1761200.0
10001,2729,3,4.5,1973,0.08,None,Single Family,1,2179700.0
78701,2048,3,4.5,1952,0.041,Minor (Cosmetic),Townhouse,2,819200.0
02108,1354,2,2.5,1949,0.014,None,Condo,1,754500.0
80202,1222,2,2.5,1984,0.045,None,Condo,0,445700.0
98101,2296,5,5.5,2017,0.08,Full Gut Rehab,Single Family,1,1748100.0
30301,3245,5,6.0,2021,0.15,None,Single Family,1,1144500.0
30301,2549,4,5.0,2023,0.1,Full Gut Rehab,Single Family,3,1182800.0
78701,937,1,2.0,1947,0.011,None,Condo,1,360900.0
98101,2364,3,4.0,1944,0.27,Major (Structural/Systems),Single Family,2,1365200.0
94102,550,1,1.0,2024,0.05,Minor (Cosmetic),Condo,0,457300.0
85001,2363,3,4.0,1959,0.67,None,Single Family,2,690200.0
90210,2109,3,4.0,1983,0.054,Major (Structural/Systems),Townhouse,1,1758000.0
02108,2754,3,4.5,2019,0.75,None,Single Family,2,2054800.0
02108,3640,5,6.0,1997,0.21,None,Single Family,2,2364100.0
98101,2302,4,5.0,1959,0.11,Minor (Cosmetic),Single Family,3,1305300.0
10001,2865,4,5.0,2010,0.36,None,Single Family,3,2856300.0
75001,3094,5,6.0,2013,0.09,None,Single Family,1,928500.0
94102,1919,3,3.5,1979,0.045,None,Condo,2,1242000.0
33101,2608,5,6.0,1955,0.34,Major (Structural/Systems),Single Family,0,1387600.0
94102,1716,3,4.0,1943,0.08,Minor (Cosmetic),Single Family,2,1283300.0
90210,2181,4,5.5,1949,0.086,None,Townhouse,1,1622200.0
30301,3899,6,6.0,1990,0.25,None,Single Family,2,1201300.0
10001,1654,2,3.0,1987,0.078,None,Townhouse,2,1343900.0
75001,3872,6,6.0,2015,0.16,None,Multi-Family,1,1272300.0
78701,3421,6,6.0,1959,0.22,Minor (Cosmetic),Single Family,1,1456100.0
90210,3262,6,6.0,1971,0.31,Major (Structural/Systems),Single Family,1,2749200.0
85001,2594,4,4.5,2005,0.46,None,Single Family,3,903100.0
10001,855,1,1.5,1999,0.047,Minor (Cosmetic),Condo,1,770300.0
30301,1071,2,2.5,1950,0.012,Minor (Cosmetic),Condo,0,285800.0
10001,1260,2,2.5,1959,0.033,None,Condo,2,959300.0
30301,1417,1,2.5,1962,0.04,None,Condo,0,359400.0
90210,2750,4,5.0,2016,0.08,None,Single Family,2,2352200.0
78701,1629,3,3.5,1974,0.113,Major (Structural/Systems),Townhouse,2,760600.0
60601,1294,1,2.0,1956,0.02,Minor (Cosmetic),Condo,0,388300.0
85001,1401,2,2.0,1949,0.043,None,Condo,0,357500.0
30301,1970,3,4.0,1977,0.093,Major (Structural/Systems),Townhouse,2,613000.0
75001,807,1,1.5,2017,0.032,Full Gut Rehab,Condo,2,301800.0
30301,2363,3,4.5,2022,0.71,None,Single Family,2,893200.0
10001,3210,5,6.0,1971,1.22,Minor (Cosmetic),Single Family,2,2688400.0
02108,1462,3,3.5,1993,2.05,None,Single Family,3,1125300.0
02108,930,1,1.5,1996,0.4,None,Single Family,2,645100.0
98101,4406,7,6.0,1964,0.14,Major (Structural/Systems),Multi-Family,1,2594200.0
98101,2883,4,5.0,1953,0.73,Minor (Cosmetic),Single Family,4,1546400.0
78701,1312,3,3.5,1984,0.036,None,Condo,1,533700.0
94102,1692,2,3.0,1983,0.14,None,Single Family,2,1219700.0
60601,3053,4,5.5,1977,0.94,Major (Structural/Systems),Single Family,2,1285800.0
10001,1923,3,4.0,1975,0.1,Minor (Cosmetic),Townhouse,2,1592200.0
02108,1087,1,2.0,1978,0.076,None,Townhouse,0,639900.0
78701,3568,5,6.0,1978,0.21,None,Single Family,2,1482500.0
75001,2619,4,5.5,1952,1.93,Minor (Cosmetic),Single Family,2,804800.0
60601,2202,3,4.5,2005,0.16,Minor (Cosmetic),Single Family,2,921300.0
33101,2216,5,5.5,1973,0.08,None,Single Family,2,1107400.0
94102,988,1,1.5,1954,0.27,None,Single Family,1,698800.0
78701,2945,5,6.0,1997,0.76,Major (Structural/Systems),Single Family,2,1593900.0
94102,3409,4,6.0,1998,0.31,None,Multi-Family,4,2841400.0
98101,1032,1,2.0,2005,0.042,None,Condo,1,534700.0
80202,2375,3,4.5,1991,0.044,Minor (Cosmetic),Townhouse,2,1094600.0
90210,615,1,1.0,2008,0.037,None,Condo,0,466500.0
02108,2052,3,4.0,1944,0.08,Minor (Cosmetic),Single Family,2,1362400.0
85001,1417,3,3.5,1982,0.085,Minor (Cosmetic),Townhouse,3,501400.0
85001,2290,4,5.0,1947,0.24,None,Single Family,1,671100.0
98101,1830,3,3.5,2017,0.116,None,Townhouse,1,1031400.0
90210,2822,4,5.5,2002,0.08,None,Single Family,2,2247500.0
10001,2239,4,5.0,2007,0.08,Minor (Cosmetic),Single Family,2,2170000.0
98101,1405,3,3.5,1974,0.051,Major (Structural/Systems),Townhouse,3,843800.0
85001,1690,3,3.5,2010,0.017,Minor (Cosmetic),Condo,1,566800.0
94102,2885,5,6.0,1971,0.06,Minor (Cosmetic),Townhouse,3,2074300.0
60601,1864,3,4.0,1963,0.105,None,Townhouse,1,650900.0
94102,1932,3,4.0,1989,0.17,Major (Structural/Systems),Single Family,0,1604800.0
85001,3606,5,6.0,1998,0.64,Minor (Cosmetic),Single Family,2,1179200.0
98101,1414,2,3.0,2004,0.11,Minor (Cosmetic),Single Family,2,886700.0
75001,982,2,2.5,1977,0.044,None,Condo,0,231300.0
98101,856,2,2.5,1977,0.01,None,Condo,0,417100.0
33101,1630,2,2.5,1960,0.95,Major (Structural/Systems),Single Family,2,808500.0
10001,1001,1,2.0,1962,0.04,Minor (Cosmetic),Condo,2,750900.0
94102,797,1,1.5,1985,0.027,Minor (Cosmetic),Condo,1,537500.0
85001,2509,4,5.5,2008,0.3,None,Single Family,3,856200.0
30301,1812,2,3.0,1969,0.115,None,Townhouse,2,462600.0
30301,882,1,1.0,1979,0.033,Major (Structural/Systems),Condo,2,270600.0
33101,1633,3,3.5,2021,0.058,Major (Structural/Systems),Townhouse,4,1043600.0
75001,2326,4,5.0,2009,0.3,Major (Structural/Systems),Single Family,3,858000.0
90210,3107,5,6.0,2008,0.72,Minor (Cosmetic),Single Family,1,2879500.0
98101,2388,3,5.0,1981,1.53,Full Gut Rehab,Single Family,2,1466300.0
02108,3118,5,6.0,1957,0.31,Major (Structural/Systems),Single Family,2,2244200.0
33101,3668,6,6.0,1998,0.08,Major (Structural/Systems),Multi-Family,2,2164400.0
98101,2928,4,5.5,1952,0.52,Major (Structural/Systems),Single Family,3,1721100.0
94102,1585,3,4.0,2023,0.05,Minor (Cosmetic),Condo,2,1368500.0
33101,1660,2,3.5,1960,0.22,Minor (Cosmetic),Single Family,4,826700.0
75001,2145,4,5.5,2007,0.17,Minor (Cosmetic),Single Family,2,734200.0
98101,3822,6,6.0,2016,0.28,Major (Structural/Systems),Single Family,1,2706100.0
94102,1009,1,2.0,2021,0.017,Minor (Cosmetic),Condo,0,859600.0
10001,550,1,1.5,2016,0.049,None,Condo,0,514600.0
10001,2347,4,5.0,2016,0.64,None,Single Family,1,2322000.0
02108,1860,3,3.5,2000,0.049,None,Townhouse,1,1201400.0
33101,800,2,2.0,1977,1.02,Minor (Cosmetic),Single Family,2,453300.0
33101,3500,6,6.0,1979,1.0,None,Single Family,1,1544800.0
60601,1964,2,2.5,1966,0.13,Minor (Cosmetic),Single Family,3,686900.0
98101,2746,4,5.0,1997,0.34,Major (Structural/Systems),Single Family,2,1693700.0
75001,1698,2,2.5,2015,0.049,Full Gut Rehab,Townhouse,2,638300.0
10001,1533,2,3.0,2005,0.08,Minor (Cosmetic),Single Family,2,1510100.0
80202,1697,3,3.5,1982,0.24,Minor (Cosmetic),Single Family,1,718300.0
75001,1798,3,4.0,1959,0.08,Major (Structural/Systems),Single Family,3,611300.0
10001,1479,2,2.5,1974,0.045,Full Gut Rehab,Condo,0,1272500.0
94102,2389,4,5.5,1994,0.92,None,Single Family,2,1846700.0
30301,917,2,2.0,2013,0.013,None,Condo,0,310900.0
98101,1799,4,4.5,2011,0.08,Minor (Cosmetic),Single Family,4,1257600.0
60601,3397,5,6.0,1979,0.09,None,Single Family,3,1161200.0
90210,2458,2,3.5,1985,0.114,Major (Structural/Systems),Townhouse,1,2105000.0
60601,3388,5,6.0,2018,0.51,None,Single Family,4,1441500.0
02108,2021,4,5.0,1981,0.094,Minor (Cosmetic),Townhouse,2,1299200.0
90210,2717,4,5.5,1957,0.52,None,Single Family,2,2162200.0
33101,1252,2,2.5,1954,0.056,None,Townhouse,1,533200.0
10001,2315,4,4.5,2022,0.1,Minor (Cosmetic),Single Family,1,2559700.0
98101,860,1,1.5,2005,0.023,Minor (Cosmetic),Condo,2,485000.0
94102,1130,1,1.5,1952,0.33,None,Single Family,1,755300.0
94102,3292,5,6.0,1996,0.33,None,Single Family,3,2541400.0
02108,1978,4,4.5,1948,0.08,Full Gut Rehab,Single Family,2,1552100.0
94102,3396,5,6.0,2005,0.2,None,Single Family,0,2517500.0
30301,3161,5,6.0,1955,0.41,Minor (Cosmetic),Single Family,2,952000.0
90210,2917,5,6.0,1941,0.13,None,Single Family,2,2076600.0
80202,1314,3,3.0,1955,0.013,None,Condo,2,485000.0
94102,884,1,1.0,2011,0.018,Minor (Cosmetic),Condo,1,685200.0
02108,1750,2,3.0,1940,0.017,Minor (Cosmetic),Condo,1,1015900.0
30301,1115,2,3.0,2021,0.035,Major (Structural/Systems),Condo,1,449600.0
10001,2726,5,6.0,1965,0.08,None,Single Family,2,2067300.0
85001,2013,3,3.5,1983,0.76,Major (Structural/Systems),Single Family,4,712300.0
10001,1801,2,3.0,1944,0.08,Minor (Cosmetic),Single Family,1,1576200.0
60601,2014,3,4.0,1960,0.088,Minor (Cosmetic),Townhouse,2,706300.0
78701,2663,4,5.5,1974,0.93,None,Single Family,2,1090500.0
30301,1907,4,4.5,1993,0.08,Major (Structural/Systems),Single Family,0,713900.0
78701,596,1,1.5,1989,0.025,None,Condo,1,252400.0
78701,1547,2,2.5,1983,0.14,Major (Structural/Systems),Single Family,3,752200.0
10001,2338,4,5.0,2024,0.068,None,Townhouse,1,2229300.0
10001,1524,2,2.5,1943,0.088,Full Gut Rehab,Townhouse,2,1406700.0
30301,2245,4,5.0,1981,0.11,Minor (Cosmetic),Single Family,2,700400.0
98101,3587,5,6.0,1980,0.08,Full Gut Rehab,Single Family,2,2186700.0
98101,1658,3,4.0,1975,1.15,Minor (Cosmetic),Single Family,1,953800.0
60601,845,1,1.5,1963,0.04,None,Condo,0,241900.0
98101,1923,4,4.5,1944,0.08,None,Single Family,1,1020100.0
85001,1666,3,4.0,1996,0.028,None,Condo,2,519300.0
60601,1797,3,4.0,2006,0.013,Minor (Cosmetic),Condo,1,717600.0
33101,3063,5,6.0,1950,0.08,Major (Structural/Systems),Single Family,0,1584600.0
30301,3087,5,6.0,1984,0.08,None,Single Family,1,872700.0
90210,896,1,2.0,1961,0.04,None,Condo,0,605300.0
02108,3960,5,6.0,1950,0.21,Minor (Cosmetic),Single Family,1,2483300.0
80202,1920,4,4.5,1977,0.108,None,Townhouse,2,763200.0
10001,3139,5,6.0,1998,0.13,None,Single Family,2,2781000.0
60601,1063,1,1.0,1943,0.041,None,Condo,1,314100.0
30301,1679,2,2.5,2006,0.046,Full Gut Rehab,Townhouse,0,588800.0
80202,2548,3,4.0,1949,0.091,None,Townhouse,1,937300.0
98101,2904,5,5.5,1958,0.16,Major (Structural/Systems),Single Family,2,1668600.0
85001,3588,5,6.0,2021,0.11,None,Single Family,2,1276600.0
80202,1189,2,2.0,1967,0.043,None,Condo,0,440000.0
80202,1863,3,4.0,1956,0.08,Major (Structural/Systems),Single Family,2,880700.0
98101,2062,3,4.0,1963,1.05,None,Single Family,1,1043900.0
30301,1846,3,3.5,1940,0.103,Full Gut Rehab,Townhouse,1,620500.0
78701,2030,3,3.5,1944,0.15,Minor (Cosmetic),Single Family,2,961800.0
60601,1669,3,3.5,1971,1.66,Minor (Cosmetic),Single Family,1,666000.0
75001,3401,4,6.0,1992,0.08,Full Gut Rehab,Single Family,3,1240700.0
98101,909,1,2.0,2020,0.026,None,Condo,2,538000.0
80202,1148,2,1.5,1996,0.045,Major (Structural/Systems),Condo,1,520900.0
75001,2722,4,5.0,2024,2.01,Minor (Cosmetic),Single Family,4,1050700.0
98101,2058,4,5.0,1982,0.1,Major (Structural/Systems),Single Family,2,1199300.0
75001,3588,7,6.0,1978,0.48,Minor (Cosmetic),Single Family,4,996300.0
85001,709,1,1.5,1973,0.022,Minor (Cosmetic),Condo,2,228500.0
33101,2696,5,6.0,2017,0.51,None,Single Family,3,1577900.0
60601,1910,3,4.0,2019,0.05,None,Townhouse,1,782300.0
75001,2459,4,5.0,1944,0.14,None,Single Family,2,667900.0
75001,2162,3,4.5,1957,0.08,None,Multi-Family,2,619900.0
98101,3153,6,6.0,1943,0.24,Minor (Cosmetic),Single Family,1,1651000.0
90210,1360,2,3.0,2009,0.038,Major (Structural/Systems),Condo,2,1311100.0
98101,1993,3,4.0,1950,0.17,Minor (Cosmetic),Single Family,3,1110200.0
33101,3030,4,5.5,1986,0.33,Minor (Cosmetic),Single Family,3,1385800.0
80202,1968,3,4.0,2024,0.086,Minor (Cosmetic),Townhouse,2,999900.0
60601,1223,1,2.0,2020,0.064,Minor (Cosmetic),Townhouse,2,549900.0
98101,1859,4,4.5,1970,0.23,Major (Structural/Systems),Single Family,2,1061200.0
33101,1498,2,3.5,1952,0.013,Major (Structural/Systems),Condo,1,704700.0
10001,1208,2,2.5,1962,0.028,None,Condo,1,903800.0
60601,1546,2,3.5,2004,0.077,None,Townhouse,2,607600.0
78701,1856,2,3.0,2007,0.08,Minor (Cosmetic),Single Family,1,920600.0
10001,2113,3,4.0,1969,0.25,Major (Structural/Systems),Single Family,2,1888900.0
02108,2166,3,4.5,1970,0.47,Minor (Cosmetic),Single Family,2,1392000.0
60601,1865,3,4.0,1986,0.21,Minor (Cosmetic),Single Family,2,743000.0
80202,1016,2,2.5,1955,0.092,Minor (Cosmetic),Townhouse,2,459000.0
10001,3355,5,6.0,1982,0.27,None,Single Family,0,2609900.0
85001,3227,4,6.0,1942,0.54,Minor (Cosmetic),Single Family,2,1040200.0
60601,654,1,1.0,1951,0.031,Minor (Cosmetic),Condo,1,226600.0
85001,1147,1,1.5,2015,0.023,Major (Structural/Systems),Condo,2,420100.0
80202,1823,3,3.5,1950,0.62,Minor (Cosmetic),Single Family,1,829700.0
80202,2303,4,5.0,1955,0.08,Full Gut Rehab,Single Family,2,1067000.0
30301,1644,2,2.5,1968,0.063,None,Townhouse,3,423000.0
78701,2179,4,5.0,1960,0.31,Major (Structural/Systems),Single Family,0,1079300.0
60601,1801,4,5.0,1997,0.044,Major (Structural/Systems),Condo,1,758500.0
02108,945,2,2.0,1982,0.013,None,Condo,1,547100.0
80202,1893,3,4.0,1944,0.08,Minor (Cosmetic),Single Family,2,814500.0
94102,1456,2,2.5,1991,0.063,Minor (Cosmetic),Townhouse,2,1102000.0
10001,1465,2,2.5,1952,0.024,None,Condo,2,1089800.0
90210,1260,2,3.0,2020,0.65,Major (Structural/Systems),Single Family,0,1455400.0
90210,833,1,1.0,1951,0.048,Full Gut Rehab,Condo,0,691200.0
85001,1606,2,3.0,2020,0.011,None,Condo,0,526600.0
10001,1185,1,1.5,1940,0.011,Full Gut Rehab,Condo,1,1033000.0
33101,1886,3,3.5,1947,0.109,None,Townhouse,2,828100.0
75001,4099,6,6.0,1955,0.08,None,Single Family,0,974800.0
78701,2684,4,5.5,1954,0.15,None,Single Family,3,1105200.0
94102,1968,2,3.0,1958,0.11,None,Single Family,2,1360000.0
60601,2288,4,5.0,1964,0.12,None,Single Family,1,830900.0
33101,1648,2,3.0,1970,0.14,Major (Structural/Systems),Single Family,1,832200.0
60601,2365,4,5.0,1941,0.067,None,Townhouse,0,814200.0
60601,1301,3,2.5,1998,0.035,Minor (Cosmetic),Condo,1,471500.0
85001,1493,3,3.5,1970,0.035,Minor (Cosmetic),Condo,0,447000.0
78701,1524,2,3.0,2007,0.031,None,Condo,1,660800.0
98101,1613,2,2.5,2007,0.109,None,Townhouse,2,826400.0
33101,1791,3,3.5,1951,0.65,None,Single Family,4,840100.0
90210,1776,2,3.0,1956,0.057,None,Townhouse,2,1226700.0
30301,1845,2,3.0,2024,0.27,Minor (Cosmetic),Single Family,1,653000.0
94102,1874,3,4.0,1968,0.103,None,Townhouse,2,1201100.0
98101,1496,2,2.5,1975,0.045,None,Condo,0,660600.0
75001,2373,4,5.0,2019,0.1,None,Single Family,2,779000.0
33101,1152,2,2.5,2002,0.03,Minor (Cosmetic),Condo,1,529200.0
98101,2429,4,5.0,1954,0.26,Minor (Cosmetic),Single Family,2,1303300.0
80202,3102,4,6.0,1969,0.42,None,Single Family,2,1208100.0
30301,866,2,2.0,1990,0.023,Minor (Cosmetic),Condo,2,302400.0
98101,852,2,3.0,1950,0.12,Minor (Cosmetic),Single Family,3,504500.0
30301,2853,4,5.5,1996,0.43,None,Single Family,1,825800.0
94102,2244,3,4.5,1952,0.072,Minor (Cosmetic),Townhouse,2,1546500.0
75001,1256,1,2.5,1994,0.01,None,Condo,2,330100.0
75001,1511,2,3.0,2002,0.115,None,Townhouse,2,437700.0
10001,702,1,1.0,2023,0.016,Minor (Cosmetic),Condo,1,684200.0
80202,2870,3,4.5,1941,0.08,Major (Structural/Systems),Single Family,4,1297200.0
10001,2606,4,5.0,2011,0.6,Major (Structural/Systems),Single Family,0,2873200.0
60601,1055,2,2.5,2021,0.023,Minor (Cosmetic),Condo,0,441900.0
78701,4657,6,6.0,1995,0.14,None,Multi-Family,2,2217000.0
33101,1789,2,2.5,1946,0.34,Major (Structural/Systems),Single Family,2,910100.0
10001,2598,4,5.5,1982,0.045,None,Townhouse,1,1993400.0
10001,1814,3,3.5,1970,0.059,Full Gut Rehab,Townhouse,2,1790000.0
90210,550,1,1.0,2000,0.012,None,Condo,0,402800.0
98101,1719,3,4.0,1961,0.063,None,Townhouse,2,839700.0
78701,3219,6,6.0,2001,0.71,None,Single Family,1,1516900.0
30301,2907,4,5.5,1967,0.84,Minor (Cosmetic),Multi-Family,0,888200.0
33101,583,1,1.0,1964,0.022,None,Condo,1,227600.0
80202,2376,3,4.5,2004,0.08,Minor (Cosmetic),Single Family,1,1123000.0
85001,1414,3,4.0,1971,0.051,None,Townhouse,2,432100.0
60601,2868,4,5.0,1987,0.18,None,Single Family,2,1085200.0
85001,3080,5,6.0,2019,0.61,None,Single Family,2,1152200.0
78701,730,1,1.5,1963,0.044,None,Condo,1,275500.0
02108,1970,2,3.5,2020,0.08,Minor (Cosmetic),Single Family,1,1463500.0
90210,3067,4,5.5,1981,0.08,Major (Structural/Systems),Single Family,2,2499000.0
60601,1413,2,3.0,2009,0.056,Minor (Cosmetic),Townhouse,3,621000.0
94102,1688,2,2.5,2017,0.62,Major (Structural/Systems),Single Family,1,1654500.0
02108,1615,2,2.5,1975,0.21,None,Single Family,4,1033400.0
78701,2764,5,6.0,1970,0.16,None,Single Family,0,1094300.0
78701,2731,5,6.0,1966,1.1,Full Gut Rehab,Single Family,1,1475800.0
33101,860,1,1.5,2005,0.047,None,Condo,0,392600.0
10001,1101,2,1.5,2022,0.028,Minor (Cosmetic),Condo,1,1122300.0
98101,2487,3,4.0,1984,0.05,Minor (Cosmetic),Townhouse,1,1238600.0
33101,759,1,1.0,1983,0.017,Minor (Cosmetic),Condo,1,318600.0
85001,1036,2,2.5,1996,0.08,Major (Structural/Systems),Single Family,3,447900.0
60601,2004,3,4.0,1960,0.094,Major (Structural/Systems),Townhouse,2,775200.0
30301,1061,2,2.0,1994,0.032,Full Gut Rehab,Condo,2,383300.0
60601,851,1,2.5,1954,0.032,Minor (Cosmetic),Condo,0,293900.0
33101,1328,2,3.0,1973,0.014,Full Gut Rehab,Condo,2,721200.0
10001,2177,4,5.0,1942,0.103,Minor (Cosmetic),Townhouse,3,1869600.0
33101,550,1,2.0,1940,0.031,None,Condo,0,243100.0
33101,2010,4,5.0,1963,0.08,None,Single Family,2,963400.0
33101,1911,3,3.5,1982,0.04,None,Condo,0,772600.0
80202,2937,5,6.0,1966,1.39,Major (Structural/Systems),Single Family,1,1353500.0
78701,3007,4,6.0,1948,0.2,None,Single Family,2,1282200.0
98101,3379,5,6.0,1956,0.08,None,Single Family,2,1501900.0
78701,2512,4,5.0,1978,0.08,Full Gut Rehab,Single Family,2,1288600.0
10001,3097,5,5.5,1994,0.08,Major (Structural/Systems),Single Family,2,3108500.0
75001,3038,5,6.0,2007,0.51,Minor (Cosmetic),Single Family,1,1072900.0
10001,1288,1,2.0,1984,0.038,None,Condo,1,899600.0
94102,1655,3,3.5,1967,0.087,None,Townhouse,1,1128800.0
80202,3337,6,6.0,1995,0.51,None,Multi-Family,1,1567800.0
33101,2058,4,5.5,1968,2.54,None,Single Family,1,1057700.0
80202,1104,2,2.5,1968,0.026,Minor (Cosmetic),Condo,1,411100.0
02108,1274,1,2.5,2008,0.096,None,Townhouse,1,864300.0
78701,1907,3,4.0,1950,0.17,None,Single Family,1,800600.0
98101,1001,1,2.0,1941,0.024,None,Condo,0,431800.0
85001,769,2,2.0,2007,0.044,Minor (Cosmetic),Condo,1,295900.0
30301,2121,3,4.5,1949,0.3,Major (Structural/Systems),Single Family,1,725400.0
78701,1726,2,3.5,2011,0.05,Major (Structural/Systems),Townhouse,1,921100.0
98101,1981,3,4.5,1966,0.072,None,Townhouse,1,977200.0
60601,3211,6,6.0,1974,0.56,Minor (Cosmetic),Single Family,2,1266500.0
90210,2152,3,3.5,2020,0.98,None,Single Family,2,2003200.0
80202,3501,5,6.0,1989,0.33,Full Gut Rehab,Single Family,0,1694400.0
98101,3203,4,5.0,2013,0.18,Minor (Cosmetic),Single Family,2,1897600.0
30301,2878,4,5.5,1941,0.1,None,Single Family,2,846700.0
90210,2615,4,5.0,1956,0.19,Minor (Cosmetic),Single Family,2,2035200.0
78701,2739,5,6.0,2019,0.29,None,Single Family,2,1392800.0
60601,2334,3,4.5,1963,0.04,Minor (Cosmetic),Townhouse,2,853100.0
80202,3417,6,6.0,1996,0.11,Major (Structural/Systems),Single Family,2,1681300.0
94102,3501,5,6.0,2010,0.39,Minor (Cosmetic),Single Family,2,2909700.0
85001,2530,5,5.5,2022,0.39,Full Gut Rehab,Single Family,2,1230500.0
78701,2916,5,6.0,1955,0.37,None,Single Family,3,1290800.0
33101,3507,5,6.0,1975,1.05,None,Single Family,2,1545700.0
10001,2032,2,3.0,1984,0.29,Major (Structural/Systems),Single Family,2,1858500.0
80202,2261,3,4.0,1949,0.11,None,Single Family,3,902900.0
80202,1807,3,3.5,2002,0.105,None,Townhouse,2,811000.0
90210,3919,5,6.0,1982,0.17,Minor (Cosmetic),Multi-Family,3,3463900.0
94102,3186,5,6.0,1990,0.1,Major (Structural/Systems),Single Family,4,2601100.0
75001,2326,3,4.0,2018,0.28,Minor (Cosmetic),Single Family,2,752800.0
10001,571,1,1.5,1942,0.022,Full Gut Rehab,Condo,1,532300.0
10001,1186,2,2.5,2005,0.026,Minor (Cosmetic),Condo,2,1041100.0
78701,1811,2,3.0,1974,0.41,Major (Structural/Systems),Single Family,2,862500.0
60601,1129,3,3.0,2008,0.12,Full Gut Rehab,Townhouse,2,581300.0
90210,657,1,1.5,2018,0.036,Minor (Cosmetic),Condo,2,579000.0
78701,2744,4,5.0,1975,0.11,Minor (Cosmetic),Single Family,2,1265000.0
94102,1576,2,2.5,1988,0.014,None,Condo,1,1013100.0
90210,3231,5,6.0,1940,0.16,Minor (Cosmetic),Multi-Family,1,2820000.0
90210,1173,2,2.5,2015,0.011,Major (Structural/Systems),Condo,1,1047600.0
75001,3387,6,6.0,1981,0.22,Major (Structural/Systems),Single Family,3,1027200.0
94102,1341,2,2.0,1980,0.38,None,Single Family,2,917200.0
90210,2890,5,6.0,2012,0.25,None,Single Family,3,2701200.0
80202,2491,4,5.5,1996,0.7,Major (Structural/Systems),Single Family,2,1369500.0
75001,1298,2,2.0,1959,0.03,None,Condo,0,289800.0
02108,1582,2,2.5,1953,0.077,Major (Structural/Systems),Townhouse,2,1064500.0
80202,813,1,1.5,1991,0.022,Major (Structural/Systems),Condo,0,364900.0
90210,3312,5,6.0,1993,0.64,None,Multi-Family,1,2805900.0
80202,3736,6,6.0,1988,0.82,Minor (Cosmetic),Single Family,1,1584100.0
78701,2187,3,4.0,1969,0.118,Major (Structural/Systems),Townhouse,2,1016300.0
78701,922,1,1.0,1942,0.049,None,Condo,2,332700.0
98101,1494,2,3.0,1951,1.38,Minor (Cosmetic),Single Family,0,772000.0
02108,550,1,1.0,1970,0.038,Major (Structural/Systems),Condo,0,309800.0
94102,3487,6,6.0,1976,0.29,None,Single Family,4,2464500.0
98101,765,1,1.5,1966,0.017,Minor (Cosmetic),Condo,2,404300.0
94102,2255,4,5.0,1963,0.51,Minor (Cosmetic),Single Family,3,1701500.0
60601,3490,6,6.0,1980,0.46,None,Single Family,1,1250100.0
85001,550,1,1.5,2003,0.044,None,Condo,1,174000.0
85001,1622,3,4.0,1950,0.028,Minor (Cosmetic),Condo,0,478700.0
30301,2309,4,4.5,2012,0.78,None,Single Family,2,820600.0
33101,1638,4,4.5,1955,0.44,None,Single Family,2,778000.0
60601,2314,3,4.0,1953,0.08,None,Single Family,2,809800.0
02108,847,2,2.0,1986,0.018,Full Gut Rehab,Condo,1,661400.0
33101,1998,3,3.5,1969,0.105,Major (Structural/Systems),Townhouse,3,1032900.0
80202,1508,2,3.0,1963,0.074,None,Townhouse,0,546200.0
80202,1066,1,1.5,1952,0.1,None,Single Family,1,403800.0
60601,1022,2,2.5,1948,0.027,None,Condo,2,368500.0
02108,1482,2,3.5,1988,0.08,None,Single Family,2,978500.0
02108,1171,1,2.0,1965,0.046,Minor (Cosmetic),Condo,0,641300.0
30301,1609,2,3.5,1988,0.08,Major (Structural/Systems),Single Family,1,580900.0
90210,2133,3,4.0,1981,0.15,None,Single Family,2,1577100.0
80202,1163,2,2.5,1984,0.032,None,Condo,1,460000.0
30301,2340,4,4.5,2016,0.72,Minor (Cosmetic),Single Family,0,843100.0
33101,1187,2,2.5,1960,0.041,Minor (Cosmetic),Condo,2,578000.0
78701,2106,4,5.5,1968,0.042,None,Townhouse,2,887500.0
10001,1631,2,2.5,1963,0.61,Major (Structural/Systems),Single Family,3,1455500.0
98101,2451,4,5.5,2016,0.36,Minor (Cosmetic),Single Family,2,1552700.0
30301,900,1,2.0,1981,0.051,Minor (Cosmetic),Townhouse,0,257100.0
78701,1186,1,2.0,2023,0.035,None,Condo,2,597500.0
78701,2274,3,4.0,2010,0.6,None,Single Family,1,1116900.0
94102,1762,2,3.0,1980,0.32,None,Single Family,2,1161500.0
90210,1210,3,3.0,1987,0.05,Full Gut Rehab,Condo,1,1087300.0
85001,1510,1,2.5,2018,0.03,None,Condo,1,477200.0
98101,2142,4,4.5,2016,0.39,None,Single Family,0,1333800.0
33101,1791,3,4.0,1982,0.08,None,Single Family,2,867800.0
90210,1874,3,4.0,1947,0.105,None,Townhouse,1,1386900.0
60601,632,1,1.0,2024,0.035,Major (Structural/Systems),Condo,1,298200.0
85001,2671,3,4.0,2002,0.29,None,Multi-Family,4,898200.0
78701,1527,2,2.0,2002,0.038,Minor (Cosmetic),Condo,0,676300.0
94102,1827,3,3.5,1945,0.085,Minor (Cosmetic),Townhouse,3,1274200.0
78701,1090,2,2.5,2013,0.51,None,Single Family,2,624700.0
60601,550,1,1.5,1991,0.033,Major (Structural/Systems),Condo,0,224700.0
98101,2621,5,6.0,1960,0.26,None,Single Family,2,1319700.0
30301,1401,3,3.0,1953,0.015,None,Condo,1,414600.0
33101,1286,2,3.0,1997,0.22,None,Single Family,2,674600.0
30301,2837,4,5.5,1964,0.27,None,Single Family,0,819000.0
33101,2398,3,4.5,1995,0.09,Minor (Cosmetic),Townhouse,2,1142600.0
94102,2649,4,5.5,2022,0.076,Minor (Cosmetic),Townhouse,2,2264200.0
02108,2748,4,5.0,1948,0.08,Major (Structural/Systems),Single Family,2,1768800.0
10001,1277,2,2.5,1975,0.016,None,Condo,2,970000.0
30301,900,1,1.5,1996,0.45,Minor (Cosmetic),Single Family,0,290100.0
60601,4074,6,6.0,2018,0.38,None,Single Family,1,1820600.0
33101,1541,2,3.0,1944,0.061,Full Gut Rehab,Townhouse,4,862600.0
02108,1799,3,4.0,2020,0.21,Full Gut Rehab,Single Family,1,1743400.0
10001,1685,3,3.5,1946,0.065,None,Townhouse,1,1347100.0
60601,3633,5,6.0,1945,0.08,Minor (Cosmetic),Single Family,3,1313000.0
80202,1872,3,4.0,2018,0.023,Major (Structural/Systems),Condo,1,950200.0
10001,1143,2,2.5,1991,0.021,None,Condo,0,840800.0
33101,3248,5,6.0,2013,0.08,None,Single Family,1,1710700.0
90210,2532,4,5.5,2009,0.25,None,Single Family,1,2256800.0
98101,1332,2,3.0,1994,0.076,None,Townhouse,1,677000.0
80202,1616,2,2.5,2016,0.039,Major (Structural/Systems),Condo,1,844600.0
94102,2033,3,3.5,1953,0.34,Major (Structural/Systems),Single Family,0,1488800.0
85001,3651,6,6.0,1940,0.15,Full Gut Rehab,Single Family,1,1307000.0
10001,3473,4,6.0,2022,0.24,None,Single Family,3,3370100.0
94102,2960,5,6.0,2012,0.27,None,Single Family,3,2537400.0
10001,3871,6,6.0,1976,0.87,Minor (Cosmetic),Single Family,3,3312400.0
60601,4174,7,6.0,1988,1.4,Major (Structural/Systems),Single Family,2,1763700.0
80202,1721,2,3.0,1951,0.105,Minor (Cosmetic),Townhouse,2,708700.0
78701,816,1,1.0,1944,0.032,Full Gut Rehab,Condo,0,370000.0
90210,961,1,1.5,2009,0.114,Major (Structural/Systems),Townhouse,2,940700.0
90210,1885,3,4.0,1950,0.017,None,Condo,0,1270700.0
80202,1602,1,2.0,1992,0.096,None,Townhouse,4,676200.0
75001,1497,2,2.5,1994,0.028,None,Condo,1,411100.0
30301,840,2,3.0,2013,0.016,Minor (Cosmetic),Condo,2,336600.0
94102,4430,6,6.0,2018,0.08,Major (Structural/Systems),Multi-Family,1,4621200.0
78701,854,2,2.0,1989,0.029,Minor (Cosmetic),Condo,1,405700.0
30301,1606,2,3.0,1992,0.1,Major (Structural/Systems),Single Family,2,590800.0
98101,1027,1,1.5,1994,0.02,Minor (Cosmetic),Condo,0,522200.0
75001,1560,3,3.0,1942,0.066,None,Townhouse,2,432100.0
94102,1308,3,3.5,1955,0.039,Major (Structural/Systems),Condo,0,960400.0
85001,1082,2,2.0,1984,0.017,Minor (Cosmetic),Condo,1,303700.0
60601,1319,3,4.0,2020,0.039,None,Condo,1,584600.0
85001,2967,5,6.0,1975,0.53,Major (Structural/Systems),Multi-Family,2,980100.0
33101,2001,3,4.0,1958,0.32,Major (Structural/Systems),Single Family,3,1072700.0
98101,895,2,2.5,1943,0.02,Minor (Cosmetic),Condo,0,435300.0
85001,4033,5,6.0,1998,0.08,None,Single Family,1,1248000.0
02108,1178,2,2.5,1951,0.026,None,Condo,1,652200.0
98101,550,1,2.0,2002,0.044,Minor (Cosmetic),Condo,2,344100.0
60601,2109,4,5.0,1995,0.08,None,Single Family,3,832300.0
60601,2572,5,6.0,1966,0.48,None,Single Family,2,954500.0
30301,1745,3,3.5,2007,0.029,None,Condo,2,531000.0
10001,3271,5,6.0,1963,0.8,None,Single Family,1,2612800.0
75001,1808,3,4.0,2020,0.15,Major (Structural/Systems),Single Family,0,657400.0
60601,2888,4,5.0,1965,0.096,Major (Structural/Systems),Townhouse,3,1179300.0
90210,2476,4,5.5,2021,0.47,None,Single Family,3,2240600.0
98101,3434,6,6.0,1961,0.08,None,Single Family,1,1609700.0
02108,1280,3,3.0,2009,0.053,None,Townhouse,1,885200.0
02108,800,1,1.0,1958,0.08,Minor (Cosmetic),Single Family,3,530200.0
85001,1443,2,3.0,1973,0.42,Major (Structural/Systems),Single Family,1,514700.0
33101,550,1,1.0,1950,0.032,None,Condo,2,250300.0
60601,1839,2,2.5,1984,0.013,Minor (Cosmetic),Condo,1,586000.0
85001,1896,3,4.0,1976,0.065,None,Townhouse,2,547200.0
98101,1383,3,3.5,1962,0.051,None,Townhouse,2,709100.0
75001,1258,2,2.0,1979,0.014,None,Condo,1,285500.0
80202,2642,5,5.5,1982,0.12,Major (Structural/Systems),Single Family,1,1174200.0
30301,2965,5,6.0,1943,0.08,None,Single Family,1,832100.0
10001,3407,5,6.0,2021,0.11,None,Single Family,2,3432300.0
85001,2282,4,5.0,1954,0.28,Minor (Cosmetic),Single Family,2,737800.0
10001,792,1,1.5,1962,0.032,Minor (Cosmetic),Condo,1,618600.0
98101,1389,2,2.5,1951,0.017,None,Condo,0,603300.0
60601,3101,5,6.0,2007,0.08,None,Single Family,2,1282500.0
98101,1845,3,3.5,2007,0.108,Minor (Cosmetic),Townhouse,1,1063200.0
33101,4133,7,6.0,1991,0.08,None,Single Family,0,1829200.0
80202,2171,3,4.0,1980,0.08,Minor (Cosmetic),Single Family,4,902000.0
60601,785,1,2.0,2017,0.02,None,Condo,1,315600.0
10001,2813,5,6.0,1998,0.3,None,Single Family,2,2505200.0
90210,1993,3,3.5,1997,0.08,None,Single Family,2,1609500.0
02108,2871,4,6.0,1998,1.47,Minor (Cosmetic),Single Family,2,2001300.0
80202,1875,4,5.0,2011,0.09,Major (Structural/Systems),Single Family,3,1092500.0
10001,959,2,2.5,1962,0.02,Minor (Cosmetic),Condo,1,759600.0
98101,2650,5,5.5,1940,0.099,None,Townhouse,2,1296900.0
98101,2195,3,4.5,1995,0.1,Minor (Cosmetic),Single Family,1,1231400.0
90210,1900,3,4.0,2014,0.18,Minor (Cosmetic),Single Family,1,1764000.0
78701,1509,2,2.5,1943,0.032,Major (Structural/Systems),Condo,0,628100.0
30301,1327,2,3.0,1968,0.042,None,Townhouse,2,414700.0
94102,1980,3,4.0,1956,0.64,Major (Structural/Systems),Single Family,1,1561300.0
33101,2932,5,6.0,1988,0.25,None,Single Family,2,1364500.0
33101,1428,2,2.5,2022,0.023,Major (Structural/Systems),Condo,0,795300.0
80202,1527,3,3.5,1990,0.026,None,Condo,2,616900.0
60601,1939,3,3.0,1988,0.08,Minor (Cosmetic),Single Family,0,692000.0
80202,1308,1,1.5,1963,0.039,None,Condo,1,444000.0
78701,2150,3,4.0,1983,0.27,Minor (Cosmetic),Single Family,1,984200.0
90210,2045,3,3.5,1980,0.86,Major (Structural/Systems),Single Family,0,1820100.0
60601,3402,6,6.0,1996,0.22,None,Single Family,3,1301800.0
33101,1552,3,3.5,1995,0.106,Minor (Cosmetic),Townhouse,2,793200.0
90210,2708,4,5.5,1971,0.08,Minor (Cosmetic),Single Family,2,2186000.0
98101,2616,4,5.0,1970,0.08,None,Single Family,2,1199900.0
85001,1696,3,4.0,1955,1.04,Major (Structural/Systems),Single Family,2,627300.0
80202,2234,4,4.5,1971,0.061,Full Gut Rehab,Townhouse,2,1118200.0
78701,2920,4,4.5,1981,0.63,None,Single Family,2,1235900.0
30301,1010,1,2.0,1973,0.1,Major (Structural/Systems),Single Family,2,342700.0
60601,2708,3,4.0,1976,0.08,None,Single Family,4,875500.0
78701,829,2,2.5,1955,0.039,Full Gut Rehab,Condo,1,391500.0
75001,3322,5,6.0,2024,0.53,Minor (Cosmetic),Single Family,2,1105200.0
30301,1415,2,3.0,1952,0.65,Full Gut Rehab,Single Family,2,512700.0
80202,2232,4,5.0,2021,0.7,None,Single Family,2,1120400.0
80202,1962,2,3.0,2005,0.079,Major (Structural/Systems),Townhouse,2,1005100.0
98101,1119,1,1.5,1972,0.026,Minor (Cosmetic),Condo,1,491100.0
85001,1367,2,3.0,2021,0.04,None,Condo,1,447800.0
60601,1116,2,2.5,1974,0.086,Major (Structural/Systems),Townhouse,4,498400.0
94102,2543,3,4.0,1976,0.117,Minor (Cosmetic),Townhouse,2,1747100.0
30301,2893,5,6.0,2015,0.16,Major (Structural/Systems),Single Family,1,1147500.0
80202,4287,6,6.0,1979,0.08,None,Multi-Family,1,1751400.0
90210,3155,4,6.0,1947,0.31,Full Gut Rehab,Single Family,3,3048500.0
78701,2491,4,5.5,1993,0.15,Minor (Cosmetic),Single Family,2,1217000.0
80202,1222,1,2.0,1946,0.067,Minor (Cosmetic),Townhouse,2,474800.0
30301,2077,3,4.5,1941,0.29,None,Single Family,2,603100.0
10001,3692,5,6.0,1995,0.89,Major (Structural/Systems),Single Family,2,3772000.0
75001,3539,6,6.0,1996,0.11,Major (Structural/Systems),Single Family,1,1152200.0
78701,883,1,1.0,1988,0.025,Major (Structural/Systems),Condo,1,404400.0
90210,800,2,2.5,2008,0.78,Major (Structural/Systems),Single Family,2,945900.0
85001,1025,1,1.5,2017,0.046,Full Gut Rehab,Condo,1,413800.0
78701,1670,2,3.0,1947,0.059,Major (Structural/Systems),Townhouse,2,759700.0
02108,1012,2,2.5,2023,0.038,Full Gut Rehab,Condo,1,943000.0
80202,2896,4,5.0,2002,0.19,Major (Structural/Systems),Single Family,1,1531700.0
30301,2194,4,4.5,2021,0.115,Major (Structural/Systems),Townhouse,1,858200.0
02108,3242,4,5.5,2010,0.46,None,Single Family,2,2180000.0
10001,2834,5,6.0,1985,0.24,Minor (Cosmetic),Single Family,3,2407900.0
94102,1149,1,1.5,2017,0.6,None,Single Family,2,981700.0
02108,980,1,2.0,2006,0.05,None,Condo,1,619500.0
75001,4228,7,6.0,1985,0.21,Minor (Cosmetic),Single Family,1,1140300.0
80202,2780,5,6.0,2017,0.16,Major (Structural/Systems),Single Family,4,1588300.0
10001,2775,5,6.0,2006,0.33,None,Single Family,2,2652100.0
10001,2769,5,6.0,1981,0.4,None,Single Family,2,2256800.0
98101,1245,3,3.0,2003,0.038,None,Condo,1,652700.0
85001,900,1,1.5,2012,0.078,Minor (Cosmetic),Townhouse,1,320300.0
98101,1016,2,2.5,1992,0.023,None,Condo,0,503200.0
85001,2471,4,5.5,2010,0.6,None,Single Family,3,916300.0
80202,3461,6,6.0,1946,1.11,None,Single Family,1,1398400.0
10001,3238,6,6.0,1946,0.7,None,Multi-Family,3,2882300.0
30301,1265,2,2.5,1975,0.4,Minor (Cosmetic),Single Family,2,413900.0
80202,1993,4,4.5,1952,0.069,None,Townhouse,2,783400.0
60601,1897,2,3.5,2006,0.34,Minor (Cosmetic),Single Family,2,832600.0
85001,1252,2,3.0,1959,0.048,Minor (Cosmetic),Townhouse,3,430900.0
90210,1874,2,2.5,2012,0.27,None,Single Family,1,1598900.0
94102,2906,4,5.5,1992,0.53,Minor (Cosmetic),Single Family,2,2465300.0
60601,1540,3,3.0,1991,0.02,None,Condo,0,496600.0
02108,1269,2,3.0,2000,0.03,Major (Structural/Systems),Condo,1,921700.0
10001,2974,5,6.0,2000,0.08,Full Gut Rehab,Single Family,4,3457400.0
90210,1265,2,2.5,1995,0.044,Major (Structural/Systems),Condo,0,1081700.0
90210,1135,1,1.0,1979,0.024,Major (Structural/Systems),Condo,1,831100.0
75001,3022,4,5.0,2020,0.31,None,Single Family,2,984900.0
94102,800,1,1.5,2002,0.17,Minor (Cosmetic),Single Family,3,739900.0
80202,2583,4,5.0,1996,0.32,None,Single Family,1,1111100.0
33101,1716,3,3.5,2021,0.48,Major (Structural/Systems),Single Family,2,1088600.0
80202,1507,3,4.0,1943,0.023,Minor (Cosmetic),Condo,2,592500.0
90210,2389,3,5.0,1965,0.26,None,Single Family,2,1846600.0
75001,2523,4,5.5,2001,0.55,Minor (Cosmetic),Single Family,3,838200.0
90210,1371,2,2.5,2015,0.41,Minor (Cosmetic),Single Family,2,1354300.0
60601,3262,4,6.0,1993,0.08,None,Single Family,2,1211800.0
30301,2970,5,6.0,2001,0.29,Major (Structural/Systems),Single Family,2,998700.0
80202,2917,4,5.5,1957,0.17,Major (Structural/Systems),Single Family,1,1360000.0
78701,1890,3,4.0,1949,0.43,None,Single Family,2,867600.0
80202,2581,5,6.0,1975,0.08,None,Multi-Family,0,1094000.0
98101,2667,4,5.5,1941,0.14,Minor (Cosmetic),Single Family,1,1381100.0
30301,856,1,1.5,1999,0.013,None,Condo,0,239100.0
30301,2826,5,6.0,1986,0.89,Major (Structural/Systems),Single Family,2,981500.0
98101,879,2,2.5,2012,0.73,Minor (Cosmetic),Single Family,2,653000.0
33101,2134,3,4.0,1971,1.21,None,Single Family,1,1011200.0
30301,3847,6,6.0,2008,0.36,None,Single Family,2,1298100.0
85001,3551,5,6.0,1990,0.58,None,Multi-Family,3,1137900.0
78701,1875,3,4.0,2006,0.089,Major (Structural/Systems),Townhouse,2,1021200.0
80202,1794,3,4.0,2020,0.03,Major (Structural/Systems),Condo,1,954800.0
02108,550,1,1.0,2016,0.043,None,Condo,1,392700.0
85001,1888,3,4.0,2006,0.52,Major (Structural/Systems),Single Family,2,759400.0
94102,2199,4,5.0,2007,0.46,None,Single Family,1,1736000.0
78701,2186,4,5.0,2021,0.112,Full Gut Rehab,Townhouse,2,1300000.0
02108,1406,3,3.5,1995,0.047,Major (Structural/Systems),Condo,1,986500.0
02108,796,1,1.5,1953,0.028,Major (Structural/Systems),Condo,0,486100.0
98101,3248,4,5.5,1955,0.12,Major (Structural/Systems),Single Family,1,1776800.0
85001,2197,3,4.0,2015,0.25,Minor (Cosmetic),Single Family,2,815200.0
90210,2345,4,5.0,2014,0.047,None,Townhouse,3,1956000.0
78701,1725,1,2.5,2005,0.97,Minor (Cosmetic),Single Family,4,885300.0
94102,2407,3,4.5,1972,1.44,Minor (Cosmetic),Single Family,2,1792400.0
94102,2132,4,4.5,1952,0.37,None,Single Family,2,1516400.0
80202,2275,4,5.0,1969,0.1,None,Townhouse,2,871500.0
78701,2107,3,4.5,1965,0.14,Full Gut Rehab,Single Family,2,1106500.0
02108,1780,3,3.5,2021,0.109,Minor (Cosmetic),Townhouse,1,1463200.0
02108,2880,5,6.0,1952,0.81,None,Single Family,2,1789200.0
94102,2045,4,5.0,2007,0.046,None,Townhouse,1,1674600.0
02108,1410,2,2.5,1972,0.015,None,Condo,1,802300.0
85001,2658,4,5.0,1954,0.11,Minor (Cosmetic),Single Family,3,854800.0
85001,953,1,2.0,1956,0.038,None,Condo,2,272500.0
98101,2237,3,4.0,1945,0.08,Minor (Cosmetic),Single Family,2,1153700.0
78701,2519,4,5.5,1944,0.09,Major (Structural/Systems),Single Family,1,1237800.0
30301,1912,3,4.0,1972,0.071,Major (Structural/Systems),Townhouse,2,617600.0
90210,2389,3,4.5,1993,0.33,Full Gut Rehab,Single Family,2,2563700.0
75001,2514,4,5.5,1955,1.31,Minor (Cosmetic),Single Family,4,800700.0
85001,1362,2,2.5,1985,0.54,None,Single Family,3,455100.0
94102,3000,5,6.0,1963,0.29,Major (Structural/Systems),Single Family,0,2523300.0
10001,1881,3,4.0,1944,0.044,None,Townhouse,1,1378100.0
85001,3251,4,5.5,2006,0.25,Major (Structural/Systems),Single Family,3,1331400.0
78701,3200,5,6.0,2015,0.08,Full Gut Rehab,Multi-Family,4,2013400.0
90210,1017,1,1.0,1989,0.064,Major (Structural/Systems),Townhouse,1,836000.0
02108,2231,3,4.0,1980,0.1,Full Gut Rehab,Single Family,2,1611700.0
80202,2350,3,4.0,1994,0.15,None,Single Family,2,940600.0
60601,2134,3,3.5,2020,0.045,None,Townhouse,0,823400.0
60601,947,2,2.5,1959,0.3,None,Single Family,3,389800.0
85001,2530,4,5.0,1989,0.08,Major (Structural/Systems),Single Family,2,901000.0
02108,2885,4,5.5,1974,0.38,None,Single Family,1,1607400.0
78701,868,2,2.0,1989,0.039,Major (Structural/Systems),Condo,0,428300.0
78701,1126,2,3.0,2018,0.029,None,Condo,2,548400.0
98101,2029,2,3.0,1972,0.53,Major (Structural/Systems),Single Family,2,1165500.0
10001,1952,3,3.5,2006,1.2,None,Single Family,3,1864900.0
85001,1616,4,4.5,2010,0.067,Minor (Cosmetic),Townhouse,2,619100.0
30301,851,1,1.0,1949,0.035,Full Gut Rehab,Condo,1,266900.0
78701,1339,1,1.5,1980,0.023,Minor (Cosmetic),Condo,1,517700.0
33101,842,1,1.0,1979,0.028,None,Condo,2,328800.0
10001,1822,3,3.5,1945,0.08,Major (Structural/Systems),Single Family,2,1804200.0
78701,1718,3,3.5,1972,0.013,None,Condo,1,597200.0
60601,3220,5,6.0,1955,0.56,Minor (Cosmetic),Single Family,2,1212300.0
78701,1103,2,2.0,1963,0.08,Minor (Cosmetic),Single Family,3,524400.0
85001,832,2,2.5,1999,0.038,Major (Structural/Systems),Condo,1,308000.0
33101,2681,5,6.0,2013,0.43,Minor (Cosmetic),Single Family,2,1555800.0
98101,3459,6,6.0,1950,1.95,Major (Structural/Systems),Multi-Family,1,2218200.0
75001,1382,2,2.5,1983,0.42,None,Single Family,2,390800.0
10001,2321,4,4.5,1942,0.05,Minor (Cosmetic),Townhouse,2,1703300.0
98101,2171,3,4.0,1977,0.09,None,Townhouse,3,1022400.0
98101,2861,4,5.5,1979,0.26,Minor (Cosmetic),Single Family,1,1579000.0
80202,1574,2,2.5,1958,0.047,None,Condo,2,552500.0
75001,2839,4,5.0,1979,0.41,Full Gut Rehab,Single Family,1,897300.0
80202,2001,4,5.0,1992,0.081,None,Townhouse,1,825500.0
75001,3668,5,6.0,2016,0.34,Major (Structural/Systems),Single Family,1,1289700.0
78701,1485,2,3.0,1975,0.028,Minor (Cosmetic),Condo,2,576400.0
98101,1868,2,2.5,2006,0.25,Minor (Cosmetic),Single Family,2,1153000.0
75001,2974,5,6.0,1959,0.45,None,Single Family,1,820100.0
10001,2001,2,3.0,1967,0.08,Minor (Cosmetic),Single Family,2,1651400.0
10001,2878,4,5.5,1996,0.33,Major (Structural/Systems),Single Family,4,2845500.0
78701,1266,3,3.0,1942,0.014,Major (Structural/Systems),Condo,2,576600.0
02108,615,1,1.0,1976,0.044,Minor (Cosmetic),Condo,1,373600.0
90210,1057,2,2.0,1957,0.048,None,Condo,0,714800.0
33101,2698,4,6.0,2023,0.53,None,Single Family,3,1560200.0
78701,2172,3,4.0,1985,0.44,None,Single Family,3,968600.0
80202,2736,4,5.5,1944,1.01,None,Single Family,3,1229600.0
85001,2162,3,4.0,2012,0.057,Full Gut Rehab,Townhouse,3,930600.0
78701,3175,5,6.0,2020,0.09,None,Multi-Family,2,1676300.0
30301,2668,5,6.0,2015,0.23,None,Single Family,3,1015800.0
94102,3537,5,6.0,1996,0.08,Minor (Cosmetic),Single Family,3,2781700.0
78701,2854,5,5.5,1965,1.17,None,Single Family,3,1286100.0
30301,1170,3,3.5,1972,0.011,Major (Structural/Systems),Condo,1,386800.0
78701,764,2,2.0,1975,0.034,Major (Structural/Systems),Condo,1,337900.0
60601,1334,3,3.5,1961,0.024,None,Condo,1,462000.0
98101,2747,4,5.5,2021,0.08,Full Gut Rehab,Single Family,3,2235800.0
94102,1549,2,2.5,1956,0.011,None,Condo,0,900600.0
80202,1116,2,3.0,1983,0.02,None,Condo,0,412700.0
98101,1137,1,2.0,1991,0.08,Full Gut Rehab,Single Family,2,802100.0
30301,1224,2,2.5,1961,0.99,None,Single Family,2,427400.0
10001,3051,5,6.0,2008,0.1,Minor (Cosmetic),Single Family,1,3126200.0
85001,2072,4,5.5,1940,0.08,Minor (Cosmetic),Single Family,2,704600.0
85001,1996,3,4.0,2022,0.102,None,Townhouse,2,715600.0
10001,2585,4,5.5,1969,0.19,None,Single Family,3,2020000.0
98101,1724,3,4.0,1978,0.107,Major (Structural/Systems),Townhouse,1,937800.0
30301,1066,1,1.5,2018,0.044,Major (Structural/Systems),Condo,2,408600.0
85001,1850,3,3.5,1974,1.71,Major (Structural/Systems),Single Family,2,694500.0
80202,1094,2,2.5,2008,0.042,Minor (Cosmetic),Condo,2,489300.0
98101,2061,3,3.5,2009,0.08,None,Single Family,3,1211800.0
78701,2220,3,4.5,1950,0.31,None,Single Family,3,883600.0
60601,2257,3,4.0,1990,0.26,Major (Structural/Systems),Single Family,2,932900.0
02108,2329,3,4.0,2002,0.25,Major (Structural/Systems),Single Family,1,1727900.0
60601,3191,5,6.0,1973,0.12,None,Single Family,1,1095500.0
90210,2402,3,4.5,1994,0.08,Major (Structural/Systems),Single Family,2,2256100.0
90210,3267,5,6.0,2017,0.44,None,Single Family,2,3153500.0
98101,3653,6,6.0,2012,0.08,None,Single Family,2,2169000.0
98101,2184,4,5.0,1959,0.044,Minor (Cosmetic),Townhouse,2,1100800.0
02108,2900,4,5.5,2019,0.17,Major (Structural/Systems),Single Family,2,2454800.0
78701,1214,1,1.5,1997,0.04,Minor (Cosmetic),Condo,1,520400.0
98101,3149,5,6.0,2020,0.71,Full Gut Rehab,Single Family,0,2271800.0
10001,1131,2,2.0,1956,0.032,None,Condo,1,864600.0
02108,3238,5,6.0,1973,0.64,None,Single Family,2,2003200.0
85001,2076,4,4.5,2014,0.042,None,Townhouse,2,693300.0
80202,2230,3,4.0,2001,0.21,None,Single Family,2,967800.0
80202,2203,3,4.0,1973,0.051,None,Townhouse,1,806500.0
78701,2568,4,5.0,2011,0.31,Minor (Cosmetic),Single Family,2,1343500.0
85001,2420,3,4.5,1958,0.89,None,Single Family,2,745300.0
10001,933,2,2.5,2005,0.01,None,Condo,2,813200.0
60601,2624,4,5.0,2011,0.39,Minor (Cosmetic),Single Family,2,1171600.0
60601,3247,5,6.0,1981,0.55,None,Single Family,0,1096800.0
33101,3166,6,6.0,1990,0.48,Minor (Cosmetic),Single Family,2,1684500.0
94102,1223,2,2.0,2010,0.011,Full Gut Rehab,Condo,1,1163900.0
33101,3679,4,6.0,1988,0.08,Major (Structural/Systems),Multi-Family,2,2165300.0
90210,3453,6,6.0,1968,0.08,None,Single Family,2,2566600.0
33101,1732,3,3.5,1969,0.047,Full Gut Rehab,Townhouse,1,954700.0
60601,1663,2,3.0,1964,0.46,Major (Structural/Systems),Single Family,1,621000.0
10001,3475,6,6.0,2007,0.19,None,Single Family,2,3227300.0
75001,1561,3,4.0,2001,0.098,Minor (Cosmetic),Townhouse,3,559300.0
90210,1489,2,2.5,1977,0.069,Full Gut Rehab,Townhouse,0,1338200.0
75001,550,1,1.5,1956,0.015,None,Condo,1,160200.0
80202,2928,5,5.5,2013,0.44,None,Single Family,4,1403800.0
10001,1283,2,3.0,1940,0.34,None,Single Family,2,1089900.0
94102,1937,3,4.0,1957,0.08,None,Single Family,2,1359000.0
85001,2941,3,4.5,2002,0.9,None,Single Family,1,902600.0
90210,3041,4,5.5,1985,0.13,Minor (Cosmetic),Single Family,2,2523900.0
10001,1506,2,2.5,1958,0.092,Minor (Cosmetic),Townhouse,1,1198400.0
98101,1739,3,4.0,1989,0.043,Minor (Cosmetic),Townhouse,3,922600.0
33101,1845,2,3.0,1993,0.2,Minor (Cosmetic),Single Family,2,892500.0
78701,2088,3,4.0,1970,1.17,Major (Structural/Systems),Single Family,3,1047100.0
94102,1919,3,3.5,2004,0.111,Full Gut Rehab,Townhouse,3,1851500.0
02108,2123,4,4.5,1985,0.09,Minor (Cosmetic),Single Family,2,1398000.0
10001,1014,1,1.5,1974,0.045,Major (Structural/Systems),Condo,0,803000.0
10001,1401,2,3.0,1988,0.12,None,Single Family,2,1158300.0
80202,3349,5,6.0,2020,0.67,Major (Structural/Systems),Single Family,3,1942300.0
60601,3608,6,6.0,1973,0.46,Minor (Cosmetic),Multi-Family,2,1480200.0
10001,3094,5,6.0,1968,0.15,Full Gut Rehab,Single Family,3,3108900.0
98101,3467,5,6.0,1945,0.85,Major (Structural/Systems),Single Family,4,2142900.0
98101,1881,3,4.0,1940,0.23,Minor (Cosmetic),Single Family,2,977000.0
85001,1638,3,4.0,1994,0.065,None,Townhouse,2,520100.0
85001,947,1,1.0,1966,0.062,Major (Structural/Systems),Townhouse,2,312400.0
75001,4855,7,6.0,1951,0.98,None,Single Family,2,1249600.0
10001,2387,4,5.0,1943,0.5,Minor (Cosmetic),Single Family,1,2126000.0
90210,1463,2,3.5,2019,0.024,Major (Structural/Systems),Condo,0,1360900.0
02108,1571,2,2.5,1991,0.1,Major (Structural/Systems),Single Family,1,1170200.0
02108,1448,2,2.5,1950,0.018,Minor (Cosmetic),Condo,0,843000.0
78701,3893,5,6.0,1991,0.1,None,Single Family,1,1536100.0
75001,2454,4,5.5,2023,0.08,Major (Structural/Systems),Single Family,4,942100.0
30301,746,1,1.5,1965,0.029,Major (Structural/Systems),Condo,1,226300.0
75001,2395,4,5.5,1967,0.08,None,Single Family,1,625900.0
98101,900,2,2.0,2011,0.041,Major (Structural/Systems),Townhouse,2,616400.0
60601,2471,3,4.0,2005,0.34,Full Gut Rehab,Single Family,2,1239000.0
02108,3115,5,6.0,1966,0.08,Minor (Cosmetic),Single Family,1,1941400.0
90210,3171,5,6.0,1994,0.65,None,Multi-Family,3,2882400.0
60601,2286,3,4.0,2010,0.08,Major (Structural/Systems),Single Family,1,1018300.0
90210,1284,2,2.0,1993,0.032,None,Condo,0,885600.0
98101,2953,4,5.0,1985,0.39,Minor (Cosmetic),Single Family,1,1523400.0
98101,550,1,1.0,1975,0.019,Minor (Cosmetic),Condo,2,286000.0
60601,1131,2,2.5,1960,0.046,Full Gut Rehab,Condo,2,446200.0
60601,4326,7,6.0,1988,0.23,Major (Structural/Systems),Single Family,3,1682800.0
02108,1199,2,2.5,1973,0.065,Major (Structural/Systems),Townhouse,3,794400.0
75001,1070,1,1.5,1973,0.046,None,Condo,0,241600.0
02108,3956,7,6.0,1979,0.68,Minor (Cosmetic),Single Family,2,2564400.0
80202,1486,2,3.5,1946,0.038,Minor (Cosmetic),Condo,1,518000.0
60601,920,1,1.5,1991,0.022,None,Condo,2,342600.0
60601,2654,4,5.5,1988,0.17,Major (Structural/Systems),Single Family,2,1043900.0
85001,2498,5,6.0,2020,0.41,None,Single Family,2,980200.0
10001,1938,2,3.0,1976,0.08,Minor (Cosmetic),Single Family,2,1680800.0
33101,2444,4,5.0,2001,0.24,Minor (Cosmetic),Single Family,2,1369300.0
33101,1002,2,2.5,1954,0.04,Major (Structural/Systems),Condo,1,480500.0
30301,2584,4,5.0,1941,0.38,Minor (Cosmetic),Single Family,4,827900.0
94102,1463,2,3.0,1950,0.098,Minor (Cosmetic),Townhouse,3,1041000.0
60601,1542,2,3.0,1956,0.78,Minor (Cosmetic),Single Family,2,649200.0
78701,2469,4,5.0,1984,1.21,Minor (Cosmetic),Single Family,1,1139700.0
02108,1700,3,4.5,2007,0.028,None,Condo,1,1171300.0
80202,2561,5,6.0,2000,0.08,None,Single Family,2,1128200.0
98101,2251,3,4.0,1985,0.63,Minor (Cosmetic),Single Family,2,1201500.0
78701,3065,5,6.0,1971,0.08,None,Single Family,2,1254100.0
30301,2381,4,5.0,1958,0.09,None,Single Family,1,683800.0
78701,3901,7,6.0,2006,0.37,Full Gut Rehab,Single Family,2,2288800.0
33101,3196,5,6.0,1943,0.48,None,Multi-Family,4,1546900.0
78701,3025,4,5.5,1964,0.42,None,Single Family,1,1142900.0
90210,1460,3,3.0,2012,0.075,Minor (Cosmetic),Townhouse,4,1319500.0
10001,1276,2,2.0,1960,0.047,Minor (Cosmetic),Condo,0,979800.0
78701,2706,4,6.0,1953,0.62,Minor (Cosmetic),Single Family,2,1260300.0
02108,2457,4,4.5,1961,0.38,None,Single Family,1,1470800.0
10001,1574,3,3.0,1987,0.075,Minor (Cosmetic),Townhouse,2,1304300.0
78701,1512,2,2.5,1990,0.077,None,Townhouse,0,570600.0
98101,2711,4,6.0,2019,0.08,Major (Structural/Systems),Single Family,2,2027900.0
02108,2971,4,5.0,1950,0.53,Minor (Cosmetic),Single Family,2,1941800.0
80202,2404,4,4.5,1998,0.7,Major (Structural/Systems),Single Family,2,1196600.0
94102,2715,4,5.0,1953,0.61,None,Single Family,2,1900400.0
30301,1086,2,2.5,1946,0.032,None,Condo,0,288400.0
30301,1844,3,3.5,2008,0.107,Major (Structural/Systems),Townhouse,0,675900.0
60601,2349,4,5.0,1997,0.55,Major (Structural/Systems),Single Family,1,1063400.0
94102,1106,2,3.0,1979,0.043,Full Gut Rehab,Condo,1,882200.0
75001,2044,3,3.5,2020,0.049,None,Condo,0,601800.0
75001,2733,5,6.0,1964,0.58,Minor (Cosmetic),Single Family,2,849100.0
60601,2983,5,6.0,2017,0.11,None,Single Family,1,1259900.0
94102,1253,1,1.5,1981,0.043,Full Gut Rehab,Condo,1,913600.0
33101,1681,2,3.0,1983,0.07,None,Townhouse,3,757600.0
75001,1552,2,2.5,1944,0.031,Major (Structural/Systems),Condo,1,434800.0
78701,2281,4,5.0,1967,0.56,Minor (Cosmetic),Single Family,2,1055300.0
33101,3291,5,6.0,2015,0.13,Full Gut Rehab,Single Family,2,2231400.0
80202,2249,4,4.5,1999,0.08,None,Single Family,2,989300.0
78701,764,1,2.0,2016,0.039,None,Condo,1,368400.0
90210,1227,2,3.0,1960,0.046,None,Condo,2,885400.0
33101,1671,3,3.5,1988,0.92,Minor (Cosmetic),Single Family,1,886200.0
94102,2041,2,3.0,1995,0.104,Full Gut Rehab,Townhouse,1,1848900.0
80202,682,2,2.5,1996,0.047,Minor (Cosmetic),Condo,0,324500.0
02108,988,2,3.0,2024,0.043,Minor (Cosmetic),Condo,0,804000.0
78701,2054,3,4.0,2000,0.08,None,Multi-Family,0,1042700.0
94102,4618,7,6.0,1977,0.15,Minor (Cosmetic),Single Family,0,3184600.0
60601,1055,2,2.5,2012,0.067,Major (Structural/Systems),Townhouse,2,507500.0
75001,2507,4,4.5,1941,0.09,Minor (Cosmetic),Single Family,1,653700.0
10001,3357,5,6.0,1942,0.56,None,Single Family,1,2587600.0
94102,2266,4,5.5,1982,0.082,Minor (Cosmetic),Townhouse,2,1642600.0
94102,2183,3,4.0,2013,0.107,None,Townhouse,1,1765100.0
30301,2262,4,4.5,1974,0.32,Full Gut Rehab,Single Family,3,800200.0
78701,1572,2,3.0,2012,0.034,Minor (Cosmetic),Condo,1,764800.0
80202,1419,2,2.5,1979,0.025,Minor (Cosmetic),Condo,1,543900.0
94102,1895,3,4.0,2024,0.103,Major (Structural/Systems),Townhouse,2,1944100.0
33101,2680,4,5.0,1997,0.4,None,Single Family,2,1378300.0
30301,1663,2,2.5,1973,0.067,None,Townhouse,1,443200.0
75001,1817,3,4.0,1964,1.77,Major (Structural/Systems),Single Family,1,623900.0
33101,3427,6,6.0,1995,0.22,Minor (Cosmetic),Single Family,2,1773000.0
90210,3484,6,6.0,1971,0.13,None,Single Family,2,2646900.0
94102,1836,3,4.0,1961,0.41,None,Single Family,1,1335200.0
90210,1730,2,3.0,2004,0.058,Minor (Cosmetic),Townhouse,1,1465200.0
02108,2392,5,5.5,1960,0.62,Minor (Cosmetic),Single Family,4,1703600.0
94102,3173,5,6.0,2019,0.4,Minor (Cosmetic),Multi-Family,3,3149700.0
02108,2548,4,5.5,1960,0.71,None,Single Family,2,1733000.0
98101,1431,2,2.5,1967,0.023,Major (Structural/Systems),Condo,1,724100.0
85001,1463,2,3.0,1958,0.108,None,Townhouse,2,418800.0
33101,803,1,1.5,1953,0.03,Minor (Cosmetic),Condo,0,345900.0
75001,1532,3,3.5,1963,0.012,Minor (Cosmetic),Condo,1,430600.0
60601,938,1,1.5,1959,0.018,None,Condo,0,269600.0
94102,1231,2,3.0,1971,0.057,Full Gut Rehab,Townhouse,2,1033700.0
60601,1581,3,3.5,2013,0.101,Major (Structural/Systems),Townhouse,1,757400.0
02108,2252,4,5.0,1991,0.08,None,Single Family,1,1458100.0
33101,2499,4,5.0,2004,0.085,Minor (Cosmetic),Townhouse,2,1343800.0
98101,3193,4,6.0,1991,0.37,Major (Structural/Systems),Single Family,3,1973600.0
85001,3360,5,6.0,1997,0.52,Full Gut Rehab,Single Family,3,1373800.0
02108,2168,4,4.5,2018,0.103,Minor (Cosmetic),Townhouse,3,1702900.0
02108,3209,5,6.0,1949,0.44,Minor (Cosmetic),Single Family,3,2156600.0
85001,1490,2,3.0,2009,0.057,Minor (Cosmetic),Townhouse,1,533000.0
90210,2351,4,4.5,1954,0.27,None,Single Family,2,1767000.0
60601,1757,4,4.5,1986,0.12,Minor (Cosmetic),Single Family,2,718000.0
60601,2342,4,5.5,1949,0.52,Major (Structural/Systems),Single Family,1,958600.0
75001,3013,4,5.5,1960,0.48,None,Single Family,4,836500.0
85001,1147,1,2.0,1958,0.019,Minor (Cosmetic),Condo,0,306600.0
85001,3483,6,6.0,2007,0.36,Full Gut Rehab,Single Family,2,1477400.0
90210,1643,3,4.0,1961,0.08,None,Single Family,3,1313300.0
75001,2875,4,5.5,2002,0.51,None,Single Family,1,811400.0
33101,1563,2,3.0,1977,0.53,None,Single Family,2,669200.0
33101,1132,2,2.5,1954,0.024,Minor (Cosmetic),Condo,1,498300.0
94102,3055,5,6.0,2009,0.57,Major (Structural/Systems),Single Family,2,2922700.0
33101,1024,1,1.5,2014,0.044,Minor (Cosmetic),Condo,1,487200.0
85001,2048,4,4.5,1983,0.055,None,Townhouse,3,634700.0
30301,764,1,1.5,1969,0.024,None,Condo,1,199700.0
80202,1051,1,2.0,1963,0.061,Major (Structural/Systems),Townhouse,1,460000.0
90210,2917,5,6.0,1985,0.16,Minor (Cosmetic),Single Family,3,2221100.0
98101,3808,5,6.0,1943,0.21,Major (Structural/Systems),Single Family,2,2084800.0
75001,1351,3,3.0,1945,0.081,Major (Structural/Systems),Townhouse,1,423900.0
60601,1527,3,3.5,1977,0.011,Minor (Cosmetic),Condo,0,530500.0
80202,1115,2,2.5,1965,0.012,Minor (Cosmetic),Condo,0,429400.0
90210,632,1,1.5,1958,0.036,Minor (Cosmetic),Condo,0,435100.0
80202,1651,2,3.0,1941,0.2,Major (Structural/Systems),Single Family,1,759100.0
80202,2511,4,5.5,2007,0.08,None,Single Family,1,1122800.0
30301,958,1,1.5,2008,0.025,None,Condo,1,289200.0
33101,640,1,1.0,1986,0.029,Minor (Cosmetic),Condo,2,322900.0
02108,1229,2,2.5,1968,0.35,Major (Structural/Systems),Single Family,3,902900.0
78701,1418,2,3.0,2003,0.049,Minor (Cosmetic),Townhouse,2,744100.0
90210,2645,3,4.5,2019,1.84,None,Single Family,2,2591300.0
85001,2495,4,4.5,1951,0.23,Major (Structural/Systems),Single Family,3,850600.0
98101,1574,2,2.5,2024,0.094,Minor (Cosmetic),Townhouse,1,1053900.0
80202,1170,2,2.5,2012,0.046,None,Condo,1,517100.0
98101,3280,4,5.5,1950,0.08,Minor (Cosmetic),Single Family,2,1627200.0
60601,2795,4,5.0,1947,0.32,Full Gut Rehab,Single Family,3,1188200.0
33101,2409,5,6.0,1999,0.27,Major (Structural/Systems),Single Family,2,1435500.0
60601,1424,2,2.0,1965,0.012,None,Condo,2,445900.0
02108,1780,3,3.5,1971,0.41,None,Single Family,1,1079600.0
02108,1698,3,3.5,1978,0.058,None,Townhouse,1,965400.0
94102,1709,1,1.5,1943,0.096,Major (Structural/Systems),Townhouse,2,1283700.0
33101,1243,3,3.0,1983,0.069,Minor (Cosmetic),Townhouse,2,653300.0
90210,2185,4,4.5,2022,0.51,Full Gut Rehab,Single Family,2,2621700.0
33101,550,1,1.5,1974,0.048,None,Condo,1,237500.0
30301,3934,6,6.0,1990,0.69,None,Single Family,1,1147100.0
30301,1796,2,3.0,1990,0.23,Minor (Cosmetic),Single Family,1,536300.0
80202,3689,7,6.0,1968,0.09,None,Single Family,1,1592900.0
80202,2528,3,4.0,2017,1.71,Minor (Cosmetic),Single Family,3,1419700.0
90210,2054,3,3.5,2024,0.093,Major (Structural/Systems),Townhouse,2,2290700.0
33101,2133,3,3.5,1975,0.18,None,Single Family,1,959500.0
75001,2655,4,4.5,2017,0.23,Full Gut Rehab,Single Family,2,1006100.0
10001,3720,6,6.0,1999,0.08,Major (Structural/Systems),Multi-Family,0,4200400.0
80202,2998,6,6.0,1954,0.25,None,Single Family,2,1234500.0
75001,1371,2,2.5,1990,0.017,Minor (Cosmetic),Condo,1,389600.0
30301,2223,4,4.0,1989,0.16,Minor (Cosmetic),Single Family,1,707200.0
10001,2139,3,4.0,1994,0.24,None,Single Family,2,1803500.0
78701,1082,1,1.0,1951,0.116,None,Townhouse,2,454400.0
10001,2892,6,6.0,1989,0.34,Minor (Cosmetic),Single Family,1,2677500.0
94102,1478,3,3.5,2001,0.025,None,Condo,0,1033300.0
30301,3711,6,6.0,1944,0.08,Full Gut Rehab,Single Family,1,1249300.0
75001,2728,5,6.0,1966,0.48,None,Single Family,2,790500.0
60601,1925,4,4.5,2018,0.22,None,Single Family,1,839500.0
90210,1227,2,2.0,1948,0.08,None,Single Family,1,908300.0
75001,3281,5,6.0,1974,0.37,Minor (Cosmetic),Single Family,4,974900.0
80202,550,2,2.5,1952,0.024,None,Condo,0,233900.0
98101,2244,3,4.5,1983,0.18,Full Gut Rehab,Single Family,2,1435700.0
78701,2331,4,5.0,1985,0.64,None,Single Family,3,1037000.0
94102,2447,4,5.0,2007,0.08,Full Gut Rehab,Single Family,0,2387600.0
60601,1816,4,4.5,2016,0.067,None,Townhouse,4,838000.0
78701,1862,3,4.0,2013,0.069,Minor (Cosmetic),Townhouse,2,976800.0
10001,550,1,1.0,1992,0.01,Minor (Cosmetic),Condo,1,463600.0
10001,1806,3,4.0,1940,0.108,Minor (Cosmetic),Townhouse,2,1449700.0
10001,827,1,1.0,1950,0.63,Minor (Cosmetic),Single Family,2,769700.0
90210,3049,5,6.0,1989,0.38,Major (Structural/Systems),Single Family,2,2775600.0
78701,905,2,2.5,1948,0.046,Minor (Cosmetic),Condo,0,372800.0
75001,550,1,1.0,1977,0.021,None,Condo,1,145100.0
90210,1889,2,3.0,1952,0.09,Minor (Cosmetic),Single Family,4,1439000.0
90210,2072,3,4.5,1944,0.08,Full Gut Rehab,Single Family,1,1986600.0
78701,4152,6,6.0,1964,0.31,Minor (Cosmetic),Multi-Family,1,1843800.0
75001,1888,4,5.0,1949,0.08,None,Townhouse,2,514600.0
98101,2758,5,6.0,1944,0.58,Major (Structural/Systems),Single Family,1,1596600.0
98101,1513,3,3.5,1961,0.029,Major (Structural/Systems),Condo,1,812900.0
33101,2427,3,5.0,1981,0.08,None,Single Family,2,1137800.0
02108,3065,5,6.0,1959,0.58,None,Single Family,2,1898100.0
90210,3012,4,4.5,1967,0.21,None,Single Family,2,2040200.0
60601,1535,3,3.5,1960,1.09,None,Single Family,2,591200.0
33101,3604,5,6.0,1950,0.27,Major (Structural/Systems),Single Family,2,1921900.0
78701,1160,2,2.5,2008,0.049,None,Townhouse,1,545800.0
60601,3188,5,6.0,1976,0.67,None,Single Family,2,1091200.0
33101,569,1,1.5,1988,0.045,None,Condo,2,263500.0
10001,2950,6,6.0,2008,0.21,None,Single Family,2,2850500.0
98101,3896,6,6.0,1972,0.08,Full Gut Rehab,Single Family,0,2237500.0
94102,1704,3,3.5,1984,0.042,None,Townhouse,2,1149600.0
94102,1010,1,1.5,1947,0.024,None,Condo,1,610200.0
33101,3688,6,6.0,1945,0.44,Major (Structural/Systems),Multi-Family,0,2133800.0
30301,2936,5,6.0,1954,0.14,Major (Structural/Systems),Multi-Family,2,1003400.0
85001,3863,6,6.0,1954,0.08,Minor (Cosmetic),Single Family,1,1201300.0
33101,2644,3,4.5,1948,0.66,None,Single Family,2,1276000.0
10001,1655,3,3.5,2000,0.117,Minor (Cosmetic),Townhouse,4,1506000.0
94102,2767,4,6.0,1995,0.15,Major (Structural/Systems),Multi-Family,4,2521700.0
75001,773,1,1.5,1944,0.013,Minor (Cosmetic),Condo,1,210500.0
78701,880,1,1.0,1965,0.022,None,Condo,1,323600.0
33101,977,2,2.5,2019,0.042,None,Condo,0,523100.0
75001,2134,5,6.0,1996,0.27,Major (Structural/Systems),Single Family,1,735300.0
60601,869,1,1.0,1974,0.025,Full Gut Rehab,Condo,1,334900.0
75001,2744,4,5.0,1949,0.067,Minor (Cosmetic),Townhouse,2,756600.0
90210,739,2,2.0,2019,0.015,Minor (Cosmetic),Condo,1,692700.0
60601,2609,3,4.5,1960,0.15,Minor (Cosmetic),Single Family,1,919300.0
30301,2944,4,5.5,1951,0.22,Full Gut Rehab,Single Family,2,1017700.0
02108,2972,4,5.5,1948,0.39,Minor (Cosmetic),Single Family,2,2114300.0
33101,2456,4,5.0,1955,0.11,None,Single Family,3,1053500.0
02108,1691,3,3.0,2012,0.112,None,Townhouse,3,1298700.0
85001,2838,4,6.0,1993,0.23,Full Gut Rehab,Single Family,3,1096400.0
90210,2699,4,5.0,1962,0.18,Full Gut Rehab,Single Family,2,2399900.0
78701,2305,3,4.0,1978,0.32,Minor (Cosmetic),Single Family,1,958500.0
10001,553,1,1.0,1961,0.017,None,Condo,1,407900.0
60601,2149,3,4.5,1994,0.08,Minor (Cosmetic),Single Family,2,870700.0
10001,1640,2,3.0,1970,0.15,Major (Structural/Systems),Single Family,2,1529400.0
10001,1999,3,4.0,2013,0.08,None,Single Family,3,1924800.0
78701,2524,4,4.5,1986,0.17,Major (Structural/Systems),Single Family,2,1310700.0
30301,2769,4,5.0,1966,0.39,Minor (Cosmetic),Single Family,3,820000.0
10001,3835,6,6.0,1987,0.59,Minor (Cosmetic),Single Family,1,3307200.0
94102,1558,2,3.0,1978,0.086,Minor (Cosmetic),Townhouse,0,1060600.0
60601,3080,4,5.5,1960,0.41,Minor (Cosmetic),Single Family,1,1115200.0
78701,2729,4,5.0,1954,0.63,None,Single Family,2,1102800.0
30301,1553,2,3.0,2020,0.041,Minor (Cosmetic),Condo,2,538900.0
94102,2932,4,4.5,1984,0.13,None,Single Family,1,2025900.0
33101,747,1,1.0,1958,0.033,Major (Structural/Systems),Condo,1,354100.0
10001,1207,2,3.0,1992,0.11,Major (Structural/Systems),Single Family,2,1253000.0
94102,1208,2,3.0,1994,0.033,None,Condo,0,796400.0
60601,915,2,2.5,1988,0.027,None,Condo,0,305300.0
33101,1358,2,2.5,2017,0.07,Major (Structural/Systems),Townhouse,2,807300.0
60601,1549,2,2.0,2000,0.08,Minor (Cosmetic),Single Family,1,598100.0
02108,2620,3,4.0,1999,0.29,Full Gut Rehab,Single Family,2,2013500.0
80202,3630,6,6.0,2015,0.46,None,Single Family,0,1693000.0
98101,1616,2,2.5,1963,0.086,Major (Structural/Systems),Townhouse,4,904000.0
85001,2065,3,4.0,1978,0.046,None,Townhouse,2,569300.0
02108,2423,4,5.5,2000,0.9,Major (Structural/Systems),Single Family,2,2011300.0
02108,1532,2,2.5,1962,0.08,Minor (Cosmetic),Single Family,2,975900.0
98101,3051,4,5.5,2011,0.76,Minor (Cosmetic),Single Family,3,1961500.0
78701,1678,3,4.0,2018,0.51,Major (Structural/Systems),Single Family,3,1032000.0
02108,2516,4,4.5,1978,0.08,Full Gut Rehab,Single Family,1,1842900.0
30301,2243,3,4.0,2011,0.09,Full Gut Rehab,Single Family,2,941900.0
02108,1412,2,2.5,1950,0.024,Minor (Cosmetic),Condo,1,776200.0
30301,1323,2,2.5,1981,0.113,Minor (Cosmetic),Townhouse,2,401600.0
94102,3512,5,6.0,1964,1.37,None,Multi-Family,3,2705900.0
33101,1870,2,3.0,1973,0.08,None,Single Family,2,853300.0
30301,921,1,1.5,1961,0.026,Minor (Cosmetic),Condo,1,255200.0
10001,900,2,2.0,1941,0.052,None,Townhouse,2,691200.0
85001,4069,6,6.0,1990,0.11,None,Single Family,4,1215300.0
80202,1292,2,2.5,1955,0.049,None,Condo,1,443800.0
85001,1924,2,3.5,1950,1.46,None,Single Family,2,602500.0
33101,1656,3,3.5,2017,0.22,Minor (Cosmetic),Single Family,3,1041700.0
02108,2128,4,4.5,2008,0.08,Minor (Cosmetic),Single Family,2,1703300.0
10001,3037,5,6.0,2001,0.28,Minor (Cosmetic),Single Family,3,2911900.0
02108,550,1,1.0,1958,0.023,Minor (Cosmetic),Condo,0,337500.0
94102,2393,4,5.0,1968,0.92,Minor (Cosmetic),Single Family,3,1776400.0
94102,3827,7,6.0,1981,0.6,Minor (Cosmetic),Single Family,1,2785700.0
94102,1649,3,4.0,1962,0.13,None,Single Family,2,1077200.0
80202,1836,3,4.0,1999,0.041,Minor (Cosmetic),Townhouse,2,840100.0
75001,4152,6,6.0,2012,2.18,Minor (Cosmetic),Single Family,3,1431100.0
94102,1321,2,2.5,1957,0.037,None,Condo,1,804100.0
94102,1144,2,2.5,2020,0.027,Minor (Cosmetic),Condo,0,985600.0
33101,2879,5,6.0,1994,0.12,Major (Structural/Systems),Single Family,2,1515500.0
10001,2199,3,4.0,1957,0.08,Minor (Cosmetic),Single Family,2,1737900.0
94102,1554,2,3.0,1966,0.016,None,Condo,2,979100.0
10001,2200,4,5.0,2024,0.08,None,Single Family,2,2098700.0
30301,1030,2,2.0,1940,0.32,None,Single Family,3,354400.0
75001,963,2,2.0,1953,0.037,None,Condo,2,268500.0
98101,1774,2,2.5,1998,0.51,None,Single Family,2,1000000.0
33101,2289,4,5.5,2017,0.08,Minor (Cosmetic),Single Family,2,1358000.0
78701,2305,4,5.0,1972,0.08,Minor (Cosmetic),Single Family,0,1010300.0
33101,3398,6,6.0,1975,0.37,Major (Structural/Systems),Single Family,2,1743600.0
60601,1343,3,3.5,1978,0.03,None,Condo,1,480200.0
33101,1192,2,3.0,2015,0.045,None,Condo,0,613000.0
02108,1098,1,2.0,1984,0.031,None,Condo,1,618400.0
90210,729,1,1.5,1964,0.028,Minor (Cosmetic),Condo,1,535300.0
80202,864,1,1.5,1954,0.23,Minor (Cosmetic),Single Family,3,411500.0
30301,2584,5,5.5,1959,0.53,None,Single Family,2,777800.0
78701,3095,5,6.0,1973,0.08,None,Single Family,2,1293500.0
75001,2418,4,4.5,1997,0.88,None,Single Family,1,715000.0
85001,2772,4,5.0,1999,0.44,Major (Structural/Systems),Multi-Family,1,1049400.0
10001,2009,2,2.5,2017,0.111,Major (Structural/Systems),Townhouse,1,2156700.0
60601,2437,4,5.5,1969,1.12,Minor (Cosmetic),Single Family,2,1000700.0
33101,3764,6,6.0,1952,0.09,Major (Structural/Systems),Single Family,3,1960200.0
85001,3424,5,6.0,2017,0.3,Major (Structural/Systems),Single Family,2,1327400.0
85001,3219,6,6.0,2006,0.23,None,Single Family,2,1064900.0
60601,3068,4,5.0,1984,0.27,Minor (Cosmetic),Single Family,3,1132900.0
10001,1532,2,2.5,1979,0.08,None,Single Family,2,1158100.0
75001,2098,3,3.5,2019,0.113,None,Townhouse,2,640600.0
94102,1231,2,3.0,1977,0.048,Minor (Cosmetic),Condo,1,793700.0
75001,2954,5,6.0,2014,0.4,Minor (Cosmetic),Single Family,2,1006700.0
30301,2869,4,5.5,1986,0.1,None,Single Family,2,824400.0
98101,2839,4,5.5,1968,0.54,Major (Structural/Systems),Single Family,2,1681700.0
33101,3015,5,6.0,1973,0.098,Major (Structural/Systems),Townhouse,1,1487100.0
80202,1765,2,3.0,1950,0.086,None,Townhouse,3,710600.0
80202,2221,3,4.0,1959,0.054,Minor (Cosmetic),Townhouse,2,825000.0
02108,2146,2,3.0,1959,0.08,Full Gut Rehab,Single Family,3,1542400.0
60601,1376,2,3.0,2012,0.034,None,Condo,1,535200.0
85001,3204,5,6.0,1995,0.08,None,Single Family,2,1020200.0
85001,1227,3,3.5,1962,0.039,Major (Structural/Systems),Condo,2,425800.0
10001,3751,6,6.0,1964,0.08,None,Single Family,2,3041600.0
30301,1836,4,5.0,1972,0.84,Full Gut Rehab,Single Family,2,719900.0
60601,929,2,2.5,1970,0.046,Minor (Cosmetic),Condo,0,352900.0
02108,2659,4,5.5,2013,0.12,Minor (Cosmetic),Single Family,2,2077300.0
90210,3160,5,6.0,2018,0.08,None,Single Family,3,2850400.0
02108,2634,4,5.0,1940,0.33,None,Single Family,1,1673800.0
30301,3464,6,6.0,1993,0.21,Minor (Cosmetic),Single Family,3,1126000.0
33101,2003,3,4.0,1955,0.08,Minor (Cosmetic),Single Family,1,960100.0
60601,1644,3,3.5,2024,0.27,None,Single Family,1,715300.0
02108,2731,4,5.0,1998,1.72,Major (Structural/Systems),Single Family,2,2239100.0
60601,2442,3,4.5,2005,0.08,Major (Structural/Systems),Single Family,3,1126800.0
90210,3634,5,6.0,1942,0.11,None,Multi-Family,2,2946000.0
98101,2479,4,5.5,1954,0.27,Full Gut Rehab,Single Family,2,1526000.0
33101,2244,3,3.5,1971,0.55,Major (Structural/Systems),Single Family,2,1093500.0
94102,2443,4,5.0,1989,0.08,Major (Structural/Systems),Single Family,1,2089000.0
75001,1812,3,4.0,1999,0.099,None,Townhouse,2,542700.0
10001,993,1,1.5,1947,0.016,None,Condo,0,677100.0
33101,2347,3,4.5,1946,0.62,Minor (Cosmetic),Single Family,3,1151200.0
98101,958,2,2.5,1943,0.038,Minor (Cosmetic),Condo,1,484500.0
33101,1399,2,2.5,1949,0.028,Major (Structural/Systems),Condo,1,661800.0
94102,1167,2,2.0,1999,0.043,None,Condo,0,810300.0
90210,1889,3,4.0,1964,0.039,None,Condo,1,1335700.0
30301,1872,3,4.0,1981,0.101,Minor (Cosmetic),Townhouse,2,557800.0
02108,1552,3,3.5,1986,0.063,None,Townhouse,1,974100.0
75001,2034,3,3.5,1971,0.035,None,Condo,0,471900.0
85001,2810,4,5.0,2013,0.08,None,Single Family,2,913800.0
10001,1446,2,3.0,2012,0.043,None,Condo,1,1319000.0
02108,2066,3,4.0,1964,0.082,None,Townhouse,3,1178900.0
33101,2967,4,5.5,1955,0.61,Major (Structural/Systems),Single Family,2,1578900.0
85001,3628,5,6.0,1988,0.08,Major (Structural/Systems),Multi-Family,2,1334300.0
30301,1673,2,2.5,1955,0.08,Minor (Cosmetic),Single Family,2,502100.0
78701,2775,4,5.0,1977,0.41,Minor (Cosmetic),Single Family,2,1268100.0
75001,1203,2,2.5,1944,0.045,Minor (Cosmetic),Townhouse,0,297900.0
94102,2369,3,4.5,1946,0.1,Major (Structural/Systems),Single Family,2,1929500.0
85001,1955,3,4.0,2016,0.84,Major (Structural/Systems),Single Family,2,854900.0
85001,2768,5,5.5,1947,0.08,None,Single Family,1,786000.0
10001,2750,4,5.5,1972,0.16,Full Gut Rehab,Single Family,2,2747800.0
02108,2860,5,6.0,2001,1.02,Major (Structural/Systems),Single Family,2,2405000.0
94102,2715,4,4.5,2013,0.08,None,Single Family,2,2145000.0
02108,2044,2,3.0,2023,0.21,Minor (Cosmetic),Single Family,3,1659300.0
75001,2991,4,5.0,1971,0.54,Minor (Cosmetic),Multi-Family,2,943600.0
98101,3936,6,6.0,1940,0.84,None,Multi-Family,1,1975200.0
94102,3300,5,5.5,1959,0.47,None,Single Family,2,2272200.0
98101,698,1,1.5,1994,0.046,Minor (Cosmetic),Condo,0,360500.0
85001,1351,2,2.5,2002,0.08,Major (Structural/Systems),Single Family,2,527400.0
33101,1954,2,3.0,2017,0.08,Full Gut Rehab,Single Family,2,1253200.0
80202,3283,5,6.0,2018,0.47,None,Single Family,0,1571400.0
10001,4171,6,6.0,1945,0.49,Minor (Cosmetic),Multi-Family,2,3799000.0
85001,1383,2,2.5,1991,0.088,Major (Structural/Systems),Townhouse,1,466900.0
75001,2730,4,5.5,1941,0.46,Minor (Cosmetic),Single Family,3,832400.0
02108,3875,6,6.0,1978,0.68,Minor (Cosmetic),Single Family,3,2490600.0
90210,2811,5,6.0,1971,0.28,None,Single Family,2,2120100.0
90210,3566,6,6.0,1990,1.03,Major (Structural/Systems),Single Family,2,3129700.0
94102,1449,3,3.5,2008,0.038,Minor (Cosmetic),Condo,1,1114900.0
78701,1817,3,3.5,1971,0.22,None,Single Family,2,753500.0
30301,1033,2,2.0,1942,0.027,Full Gut Rehab,Condo,1,333800.0
78701,2526,4,5.5,2001,0.49,Full Gut Rehab,Single Family,1,1475100.0
75001,1846,3,3.5,1952,0.09,Minor (Cosmetic),Townhouse,3,517300.0
80202,1420,2,3.5,2009,0.043,Major (Structural/Systems),Condo,1,679400.0
60601,2806,4,5.0,1960,0.53,Minor (Cosmetic),Single Family,1,1033500.0
60601,550,1,1.5,2000,0.031,Minor (Cosmetic),Condo,2,242300.0
10001,1209,2,2.5,1953,0.116,Minor (Cosmetic),Townhouse,2,1013100.0
98101,859,2,2.5,2010,0.43,Full Gut Rehab,Single Family,3,757800.0
33101,2631,4,5.5,1961,0.08,None,Single Family,2,1126500.0
90210,1908,3,4.5,1971,0.089,Minor (Cosmetic),Townhouse,1,1445300.0
98101,2712,4,5.0,1980,0.08,None,Single Family,2,1327000.0
78701,1780,3,3.5,1971,0.29,None,Single Family,2,764700.0
85001,3005,4,5.5,1981,0.55,None,Single Family,3,969600.0
80202,2122,3,3.5,1991,0.105,Full Gut Rehab,Townhouse,2,958900.0
75001,660,2,2.0,2020,0.036,None,Condo,1,230800.0
80202,1140,2,2.0,1993,0.103,Minor (Cosmetic),Townhouse,4,544000.0
75001,2499,4,5.5,2001,0.22,Minor (Cosmetic),Single Family,3,845000.0
33101,3843,6,6.0,2024,0.28,Minor (Cosmetic),Single Family,1,2313800.0
30301,1694,2,2.5,1982,0.045,Major (Structural/Systems),Condo,1,459200.0
80202,1297,2,3.0,1942,0.03,Major (Structural/Systems),Condo,0,535400.0
33101,1952,2,3.0,1977,0.15,None,Single Family,1,812800.0
33101,3165,5,6.0,2020,0.56,Major (Structural/Systems),Single Family,3,2087100.0
80202,2160,3,4.5,1978,0.08,Minor (Cosmetic),Single Family,3,937700.0
94102,831,1,1.5,2009,0.048,Full Gut Rehab,Condo,1,755500.0
94102,900,1,1.5,2024,0.067,Major (Structural/Systems),Townhouse,4,979700.0
90210,1135,2,2.5,1984,0.035,None,Condo,0,768000.0
30301,2696,4,5.0,1985,0.4,Minor (Cosmetic),Multi-Family,2,892800.0
10001,2572,3,4.0,1952,0.08,Major (Structural/Systems),Single Family,1,2260700.0
10001,900,3,3.0,1991,0.106,None,Townhouse,2,712600.0
60601,1876,3,4.0,1948,0.086,None,Townhouse,3,666200.0
98101,800,1,1.5,1996,0.14,None,Single Family,2,440800.0
78701,4070,7,6.0,2008,0.67,None,Multi-Family,3,2138900.0
10001,2891,5,6.0,1982,0.34,Major (Structural/Systems),Single Family,3,3018500.0
85001,1674,2,3.0,1946,0.103,None,Townhouse,1,465700.0
30301,2053,3,3.5,1983,0.119,Major (Structural/Systems),Townhouse,2,655800.0
30301,757,1,1.5,1983,0.015,Minor (Cosmetic),Condo,0,211200.0
98101,1125,3,3.5,2007,0.04,Minor (Cosmetic),Condo,1,700500.0
60601,3096,4,5.0,2016,0.5,Major (Structural/Systems),Single Family,2,1505000.0
94102,800,1,1.5,1983,0.73,None,Single Family,2,617600.0
90210,2164,3,4.0,2018,0.18,None,Single Family,3,1972400.0
90210,1092,1,2.0,1979,0.045,None,Condo,1,743600.0
78701,1031,1,1.5,2016,0.036,None,Condo,2,488000.0
80202,2455,3,4.5,1982,0.046,Minor (Cosmetic),Townhouse,2,986800.0
78701,1657,2,3.0,2001,0.08,None,Single Family,1,725400.0
90210,1520,3,3.0,1982,0.079,Major (Structural/Systems),Townhouse,2,1289400.0
80202,937,2,2.5,1958,0.103,Major (Structural/Systems),Townhouse,2,465600.0
60601,1628,3,3.5,1988,0.025,None,Condo,0,522300.0
80202,2315,4,4.5,2004,0.67,None,Single Family,0,1067600.0
60601,2171,3,4.5,2016,0.24,Minor (Cosmetic),Single Family,2,1013100.0
10001,2460,4,5.0,1964,0.08,Major (Structural/Systems),Single Family,3,2324700.0
75001,1322,2,2.0,2023,0.049,Minor (Cosmetic),Condo,1,447100.0
78701,1221,2,2.5,1980,0.03,None,Condo,0,443300.0
10001,5318,7,6.0,1962,0.37,None,Multi-Family,2,4318900.0
10001,2840,4,5.0,1997,0.08,None,Single Family,3,2414000.0
33101,2151,3,4.0,1982,0.12,None,Single Family,2,946400.0
75001,903,1,1.0,1979,0.029,Minor (Cosmetic),Condo,0,205500.0
80202,1623,2,3.0,1969,0.108,Major (Structural/Systems),Townhouse,2,738700.0
02108,1124,1,2.0,1973,0.048,None,Townhouse,3,626100.0
30301,1817,2,3.0,1949,0.102,None,Townhouse,2,482500.0
33101,3087,4,5.5,1999,0.3,Major (Structural/Systems),Single Family,2,1813900.0
80202,885,2,2.5,1940,0.03,Full Gut Rehab,Condo,0,407800.0
80202,1436,2,2.5,1951,0.11,Minor (Cosmetic),Townhouse,1,549700.0
10001,3636,6,6.0,1985,0.08,Major (Structural/Systems),Single Family,1,3351600.0
33101,1430,1,2.5,2014,1.64,None,Single Family,1,865200.0
98101,949,1,1.5,1956,0.67,Full Gut Rehab,Single Family,1,603000.0
85001,1635,2,2.5,2023,0.14,Major (Structural/Systems),Single Family,2,689800.0
80202,560,1,1.0,1997,0.028,Major (Structural/Systems),Condo,1,266100.0
80202,2789,6,6.0,1977,0.08,None,Single Family,2,1203300.0
78701,2229,4,5.5,1945,0.26,Minor (Cosmetic),Single Family,2,1007500.0
30301,2335,4,5.0,2001,0.28,None,Single Family,2,755800.0
75001,1503,2,3.0,2023,0.047,Minor (Cosmetic),Condo,0,482300.0
80202,1981,4,5.0,2013,0.17,None,Single Family,0,976900.0
60601,1371,3,3.0,1949,0.033,Minor (Cosmetic),Condo,0,466200.0
78701,3633,6,6.0,1965,0.47,None,Single Family,3,1521100.0
78701,2158,3,4.0,1997,0.33,Major (Structural/Systems),Single Family,0,1139800.0
10001,3052,4,6.0,1956,0.08,Major (Structural/Systems),Single Family,1,2739600.0
80202,2318,3,4.0,1992,0.08,None,Single Family,1,984700.0
10001,3193,5,6.0,2017,0.08,Major (Structural/Systems),Single Family,2,3674300.0
30301,1321,3,2.5,1944,0.09,None,Single Family,2,410900.0
98101,1059,1,1.5,2006,0.066,None,Townhouse,3,584500.0
85001,963,2,2.0,1959,0.04,Minor (Cosmetic),Condo,1,290100.0
78701,1833,2,2.5,1990,0.08,Minor (Cosmetic),Single Family,1,789800.0
33101,2112,3,4.0,1985,0.6,None,Single Family,2,974000.0
78701,3024,5,6.0,2018,0.11,None,Multi-Family,2,1731900.0
94102,1352,2,2.5,2006,0.035,Minor (Cosmetic),Condo,0,987200.0
98101,2194,4,5.0,1942,0.28,Full Gut Rehab,Single Family,2,1352300.0
94102,811,1,1.5,1962,0.016,None,Condo,1,492200.0
33101,976,2,1.5,1948,0.021,None,Condo,0,392100.0
80202,830,1,1.0,1950,0.022,Minor (Cosmetic),Condo,0,312400.0
75001,1799,2,3.0,1986,0.34,Major (Structural/Systems),Single Family,0,538500.0
10001,1290,1,2.0,1988,0.54,None,Single Family,3,1038500.0
10001,2552,4,5.0,1983,1.96,None,Single Family,2,2240400.0
98101,1544,2,3.0,1952,0.048,None,Townhouse,2,735100.0
30301,1438,3,3.5,1947,0.048,Minor (Cosmetic),Condo,0,415400.0
60601,1414,2,3.0,2002,0.29,None,Single Family,1,583100.0
80202,1556,2,2.5,1961,0.069,None,Townhouse,1,566700.0
78701,2615,4,5.0,1977,0.063,None,Townhouse,1,981600.0
94102,2448,4,5.0,1966,0.08,Minor (Cosmetic),Multi-Family,2,1860900.0
85001,1693,3,4.0,1965,0.085,Minor (Cosmetic),Townhouse,3,587300.0
33101,2227,4,5.0,1962,1.02,Major (Structural/Systems),Multi-Family,2,1286900.0
02108,1488,3,3.5,2004,0.08,Minor (Cosmetic),Single Family,3,1129500.0
78701,2496,4,5.5,2013,0.075,Minor (Cosmetic),Townhouse,2,1297000.0
94102,1876,3,4.0,1986,0.056,Minor (Cosmetic),Townhouse,2,1359600.0
85001,2600,5,5.5,2000,0.08,Minor (Cosmetic),Single Family,2,845200.0
10001,1227,2,2.5,1985,0.71,None,Single Family,3,1041100.0
33101,3486,6,6.0,1943,0.11,Major (Structural/Systems),Multi-Family,3,1952300.0
10001,3368,5,6.0,1970,0.1,Major (Structural/Systems),Single Family,2,2990200.0
60601,2317,3,4.0,1943,0.113,Minor (Cosmetic),Townhouse,3,875000.0
75001,3001,5,6.0,1968,0.17,None,Single Family,2,784600.0
33101,1652,2,2.5,2012,0.08,Minor (Cosmetic),Single Family,3,903400.0
33101,2734,4,5.5,2018,0.45,None,Single Family,2,1461300.0
30301,3000,4,6.0,1983,0.25,None,Single Family,2,884700.0
90210,550,2,2.0,1942,0.041,Major (Structural/Systems),Condo,1,451900.0
98101,707,2,2.0,1998,0.033,Minor (Cosmetic),Condo,1,427000.0
10001,3166,5,6.0,2018,0.15,Major (Structural/Systems),Single Family,1,3804100.0
85001,3157,5,6.0,1992,0.08,Major (Structural/Systems),Single Family,1,1143600.0
98101,1338,2,2.5,1950,0.7,None,Single Family,2,665000.0
60601,3096,5,6.0,1945,0.08,Minor (Cosmetic),Single Family,2,1154100.0
60601,1133,1,2.0,1986,0.049,None,Condo,1,339500.0
10001,3085,5,6.0,1946,0.1,Major (Structural/Systems),Single Family,1,2977000.0
10001,2024,4,5.0,2007,0.61,Minor (Cosmetic),Single Family,3,2121700.0
02108,2983,5,6.0,2024,0.54,Minor (Cosmetic),Single Family,2,2525900.0
80202,3132,4,5.5,1940,0.22,None,Single Family,0,1178500.0
10001,2236,3,4.5,1995,0.18,Minor (Cosmetic),Single Family,2,2084800.0
90210,2513,3,3.5,2016,0.43,Minor (Cosmetic),Single Family,2,2427300.0
30301,1508,2,2.5,1982,0.082,Major (Structural/Systems),Townhouse,1,468300.0
85001,2543,3,4.0,1967,0.091,None,Townhouse,3,726000.0
98101,1745,2,2.5,1968,0.078,Minor (Cosmetic),Townhouse,3,830100.0
98101,1808,4,4.0,1957,0.29,Major (Structural/Systems),Single Family,0,1051200.0
90210,1963,3,4.0,2012,0.08,None,Single Family,1,1826300.0
60601,2595,4,5.0,2001,0.08,Full Gut Rehab,Single Family,2,1234900.0
75001,1363,2,3.0,1945,0.024,None,Condo,2,380100.0
94102,2131,3,4.0,1955,0.22,Full Gut Rehab,Multi-Family,2,1883200.0
94102,3885,6,6.0,1940,0.83,Major (Structural/Systems),Single Family,2,3281600.0
75001,2731,4,5.0,1961,0.19,Major (Structural/Systems),Single Family,4,828800.0
33101,1263,2,2.5,1985,0.027,None,Condo,1,533400.0
90210,1756,3,3.5,2001,0.094,None,Townhouse,2,1437000.0
33101,1808,2,3.0,1962,0.057,None,Townhouse,2,765500.0
02108,1048,2,2.5,1960,0.045,Major (Structural/Systems),Condo,0,655000.0
98101,4014,6,6.0,1990,0.2,None,Multi-Family,4,2336400.0
60601,2494,4,5.0,1977,0.93,Minor (Cosmetic),Single Family,2,937500.0
75001,2145,3,4.0,1967,0.062,Major (Structural/Systems),Townhouse,2,693400.0
98101,2852,5,6.0,1983,0.22,Minor (Cosmetic),Multi-Family,2,1598400.0
85001,1888,2,3.0,1978,0.102,Major (Structural/Systems),Townhouse,1,604400.0
98101,1897,2,3.5,1981,0.28,Minor (Cosmetic),Single Family,1,933600.0
75001,3412,5,6.0,1981,0.38,Minor (Cosmetic),Single Family,2,938200.0
80202,1874,3,4.0,1999,0.12,Minor (Cosmetic),Single Family,3,811600.0
30301,2256,4,5.0,1996,0.14,Major (Structural/Systems),Single Family,2,863400.0
30301,1658,3,3.5,2016,0.081,None,Townhouse,2,582700.0
94102,2234,2,3.5,1946,0.08,None,Single Family,1,1373800.0
85001,3041,5,6.0,1990,0.08,Full Gut Rehab,Single Family,3,1116300.0
75001,989,1,1.5,2016,0.044,None,Condo,1,266600.0
75001,3545,6,6.0,1971,0.52,None,Single Family,1,932300.0
10001,1886,3,4.0,1946,0.94,Minor (Cosmetic),Single Family,0,1619700.0
75001,2627,4,5.0,2015,0.31,Major (Structural/Systems),Single Family,4,1041800.0
30301,828,1,2.0,1979,0.027,None,Condo,1,228700.0
02108,2815,4,6.0,1954,0.08,None,Single Family,1,1789900.0
85001,1792,2,3.0,1998,0.108,Minor (Cosmetic),Townhouse,1,542500.0
90210,2383,4,5.0,2024,0.21,Minor (Cosmetic),Single Family,4,2433200.0
94102,2334,3,3.5,1951,0.085,None,Townhouse,1,1457400.0
78701,2009,4,4.5,2016,0.13,Full Gut Rehab,Single Family,2,1261900.0
78701,2939,4,5.5,1981,0.26,Minor (Cosmetic),Single Family,2,1318000.0
33101,1923,3,3.5,1978,0.53,Minor (Cosmetic),Single Family,1,941300.0
90210,2584,3,5.0,2002,0.44,None,Single Family,2,2073600.0
85001,1603,2,3.0,1941,1.58,Full Gut Rehab,Single Family,3,654400.0
90210,2003,4,5.0,1968,0.24,None,Single Family,2,1538000.0
94102,2438,4,5.0,2000,0.26,Major (Structural/Systems),Single Family,2,2309000.0
90210,1735,3,3.5,1968,0.012,None,Condo,1,1236900.0
78701,2575,5,5.5,1977,0.17,Minor (Cosmetic),Single Family,3,1187800.0
85001,3741,5,6.0,1946,0.89,Minor (Cosmetic),Single Family,1,1142400.0
33101,1177,1,1.5,1969,0.024,None,Condo,1,466500.0
75001,1625,2,3.0,1995,0.101,None,Townhouse,2,446100.0
90210,3654,6,6.0,1975,1.33,None,Single Family,2,2697000.0
78701,2827,5,6.0,1981,0.08,Major (Structural/Systems),Single Family,2,1316000.0
80202,2685,5,5.5,1943,0.14,Minor (Cosmetic),Multi-Family,2,1288500.0
78701,2852,5,6.0,2023,0.23,Minor (Cosmetic),Single Family,2,1575200.0
90210,2965,5,6.0,1944,0.09,Minor (Cosmetic),Multi-Family,1,2500700.0
60601,1008,1,2.5,1985,0.08,None,Single Family,1,372900.0
78701,2221,4,5.0,2014,0.077,Minor (Cosmetic),Townhouse,2,1167400.0
60601,3321,5,6.0,1941,0.27,Minor (Cosmetic),Single Family,3,1315200.0
80202,2627,3,4.5,1993,0.09,None,Townhouse,2,1058000.0
94102,2816,5,5.5,1998,0.61,None,Single Family,1,2153300.0
